/*--------------------------------*- C++ -*----------------------------------*\
| =========                 |                                                 |
| \\      /  F ield         | OpenFOAM: The Open Source CFD Toolbox           |
|  \\    /   O peration     | Version:  2412                                  |
|   \\  /    A nd           | Website:  www.openfoam.com                      |
|    \\/     M anipulation  |                                                 |
\*---------------------------------------------------------------------------*/
FoamFile
{
    version     2.0;
    format      ascii;
    arch        "LSB;label=32;scalar=64";
    class       labelList;
    location    "constant/polyMesh";
    object      cellProcAddressing;
}
// * * * * * * * * * * * * * * * * * * * * * * * * * * * * * * * * * * * * * //


85333
(
0
1
2
3
4
5
6
7
8
9
10
11
12
13
14
15
16
17
18
19
20
21
22
23
24
25
26
27
28
29
30
31
32
33
34
35
36
37
38
39
40
41
42
43
44
45
46
47
48
49
50
51
52
53
54
55
56
57
58
59
60
61
62
63
64
65
66
67
68
69
70
71
72
73
74
75
76
77
78
79
80
81
82
83
84
85
86
87
88
89
90
91
92
93
94
95
96
97
98
99
100
101
102
103
104
105
106
107
108
109
110
111
112
113
114
115
116
117
118
119
120
121
122
123
124
125
126
127
128
129
130
131
132
133
134
135
136
137
138
139
140
141
142
143
144
145
146
147
148
149
150
151
152
153
154
155
156
157
158
159
160
161
162
163
164
165
166
167
168
169
170
171
172
173
174
175
176
177
178
179
180
181
182
183
184
185
186
187
188
189
190
191
192
193
194
195
196
197
198
199
200
201
202
203
204
205
206
207
208
209
210
211
212
213
214
215
216
217
218
219
220
221
222
223
224
225
226
227
228
229
230
231
232
233
234
235
236
237
238
239
240
241
242
243
244
245
246
247
248
249
250
251
252
253
254
255
256
257
258
259
260
261
262
263
264
265
266
267
268
269
270
271
272
273
274
275
276
277
278
279
280
281
282
283
284
285
286
287
288
289
290
291
292
293
294
295
296
297
298
299
300
301
302
303
304
305
306
307
308
309
310
311
312
313
314
315
316
317
318
319
320
321
322
323
324
325
326
327
328
329
330
331
332
333
334
335
336
337
338
339
340
341
342
343
344
345
346
347
348
349
350
351
352
353
354
355
356
357
358
359
360
361
362
363
364
365
366
367
368
369
370
371
372
373
374
375
376
377
378
379
380
381
382
383
384
385
386
387
388
389
390
391
392
393
394
395
396
397
398
399
400
401
402
403
404
405
406
407
408
409
410
411
412
413
414
415
416
417
418
419
420
421
422
423
424
425
426
427
428
429
430
431
432
433
434
435
436
437
438
439
440
441
442
443
444
445
446
447
448
449
450
451
452
453
454
455
456
457
458
459
460
461
462
463
464
465
466
467
468
469
470
471
472
473
474
475
476
477
478
479
480
481
482
483
484
485
486
487
488
489
490
491
492
493
494
495
496
497
498
499
500
501
502
503
504
505
506
507
508
509
510
511
512
513
514
515
516
517
518
519
520
521
522
523
524
525
526
527
528
529
530
531
532
533
534
535
536
537
538
539
540
541
542
543
544
545
546
547
548
549
550
551
552
553
554
555
556
557
558
559
560
561
562
563
564
565
566
567
568
569
570
571
572
573
574
575
576
577
578
579
580
581
582
583
584
585
586
587
588
589
590
591
592
593
594
595
596
597
598
599
600
601
602
603
604
605
606
607
608
609
610
611
612
613
614
615
616
617
618
619
620
621
622
623
624
625
626
627
628
629
630
631
632
633
634
635
636
637
638
639
640
641
642
643
644
645
646
647
648
649
650
651
652
653
654
655
656
657
658
659
660
661
662
663
664
665
666
667
668
669
670
671
672
673
674
675
676
677
678
679
680
681
682
683
684
685
686
687
688
689
690
691
692
693
694
695
696
697
698
699
700
701
702
703
704
705
706
707
708
709
710
711
712
713
714
715
716
717
718
719
720
721
722
723
724
725
726
727
728
729
730
731
732
733
734
735
736
737
738
739
740
741
742
743
744
745
746
747
748
749
750
751
752
753
754
755
756
757
758
759
760
761
762
763
764
765
766
767
768
769
770
771
772
773
774
775
776
777
778
779
780
781
782
783
784
785
786
787
788
789
790
791
792
793
794
795
796
797
798
799
800
801
802
803
804
805
806
807
808
809
810
811
812
813
814
815
816
817
818
819
820
821
822
823
824
825
826
827
828
829
830
831
832
833
834
835
836
837
838
839
840
841
842
843
844
845
846
847
848
849
850
851
852
853
854
855
856
857
858
859
860
861
862
863
864
865
866
867
868
869
870
871
872
873
874
875
876
877
878
879
880
881
882
883
884
885
886
887
888
889
890
891
892
893
894
895
896
897
898
899
900
901
902
903
904
905
906
907
908
909
910
911
912
913
914
915
916
917
918
919
920
921
922
923
924
925
926
927
928
929
930
931
932
933
934
935
936
937
938
939
940
941
942
943
944
945
946
947
948
949
950
951
952
953
954
955
956
957
958
959
960
961
962
963
964
965
966
967
968
969
970
971
972
973
974
975
976
977
978
979
980
981
982
983
984
985
986
987
988
989
990
991
992
993
994
995
996
997
998
999
1000
1001
1002
1003
1004
1005
1006
1007
1008
1009
1010
1011
1012
1013
1014
1015
1016
1017
1018
1019
1020
1021
1022
1023
1024
1025
1026
1027
1028
1029
1030
1031
1032
1033
1034
1035
1036
1037
1038
1039
1056
1057
1058
1059
1060
1061
1062
1063
1064
1065
1066
1067
1068
1069
1070
1071
1072
1073
1074
1075
1076
1077
1078
1079
1080
1081
1082
1083
1084
1085
1086
1087
1088
1089
1090
1091
1092
1093
1094
1095
1096
1097
1098
1099
1100
1101
1102
1103
1104
1105
1106
1107
1108
1109
1110
1111
1112
1113
1114
1115
1116
1117
1118
1119
6400
6401
6402
6403
6404
6405
6406
6407
6408
6409
6410
6411
6412
6413
6414
6415
6416
6417
6418
6419
6420
6421
6422
6423
6424
6425
6426
6427
6428
6429
6430
6431
6432
6433
6434
6435
6436
6437
6438
6439
6440
6441
6442
6443
6444
6445
6446
6447
6448
6449
6450
6451
6452
6453
6454
6455
6456
6457
6458
6459
6460
6461
6462
6463
6464
6465
6466
6467
6468
6469
6470
6471
6472
6473
6474
6475
6476
6477
6478
6479
6480
6481
6482
6483
6484
6485
6486
6487
6488
6489
6490
6491
6492
6493
6494
6495
6496
6497
6498
6499
6500
6501
6502
6503
6504
6505
6506
6507
6508
6509
6510
6511
6512
6513
6514
6515
6516
6517
6518
6519
6520
6521
6522
6523
6524
6525
6526
6527
6528
6529
6530
6531
6532
6533
6534
6535
6536
6537
6538
6539
6540
6541
6542
6543
6544
6545
6546
6547
6548
6549
6550
6551
6552
6553
6554
6555
6556
6557
6558
6559
6560
6561
6562
6563
6564
6565
6566
6567
6568
6569
6570
6571
6572
6573
6574
6575
6576
6577
6578
6579
6580
6581
6582
6583
6584
6585
6586
6587
6588
6589
6590
6591
6592
6593
6594
6595
6596
6597
6598
6599
6600
6601
6602
6603
6604
6605
6606
6607
6608
6609
6610
6611
6612
6613
6614
6615
6616
6617
6618
6619
6620
6621
6622
6623
6624
6625
6626
6627
6628
6629
6630
6631
6632
6633
6634
6635
6636
6637
6638
6639
6640
6641
6642
6643
6644
6645
6646
6647
6648
6649
6650
6651
6652
6653
6654
6655
6656
6657
6658
6659
6660
6661
6662
6663
6664
6665
6666
6667
6668
6669
6670
6671
6672
6673
6674
6675
6676
6677
6678
6679
6680
6681
6682
6683
6684
6685
6686
6687
6688
6689
6690
6691
6692
6693
6694
6695
6696
6697
6698
6699
6700
6701
6702
6703
6704
6705
6706
6707
6708
6709
6710
6711
6712
6713
6714
6715
6716
6717
6718
6719
6720
6721
6722
6723
6724
6725
6726
6727
6728
6729
6730
6731
6732
6733
6734
6735
6736
6737
6738
6739
6740
6741
6742
6743
6744
6745
6746
6747
6748
6749
6750
6751
6752
6753
6754
6755
6756
6757
6758
6759
6760
6761
6762
6763
6764
6765
6766
6767
6768
6769
6770
6771
6772
6773
6774
6775
6776
6777
6778
6779
6780
6781
6782
6783
6784
6785
6786
6787
6788
6789
6790
6791
6792
6793
6794
6795
6796
6797
6798
6799
6800
6801
6802
6803
6804
6805
6806
6807
6808
6809
6810
6811
6812
6813
6814
6815
6816
6817
6818
6819
6820
6821
6822
6823
6824
6825
6826
6827
6828
6829
6830
6831
6832
6833
6834
6835
6836
6837
6838
6839
6840
6841
6842
6843
6844
6845
6846
6847
6848
6849
6850
6851
6852
6853
6854
6855
6856
6857
6858
6859
6860
6861
6862
6863
6864
6865
6866
6867
6868
6869
6870
6871
6872
6873
6874
6875
6876
6877
6878
6879
6880
6881
6882
6883
6884
6885
6886
6887
6888
6889
6890
6891
6892
6893
6894
6895
6896
6897
6898
6899
6900
6901
6902
6903
6904
6905
6906
6907
6908
6909
6910
6911
6912
6913
6914
6915
6916
6917
6918
6919
6920
6921
6922
6923
6924
6925
6926
6927
6928
6929
6930
6931
6932
6933
6934
6935
6936
6937
6938
6939
6940
6941
6942
6943
6944
6945
6946
6947
6948
6949
6950
6951
6952
6953
6954
6955
6956
6957
6958
6959
6960
6961
6962
6963
6964
6965
6966
6967
6968
6969
6970
6971
6972
6973
6974
6975
6976
6977
6978
6979
6980
6981
6982
6983
6984
6985
6986
6987
6988
6989
6990
6991
6992
6993
6994
6995
6996
6997
6998
6999
7000
7001
7002
7003
7004
7005
7006
7007
7008
7009
7010
7011
7012
7013
7014
7015
7016
7017
7018
7019
7020
7021
7022
7023
7024
7025
7026
7027
7028
7029
7030
7031
7032
7033
7034
7035
7036
7037
7038
7039
7040
7041
7042
7043
7044
7045
7046
7047
7048
7049
7050
7051
7052
7053
7054
7055
7056
7057
7058
7059
7060
7061
7062
7063
7064
7065
7066
7067
7068
7069
7070
7071
7072
7073
7074
7075
7076
7077
7078
7079
7080
7081
7082
7083
7084
7085
7086
7087
7088
7089
7090
7091
7092
7093
7094
7095
7096
7097
7098
7099
7100
7101
7102
7103
7104
7105
7106
7107
7108
7109
7110
7111
7112
7113
7114
7115
7116
7117
7118
7119
7120
7121
7122
7123
7124
7125
7126
7127
7128
7129
7130
7131
7132
7133
7134
7135
7136
7137
7138
7139
7140
7141
7142
7143
7144
7145
7146
7147
7148
7149
7150
7151
7152
7153
7154
7155
7156
7157
7158
7159
7160
7161
7162
7163
7164
7165
7166
7167
7168
7169
7170
7171
7172
7173
7174
7175
7176
7177
7178
7179
7180
7181
7182
7183
7184
7185
7186
7187
7188
7189
7190
7191
7192
7193
7194
7195
7196
7197
7198
7199
7200
7201
7202
7203
7204
7205
7206
7207
7208
7209
7210
7211
7212
7213
7214
7215
7216
7217
7218
7219
7220
7221
7222
7223
7224
7225
7226
7227
7228
7229
7230
7231
7232
7233
7234
7235
7236
7237
7238
7239
7240
7241
7242
7243
7244
7245
7246
7247
7248
7249
7250
7251
7252
7253
7254
7255
7256
7257
7258
7259
7260
7261
7262
7263
7264
7265
7266
7267
7268
7269
7270
7271
7272
7273
7274
7275
7276
7277
7278
7279
7280
7281
7282
7283
7284
7285
7286
7287
7288
7289
7290
7291
7292
7293
7294
7295
7296
7297
7298
7299
7300
7301
7302
7303
7304
7305
7306
7307
7308
7309
7310
7311
7312
7313
7314
7315
7316
7317
7318
7319
7320
7321
7322
7323
7324
7325
7326
7327
7328
7329
7330
7331
7332
7333
7334
7335
7336
7337
7338
7339
7340
7341
7342
7343
7344
7345
7346
7347
7348
7349
7350
7351
7352
7353
7354
7355
7356
7357
7358
7359
7360
7361
7362
7363
7364
7365
7366
7367
7368
7369
7370
7371
7372
7373
7374
7375
7376
7377
7378
7379
7380
7381
7382
7383
7384
7385
7386
7387
7388
7389
7390
7391
7392
7393
7394
7395
7396
7397
7398
7399
7400
7401
7402
7403
7404
7405
7406
7407
7408
7409
7410
7411
7412
7413
7414
7415
7416
7417
7418
7419
7420
7421
7422
7423
7424
7425
7426
7427
7428
7429
7430
7431
7432
7433
7434
7435
7436
7437
7438
7439
7457
7458
7459
7460
7461
7462
7463
7464
7465
7466
7467
7468
7469
7470
7471
7472
7473
7474
7475
7476
7477
7478
7479
7480
7481
7482
7483
7484
7485
7486
7487
7488
7489
7490
7491
7492
7493
7494
7495
7496
7497
7498
7499
7500
7501
7502
7503
7504
7505
7506
7507
7508
7509
7510
7511
7512
7513
7514
7515
7516
7517
7518
7519
12800
12801
12802
12803
12804
12805
12806
12807
12808
12809
12810
12811
12812
12813
12814
12815
12816
12817
12818
12819
12820
12821
12822
12823
12824
12825
12826
12827
12828
12829
12830
12831
12832
12833
12834
12835
12836
12837
12838
12839
12840
12841
12842
12843
12844
12845
12846
12847
12848
12849
12850
12851
12852
12853
12854
12855
12856
12857
12858
12859
12860
12861
12862
12863
12864
12865
12866
12867
12868
12869
12870
12871
12872
12873
12874
12875
12876
12877
12878
12879
12880
12881
12882
12883
12884
12885
12886
12887
12888
12889
12890
12891
12892
12893
12894
12895
12896
12897
12898
12899
12900
12901
12902
12903
12904
12905
12906
12907
12908
12909
12910
12911
12912
12913
12914
12915
12916
12917
12918
12919
12920
12921
12922
12923
12924
12925
12926
12927
12928
12929
12930
12931
12932
12933
12934
12935
12936
12937
12938
12939
12940
12941
12942
12943
12944
12945
12946
12947
12948
12949
12950
12951
12952
12953
12954
12955
12956
12957
12958
12959
12960
12961
12962
12963
12964
12965
12966
12967
12968
12969
12970
12971
12972
12973
12974
12975
12976
12977
12978
12979
12980
12981
12982
12983
12984
12985
12986
12987
12988
12989
12990
12991
12992
12993
12994
12995
12996
12997
12998
12999
13000
13001
13002
13003
13004
13005
13006
13007
13008
13009
13010
13011
13012
13013
13014
13015
13016
13017
13018
13019
13020
13021
13022
13023
13024
13025
13026
13027
13028
13029
13030
13031
13032
13033
13034
13035
13036
13037
13038
13039
13040
13041
13042
13043
13044
13045
13046
13047
13048
13049
13050
13051
13052
13053
13054
13055
13056
13057
13058
13059
13060
13061
13062
13063
13064
13065
13066
13067
13068
13069
13070
13071
13072
13073
13074
13075
13076
13077
13078
13079
13080
13081
13082
13083
13084
13085
13086
13087
13088
13089
13090
13091
13092
13093
13094
13095
13096
13097
13098
13099
13100
13101
13102
13103
13104
13105
13106
13107
13108
13109
13110
13111
13112
13113
13114
13115
13116
13117
13118
13119
13120
13121
13122
13123
13124
13125
13126
13127
13128
13129
13130
13131
13132
13133
13134
13135
13136
13137
13138
13139
13140
13141
13142
13143
13144
13145
13146
13147
13148
13149
13150
13151
13152
13153
13154
13155
13156
13157
13158
13159
13160
13161
13162
13163
13164
13165
13166
13167
13168
13169
13170
13171
13172
13173
13174
13175
13176
13177
13178
13179
13180
13181
13182
13183
13184
13185
13186
13187
13188
13189
13190
13191
13192
13193
13194
13195
13196
13197
13198
13199
13200
13201
13202
13203
13204
13205
13206
13207
13208
13209
13210
13211
13212
13213
13214
13215
13216
13217
13218
13219
13220
13221
13222
13223
13224
13225
13226
13227
13228
13229
13230
13231
13232
13233
13234
13235
13236
13237
13238
13239
13240
13241
13242
13243
13244
13245
13246
13247
13248
13249
13250
13251
13252
13253
13254
13255
13256
13257
13258
13259
13260
13261
13262
13263
13264
13265
13266
13267
13268
13269
13270
13271
13272
13273
13274
13275
13276
13277
13278
13279
13280
13281
13282
13283
13284
13285
13286
13287
13288
13289
13290
13291
13292
13293
13294
13295
13296
13297
13298
13299
13300
13301
13302
13303
13304
13305
13306
13307
13308
13309
13310
13311
13312
13313
13314
13315
13316
13317
13318
13319
13320
13321
13322
13323
13324
13325
13326
13327
13328
13329
13330
13331
13332
13333
13334
13335
13336
13337
13338
13339
13340
13341
13342
13343
13344
13345
13346
13347
13348
13349
13350
13351
13352
13353
13354
13355
13356
13357
13358
13359
13360
13361
13362
13363
13364
13365
13366
13367
13368
13369
13370
13371
13372
13373
13374
13375
13376
13377
13378
13379
13380
13381
13382
13383
13384
13385
13386
13387
13388
13389
13390
13391
13392
13393
13394
13395
13396
13397
13398
13399
13400
13401
13402
13403
13404
13405
13406
13407
13408
13409
13410
13411
13412
13413
13414
13415
13416
13417
13418
13419
13420
13421
13422
13423
13424
13425
13426
13427
13428
13429
13430
13431
13432
13433
13434
13435
13436
13437
13438
13439
13440
13441
13442
13443
13444
13445
13446
13447
13448
13449
13450
13451
13452
13453
13454
13455
13456
13457
13458
13459
13460
13461
13462
13463
13464
13465
13466
13467
13468
13469
13470
13471
13472
13473
13474
13475
13476
13477
13478
13479
13480
13481
13482
13483
13484
13485
13486
13487
13488
13489
13490
13491
13492
13493
13494
13495
13496
13497
13498
13499
13500
13501
13502
13503
13504
13505
13506
13507
13508
13509
13510
13511
13512
13513
13514
13515
13516
13517
13518
13519
13520
13521
13522
13523
13524
13525
13526
13527
13528
13529
13530
13531
13532
13533
13534
13535
13536
13537
13538
13539
13540
13541
13542
13543
13544
13545
13546
13547
13548
13549
13550
13551
13552
13553
13554
13555
13556
13557
13558
13559
13560
13561
13562
13563
13564
13565
13566
13567
13568
13569
13570
13571
13572
13573
13574
13575
13576
13577
13578
13579
13580
13581
13582
13583
13584
13585
13586
13587
13588
13589
13590
13591
13592
13593
13594
13595
13596
13597
13598
13599
13600
13601
13602
13603
13604
13605
13606
13607
13608
13609
13610
13611
13612
13613
13614
13615
13616
13617
13618
13619
13620
13621
13622
13623
13624
13625
13626
13627
13628
13629
13630
13631
13632
13633
13634
13635
13636
13637
13638
13639
13640
13641
13642
13643
13644
13645
13646
13647
13648
13649
13650
13651
13652
13653
13654
13655
13656
13657
13658
13659
13660
13661
13662
13663
13664
13665
13666
13667
13668
13669
13670
13671
13672
13673
13674
13675
13676
13677
13678
13679
13680
13681
13682
13683
13684
13685
13686
13687
13688
13689
13690
13691
13692
13693
13694
13695
13696
13697
13698
13699
13700
13701
13702
13703
13704
13705
13706
13707
13708
13709
13710
13711
13712
13713
13714
13715
13716
13717
13718
13719
13720
13721
13722
13723
13724
13725
13726
13727
13728
13729
13730
13731
13732
13733
13734
13735
13736
13737
13738
13739
13740
13741
13742
13743
13744
13745
13746
13747
13748
13749
13750
13751
13752
13753
13754
13755
13756
13757
13758
13759
13760
13761
13762
13763
13764
13765
13766
13767
13768
13769
13770
13771
13772
13773
13774
13775
13776
13777
13778
13779
13780
13781
13782
13783
13784
13785
13786
13787
13788
13789
13790
13791
13792
13793
13794
13795
13796
13797
13798
13799
13800
13801
13802
13803
13804
13805
13806
13807
13808
13809
13810
13811
13812
13813
13814
13815
13816
13817
13818
13819
13820
13821
13822
13823
13824
13825
13826
13827
13828
13829
13830
13831
13832
13833
13834
13835
13836
13837
13838
13839
13858
13859
13860
13861
13862
13863
13864
13865
13866
13867
13868
13869
13870
13871
13872
13873
13874
13875
13876
13877
13878
13879
13880
13881
13882
13883
13884
13885
13886
13887
13888
13889
13890
13891
13892
13893
13894
13895
13896
13897
13898
13899
13900
13901
13902
13903
13904
13905
13906
13907
13908
13909
13910
13911
13912
13913
13914
13915
13916
13917
13918
13919
19200
19201
19202
19203
19204
19205
19206
19207
19208
19209
19210
19211
19212
19213
19214
19215
19216
19217
19218
19219
19220
19221
19222
19223
19224
19225
19226
19227
19228
19229
19230
19231
19232
19233
19234
19235
19236
19237
19238
19239
19240
19241
19242
19243
19244
19245
19246
19247
19248
19249
19250
19251
19252
19253
19254
19255
19256
19257
19258
19259
19260
19261
19262
19263
19264
19265
19266
19267
19268
19269
19270
19271
19272
19273
19274
19275
19276
19277
19278
19279
19280
19281
19282
19283
19284
19285
19286
19287
19288
19289
19290
19291
19292
19293
19294
19295
19296
19297
19298
19299
19300
19301
19302
19303
19304
19305
19306
19307
19308
19309
19310
19311
19312
19313
19314
19315
19316
19317
19318
19319
19320
19321
19322
19323
19324
19325
19326
19327
19328
19329
19330
19331
19332
19333
19334
19335
19336
19337
19338
19339
19340
19341
19342
19343
19344
19345
19346
19347
19348
19349
19350
19351
19352
19353
19354
19355
19356
19357
19358
19359
19360
19361
19362
19363
19364
19365
19366
19367
19368
19369
19370
19371
19372
19373
19374
19375
19376
19377
19378
19379
19380
19381
19382
19383
19384
19385
19386
19387
19388
19389
19390
19391
19392
19393
19394
19395
19396
19397
19398
19399
19400
19401
19402
19403
19404
19405
19406
19407
19408
19409
19410
19411
19412
19413
19414
19415
19416
19417
19418
19419
19420
19421
19422
19423
19424
19425
19426
19427
19428
19429
19430
19431
19432
19433
19434
19435
19436
19437
19438
19439
19440
19441
19442
19443
19444
19445
19446
19447
19448
19449
19450
19451
19452
19453
19454
19455
19456
19457
19458
19459
19460
19461
19462
19463
19464
19465
19466
19467
19468
19469
19470
19471
19472
19473
19474
19475
19476
19477
19478
19479
19480
19481
19482
19483
19484
19485
19486
19487
19488
19489
19490
19491
19492
19493
19494
19495
19496
19497
19498
19499
19500
19501
19502
19503
19504
19505
19506
19507
19508
19509
19510
19511
19512
19513
19514
19515
19516
19517
19518
19519
19520
19521
19522
19523
19524
19525
19526
19527
19528
19529
19530
19531
19532
19533
19534
19535
19536
19537
19538
19539
19540
19541
19542
19543
19544
19545
19546
19547
19548
19549
19550
19551
19552
19553
19554
19555
19556
19557
19558
19559
19560
19561
19562
19563
19564
19565
19566
19567
19568
19569
19570
19571
19572
19573
19574
19575
19576
19577
19578
19579
19580
19581
19582
19583
19584
19585
19586
19587
19588
19589
19590
19591
19592
19593
19594
19595
19596
19597
19598
19599
19600
19601
19602
19603
19604
19605
19606
19607
19608
19609
19610
19611
19612
19613
19614
19615
19616
19617
19618
19619
19620
19621
19622
19623
19624
19625
19626
19627
19628
19629
19630
19631
19632
19633
19634
19635
19636
19637
19638
19639
19640
19641
19642
19643
19644
19645
19646
19647
19648
19649
19650
19651
19652
19653
19654
19655
19656
19657
19658
19659
19660
19661
19662
19663
19664
19665
19666
19667
19668
19669
19670
19671
19672
19673
19674
19675
19676
19677
19678
19679
19680
19681
19682
19683
19684
19685
19686
19687
19688
19689
19690
19691
19692
19693
19694
19695
19696
19697
19698
19699
19700
19701
19702
19703
19704
19705
19706
19707
19708
19709
19710
19711
19712
19713
19714
19715
19716
19717
19718
19719
19720
19721
19722
19723
19724
19725
19726
19727
19728
19729
19730
19731
19732
19733
19734
19735
19736
19737
19738
19739
19740
19741
19742
19743
19744
19745
19746
19747
19748
19749
19750
19751
19752
19753
19754
19755
19756
19757
19758
19759
19760
19761
19762
19763
19764
19765
19766
19767
19768
19769
19770
19771
19772
19773
19774
19775
19776
19777
19778
19779
19780
19781
19782
19783
19784
19785
19786
19787
19788
19789
19790
19791
19792
19793
19794
19795
19796
19797
19798
19799
19800
19801
19802
19803
19804
19805
19806
19807
19808
19809
19810
19811
19812
19813
19814
19815
19816
19817
19818
19819
19820
19821
19822
19823
19824
19825
19826
19827
19828
19829
19830
19831
19832
19833
19834
19835
19836
19837
19838
19839
19840
19841
19842
19843
19844
19845
19846
19847
19848
19849
19850
19851
19852
19853
19854
19855
19856
19857
19858
19859
19860
19861
19862
19863
19864
19865
19866
19867
19868
19869
19870
19871
19872
19873
19874
19875
19876
19877
19878
19879
19880
19881
19882
19883
19884
19885
19886
19887
19888
19889
19890
19891
19892
19893
19894
19895
19896
19897
19898
19899
19900
19901
19902
19903
19904
19905
19906
19907
19908
19909
19910
19911
19912
19913
19914
19915
19916
19917
19918
19919
19920
19921
19922
19923
19924
19925
19926
19927
19928
19929
19930
19931
19932
19933
19934
19935
19936
19937
19938
19939
19940
19941
19942
19943
19944
19945
19946
19947
19948
19949
19950
19951
19952
19953
19954
19955
19956
19957
19958
19959
19960
19961
19962
19963
19964
19965
19966
19967
19968
19969
19970
19971
19972
19973
19974
19975
19976
19977
19978
19979
19980
19981
19982
19983
19984
19985
19986
19987
19988
19989
19990
19991
19992
19993
19994
19995
19996
19997
19998
19999
20000
20001
20002
20003
20004
20005
20006
20007
20008
20009
20010
20011
20012
20013
20014
20015
20016
20017
20018
20019
20020
20021
20022
20023
20024
20025
20026
20027
20028
20029
20030
20031
20032
20033
20034
20035
20036
20037
20038
20039
20040
20041
20042
20043
20044
20045
20046
20047
20048
20049
20050
20051
20052
20053
20054
20055
20056
20057
20058
20059
20060
20061
20062
20063
20064
20065
20066
20067
20068
20069
20070
20071
20072
20073
20074
20075
20076
20077
20078
20079
20080
20081
20082
20083
20084
20085
20086
20087
20088
20089
20090
20091
20092
20093
20094
20095
20096
20097
20098
20099
20100
20101
20102
20103
20104
20105
20106
20107
20108
20109
20110
20111
20112
20113
20114
20115
20116
20117
20118
20119
20120
20121
20122
20123
20124
20125
20126
20127
20128
20129
20130
20131
20132
20133
20134
20135
20136
20137
20138
20139
20140
20141
20142
20143
20144
20145
20146
20147
20148
20149
20150
20151
20152
20153
20154
20155
20156
20157
20158
20159
20160
20161
20162
20163
20164
20165
20166
20167
20168
20169
20170
20171
20172
20173
20174
20175
20176
20177
20178
20179
20180
20181
20182
20183
20184
20185
20186
20187
20188
20189
20190
20191
20192
20193
20194
20195
20196
20197
20198
20199
20200
20201
20202
20203
20204
20205
20206
20207
20208
20209
20210
20211
20212
20213
20214
20215
20216
20217
20218
20219
20220
20221
20222
20223
20224
20225
20226
20227
20228
20229
20230
20231
20232
20233
20234
20235
20236
20237
20238
20239
20259
20260
20261
20262
20263
20264
20265
20266
20267
20268
20269
20270
20271
20272
20273
20274
20275
20276
20277
20278
20279
20280
20281
20282
20283
20284
20285
20286
20287
20288
20289
20290
20291
20292
20293
20294
20295
20296
20297
20298
20299
20300
20301
20302
20303
20304
20305
20306
20307
20308
20309
20310
20311
20312
20313
20314
20315
20316
20317
20318
20319
25600
25601
25602
25603
25604
25605
25606
25607
25608
25609
25610
25611
25612
25613
25614
25615
25616
25617
25618
25619
25620
25621
25622
25623
25624
25625
25626
25627
25628
25629
25630
25631
25632
25633
25634
25635
25636
25637
25638
25639
25640
25641
25642
25643
25644
25645
25646
25647
25648
25649
25650
25651
25652
25653
25654
25655
25656
25657
25658
25659
25660
25661
25662
25663
25664
25665
25666
25667
25668
25669
25670
25671
25672
25673
25674
25675
25676
25677
25678
25679
25680
25681
25682
25683
25684
25685
25686
25687
25688
25689
25690
25691
25692
25693
25694
25695
25696
25697
25698
25699
25700
25701
25702
25703
25704
25705
25706
25707
25708
25709
25710
25711
25712
25713
25714
25715
25716
25717
25718
25719
25720
25721
25722
25723
25724
25725
25726
25727
25728
25729
25730
25731
25732
25733
25734
25735
25736
25737
25738
25739
25740
25741
25742
25743
25744
25745
25746
25747
25748
25749
25750
25751
25752
25753
25754
25755
25756
25757
25758
25759
25760
25761
25762
25763
25764
25765
25766
25767
25768
25769
25770
25771
25772
25773
25774
25775
25776
25777
25778
25779
25780
25781
25782
25783
25784
25785
25786
25787
25788
25789
25790
25791
25792
25793
25794
25795
25796
25797
25798
25799
25800
25801
25802
25803
25804
25805
25806
25807
25808
25809
25810
25811
25812
25813
25814
25815
25816
25817
25818
25819
25820
25821
25822
25823
25824
25825
25826
25827
25828
25829
25830
25831
25832
25833
25834
25835
25836
25837
25838
25839
25840
25841
25842
25843
25844
25845
25846
25847
25848
25849
25850
25851
25852
25853
25854
25855
25856
25857
25858
25859
25860
25861
25862
25863
25864
25865
25866
25867
25868
25869
25870
25871
25872
25873
25874
25875
25876
25877
25878
25879
25880
25881
25882
25883
25884
25885
25886
25887
25888
25889
25890
25891
25892
25893
25894
25895
25896
25897
25898
25899
25900
25901
25902
25903
25904
25905
25906
25907
25908
25909
25910
25911
25912
25913
25914
25915
25916
25917
25918
25919
25920
25921
25922
25923
25924
25925
25926
25927
25928
25929
25930
25931
25932
25933
25934
25935
25936
25937
25938
25939
25940
25941
25942
25943
25944
25945
25946
25947
25948
25949
25950
25951
25952
25953
25954
25955
25956
25957
25958
25959
25960
25961
25962
25963
25964
25965
25966
25967
25968
25969
25970
25971
25972
25973
25974
25975
25976
25977
25978
25979
25980
25981
25982
25983
25984
25985
25986
25987
25988
25989
25990
25991
25992
25993
25994
25995
25996
25997
25998
25999
26000
26001
26002
26003
26004
26005
26006
26007
26008
26009
26010
26011
26012
26013
26014
26015
26016
26017
26018
26019
26020
26021
26022
26023
26024
26025
26026
26027
26028
26029
26030
26031
26032
26033
26034
26035
26036
26037
26038
26039
26040
26041
26042
26043
26044
26045
26046
26047
26048
26049
26050
26051
26052
26053
26054
26055
26056
26057
26058
26059
26060
26061
26062
26063
26064
26065
26066
26067
26068
26069
26070
26071
26072
26073
26074
26075
26076
26077
26078
26079
26080
26081
26082
26083
26084
26085
26086
26087
26088
26089
26090
26091
26092
26093
26094
26095
26096
26097
26098
26099
26100
26101
26102
26103
26104
26105
26106
26107
26108
26109
26110
26111
26112
26113
26114
26115
26116
26117
26118
26119
26120
26121
26122
26123
26124
26125
26126
26127
26128
26129
26130
26131
26132
26133
26134
26135
26136
26137
26138
26139
26140
26141
26142
26143
26144
26145
26146
26147
26148
26149
26150
26151
26152
26153
26154
26155
26156
26157
26158
26159
26160
26161
26162
26163
26164
26165
26166
26167
26168
26169
26170
26171
26172
26173
26174
26175
26176
26177
26178
26179
26180
26181
26182
26183
26184
26185
26186
26187
26188
26189
26190
26191
26192
26193
26194
26195
26196
26197
26198
26199
26200
26201
26202
26203
26204
26205
26206
26207
26208
26209
26210
26211
26212
26213
26214
26215
26216
26217
26218
26219
26220
26221
26222
26223
26224
26225
26226
26227
26228
26229
26230
26231
26232
26233
26234
26235
26236
26237
26238
26239
26240
26241
26242
26243
26244
26245
26246
26247
26248
26249
26250
26251
26252
26253
26254
26255
26256
26257
26258
26259
26260
26261
26262
26263
26264
26265
26266
26267
26268
26269
26270
26271
26272
26273
26274
26275
26276
26277
26278
26279
26280
26281
26282
26283
26284
26285
26286
26287
26288
26289
26290
26291
26292
26293
26294
26295
26296
26297
26298
26299
26300
26301
26302
26303
26304
26305
26306
26307
26308
26309
26310
26311
26312
26313
26314
26315
26316
26317
26318
26319
26320
26321
26322
26323
26324
26325
26326
26327
26328
26329
26330
26331
26332
26333
26334
26335
26336
26337
26338
26339
26340
26341
26342
26343
26344
26345
26346
26347
26348
26349
26350
26351
26352
26353
26354
26355
26356
26357
26358
26359
26360
26361
26362
26363
26364
26365
26366
26367
26368
26369
26370
26371
26372
26373
26374
26375
26376
26377
26378
26379
26380
26381
26382
26383
26384
26385
26386
26387
26388
26389
26390
26391
26392
26393
26394
26395
26396
26397
26398
26399
26400
26401
26402
26403
26404
26405
26406
26407
26408
26409
26410
26411
26412
26413
26414
26415
26416
26417
26418
26419
26420
26421
26422
26423
26424
26425
26426
26427
26428
26429
26430
26431
26432
26433
26434
26435
26436
26437
26438
26439
26440
26441
26442
26443
26444
26445
26446
26447
26448
26449
26450
26451
26452
26453
26454
26455
26456
26457
26458
26459
26460
26461
26462
26463
26464
26465
26466
26467
26468
26469
26470
26471
26472
26473
26474
26475
26476
26477
26478
26479
26480
26481
26482
26483
26484
26485
26486
26487
26488
26489
26490
26491
26492
26493
26494
26495
26496
26497
26498
26499
26500
26501
26502
26503
26504
26505
26506
26507
26508
26509
26510
26511
26512
26513
26514
26515
26516
26517
26518
26519
26520
26521
26522
26523
26524
26525
26526
26527
26528
26529
26530
26531
26532
26533
26534
26535
26536
26537
26538
26539
26540
26541
26542
26543
26544
26545
26546
26547
26548
26549
26550
26551
26552
26553
26554
26555
26556
26557
26558
26559
26560
26561
26562
26563
26564
26565
26566
26567
26568
26569
26570
26571
26572
26573
26574
26575
26576
26577
26578
26579
26580
26581
26582
26583
26584
26585
26586
26587
26588
26589
26590
26591
26592
26593
26594
26595
26596
26597
26598
26599
26600
26601
26602
26603
26604
26605
26606
26607
26608
26609
26610
26611
26612
26613
26614
26615
26616
26617
26618
26619
26620
26621
26622
26623
26624
26625
26626
26627
26628
26629
26630
26631
26632
26633
26634
26635
26636
26637
26638
26639
26660
26661
26662
26663
26664
26665
26666
26667
26668
26669
26670
26671
26672
26673
26674
26675
26676
26677
26678
26679
26680
26681
26682
26683
26684
26685
26686
26687
26688
26689
26690
26691
26692
26693
26694
26695
26696
26697
26698
26699
26700
26701
26702
26703
26704
26705
26706
26707
26708
26709
26710
26711
26712
26713
26714
26715
26716
26717
26718
26719
32000
32001
32002
32003
32004
32005
32006
32007
32008
32009
32010
32011
32012
32013
32014
32015
32016
32017
32018
32019
32020
32021
32022
32023
32024
32025
32026
32027
32028
32029
32030
32031
32032
32033
32034
32035
32036
32037
32038
32039
32040
32041
32042
32043
32044
32045
32046
32047
32048
32049
32050
32051
32052
32053
32054
32055
32056
32057
32058
32059
32060
32061
32062
32063
32064
32065
32066
32067
32068
32069
32070
32071
32072
32073
32074
32075
32076
32077
32078
32079
32080
32081
32082
32083
32084
32085
32086
32087
32088
32089
32090
32091
32092
32093
32094
32095
32096
32097
32098
32099
32100
32101
32102
32103
32104
32105
32106
32107
32108
32109
32110
32111
32112
32113
32114
32115
32116
32117
32118
32119
32120
32121
32122
32123
32124
32125
32126
32127
32128
32129
32130
32131
32132
32133
32134
32135
32136
32137
32138
32139
32140
32141
32142
32143
32144
32145
32146
32147
32148
32149
32150
32151
32152
32153
32154
32155
32156
32157
32158
32159
32160
32161
32162
32163
32164
32165
32166
32167
32168
32169
32170
32171
32172
32173
32174
32175
32176
32177
32178
32179
32180
32181
32182
32183
32184
32185
32186
32187
32188
32189
32190
32191
32192
32193
32194
32195
32196
32197
32198
32199
32200
32201
32202
32203
32204
32205
32206
32207
32208
32209
32210
32211
32212
32213
32214
32215
32216
32217
32218
32219
32220
32221
32222
32223
32224
32225
32226
32227
32228
32229
32230
32231
32232
32233
32234
32235
32236
32237
32238
32239
32240
32241
32242
32243
32244
32245
32246
32247
32248
32249
32250
32251
32252
32253
32254
32255
32256
32257
32258
32259
32260
32261
32262
32263
32264
32265
32266
32267
32268
32269
32270
32271
32272
32273
32274
32275
32276
32277
32278
32279
32280
32281
32282
32283
32284
32285
32286
32287
32288
32289
32290
32291
32292
32293
32294
32295
32296
32297
32298
32299
32300
32301
32302
32303
32304
32305
32306
32307
32308
32309
32310
32311
32312
32313
32314
32315
32316
32317
32318
32319
32320
32321
32322
32323
32324
32325
32326
32327
32328
32329
32330
32331
32332
32333
32334
32335
32336
32337
32338
32339
32340
32341
32342
32343
32344
32345
32346
32347
32348
32349
32350
32351
32352
32353
32354
32355
32356
32357
32358
32359
32360
32361
32362
32363
32364
32365
32366
32367
32368
32369
32370
32371
32372
32373
32374
32375
32376
32377
32378
32379
32380
32381
32382
32383
32384
32385
32386
32387
32388
32389
32390
32391
32392
32393
32394
32395
32396
32397
32398
32399
32400
32401
32402
32403
32404
32405
32406
32407
32408
32409
32410
32411
32412
32413
32414
32415
32416
32417
32418
32419
32420
32421
32422
32423
32424
32425
32426
32427
32428
32429
32430
32431
32432
32433
32434
32435
32436
32437
32438
32439
32440
32441
32442
32443
32444
32445
32446
32447
32448
32449
32450
32451
32452
32453
32454
32455
32456
32457
32458
32459
32460
32461
32462
32463
32464
32465
32466
32467
32468
32469
32470
32471
32472
32473
32474
32475
32476
32477
32478
32479
32480
32481
32482
32483
32484
32485
32486
32487
32488
32489
32490
32491
32492
32493
32494
32495
32496
32497
32498
32499
32500
32501
32502
32503
32504
32505
32506
32507
32508
32509
32510
32511
32512
32513
32514
32515
32516
32517
32518
32519
32520
32521
32522
32523
32524
32525
32526
32527
32528
32529
32530
32531
32532
32533
32534
32535
32536
32537
32538
32539
32540
32541
32542
32543
32544
32545
32546
32547
32548
32549
32550
32551
32552
32553
32554
32555
32556
32557
32558
32559
32560
32561
32562
32563
32564
32565
32566
32567
32568
32569
32570
32571
32572
32573
32574
32575
32576
32577
32578
32579
32580
32581
32582
32583
32584
32585
32586
32587
32588
32589
32590
32591
32592
32593
32594
32595
32596
32597
32598
32599
32600
32601
32602
32603
32604
32605
32606
32607
32608
32609
32610
32611
32612
32613
32614
32615
32616
32617
32618
32619
32620
32621
32622
32623
32624
32625
32626
32627
32628
32629
32630
32631
32632
32633
32634
32635
32636
32637
32638
32639
32640
32641
32642
32643
32644
32645
32646
32647
32648
32649
32650
32651
32652
32653
32654
32655
32656
32657
32658
32659
32660
32661
32662
32663
32664
32665
32666
32667
32668
32669
32670
32671
32672
32673
32674
32675
32676
32677
32678
32679
32680
32681
32682
32683
32684
32685
32686
32687
32688
32689
32690
32691
32692
32693
32694
32695
32696
32697
32698
32699
32700
32701
32702
32703
32704
32705
32706
32707
32708
32709
32710
32711
32712
32713
32714
32715
32716
32717
32718
32719
32720
32721
32722
32723
32724
32725
32726
32727
32728
32729
32730
32731
32732
32733
32734
32735
32736
32737
32738
32739
32740
32741
32742
32743
32744
32745
32746
32747
32748
32749
32750
32751
32752
32753
32754
32755
32756
32757
32758
32759
32760
32761
32762
32763
32764
32765
32766
32767
32768
32769
32770
32771
32772
32773
32774
32775
32776
32777
32778
32779
32780
32781
32782
32783
32784
32785
32786
32787
32788
32789
32790
32791
32792
32793
32794
32795
32796
32797
32798
32799
32800
32801
32802
32803
32804
32805
32806
32807
32808
32809
32810
32811
32812
32813
32814
32815
32816
32817
32818
32819
32820
32821
32822
32823
32824
32825
32826
32827
32828
32829
32830
32831
32832
32833
32834
32835
32836
32837
32838
32839
32840
32841
32842
32843
32844
32845
32846
32847
32848
32849
32850
32851
32852
32853
32854
32855
32856
32857
32858
32859
32860
32861
32862
32863
32864
32865
32866
32867
32868
32869
32870
32871
32872
32873
32874
32875
32876
32877
32878
32879
32880
32881
32882
32883
32884
32885
32886
32887
32888
32889
32890
32891
32892
32893
32894
32895
32896
32897
32898
32899
32900
32901
32902
32903
32904
32905
32906
32907
32908
32909
32910
32911
32912
32913
32914
32915
32916
32917
32918
32919
32920
32921
32922
32923
32924
32925
32926
32927
32928
32929
32930
32931
32932
32933
32934
32935
32936
32937
32938
32939
32940
32941
32942
32943
32944
32945
32946
32947
32948
32949
32950
32951
32952
32953
32954
32955
32956
32957
32958
32959
32960
32961
32962
32963
32964
32965
32966
32967
32968
32969
32970
32971
32972
32973
32974
32975
32976
32977
32978
32979
32980
32981
32982
32983
32984
32985
32986
32987
32988
32989
32990
32991
32992
32993
32994
32995
32996
32997
32998
32999
33000
33001
33002
33003
33004
33005
33006
33007
33008
33009
33010
33011
33012
33013
33014
33015
33016
33017
33018
33019
33020
33021
33022
33023
33024
33025
33026
33027
33028
33029
33030
33031
33032
33033
33034
33035
33036
33037
33038
33039
33061
33062
33063
33064
33065
33066
33067
33068
33069
33070
33071
33072
33073
33074
33075
33076
33077
33078
33079
33080
33081
33082
33083
33084
33085
33086
33087
33088
33089
33090
33091
33092
33093
33094
33095
33096
33097
33098
33099
33100
33101
33102
33103
33104
33105
33106
33107
33108
33109
33110
33111
33112
33113
33114
33115
33116
33117
33118
33119
38400
38401
38402
38403
38404
38405
38406
38407
38408
38409
38410
38411
38412
38413
38414
38415
38416
38417
38418
38419
38420
38421
38422
38423
38424
38425
38426
38427
38428
38429
38430
38431
38432
38433
38434
38435
38436
38437
38438
38439
38440
38441
38442
38443
38444
38445
38446
38447
38448
38449
38450
38451
38452
38453
38454
38455
38456
38457
38458
38459
38460
38461
38462
38463
38464
38465
38466
38467
38468
38469
38470
38471
38472
38473
38474
38475
38476
38477
38478
38479
38480
38481
38482
38483
38484
38485
38486
38487
38488
38489
38490
38491
38492
38493
38494
38495
38496
38497
38498
38499
38500
38501
38502
38503
38504
38505
38506
38507
38508
38509
38510
38511
38512
38513
38514
38515
38516
38517
38518
38519
38520
38521
38522
38523
38524
38525
38526
38527
38528
38529
38530
38531
38532
38533
38534
38535
38536
38537
38538
38539
38540
38541
38542
38543
38544
38545
38546
38547
38548
38549
38550
38551
38552
38553
38554
38555
38556
38557
38558
38559
38560
38561
38562
38563
38564
38565
38566
38567
38568
38569
38570
38571
38572
38573
38574
38575
38576
38577
38578
38579
38580
38581
38582
38583
38584
38585
38586
38587
38588
38589
38590
38591
38592
38593
38594
38595
38596
38597
38598
38599
38600
38601
38602
38603
38604
38605
38606
38607
38608
38609
38610
38611
38612
38613
38614
38615
38616
38617
38618
38619
38620
38621
38622
38623
38624
38625
38626
38627
38628
38629
38630
38631
38632
38633
38634
38635
38636
38637
38638
38639
38640
38641
38642
38643
38644
38645
38646
38647
38648
38649
38650
38651
38652
38653
38654
38655
38656
38657
38658
38659
38660
38661
38662
38663
38664
38665
38666
38667
38668
38669
38670
38671
38672
38673
38674
38675
38676
38677
38678
38679
38680
38681
38682
38683
38684
38685
38686
38687
38688
38689
38690
38691
38692
38693
38694
38695
38696
38697
38698
38699
38700
38701
38702
38703
38704
38705
38706
38707
38708
38709
38710
38711
38712
38713
38714
38715
38716
38717
38718
38719
38720
38721
38722
38723
38724
38725
38726
38727
38728
38729
38730
38731
38732
38733
38734
38735
38736
38737
38738
38739
38740
38741
38742
38743
38744
38745
38746
38747
38748
38749
38750
38751
38752
38753
38754
38755
38756
38757
38758
38759
38760
38761
38762
38763
38764
38765
38766
38767
38768
38769
38770
38771
38772
38773
38774
38775
38776
38777
38778
38779
38780
38781
38782
38783
38784
38785
38786
38787
38788
38789
38790
38791
38792
38793
38794
38795
38796
38797
38798
38799
38800
38801
38802
38803
38804
38805
38806
38807
38808
38809
38810
38811
38812
38813
38814
38815
38816
38817
38818
38819
38820
38821
38822
38823
38824
38825
38826
38827
38828
38829
38830
38831
38832
38833
38834
38835
38836
38837
38838
38839
38840
38841
38842
38843
38844
38845
38846
38847
38848
38849
38850
38851
38852
38853
38854
38855
38856
38857
38858
38859
38860
38861
38862
38863
38864
38865
38866
38867
38868
38869
38870
38871
38872
38873
38874
38875
38876
38877
38878
38879
38880
38881
38882
38883
38884
38885
38886
38887
38888
38889
38890
38891
38892
38893
38894
38895
38896
38897
38898
38899
38900
38901
38902
38903
38904
38905
38906
38907
38908
38909
38910
38911
38912
38913
38914
38915
38916
38917
38918
38919
38920
38921
38922
38923
38924
38925
38926
38927
38928
38929
38930
38931
38932
38933
38934
38935
38936
38937
38938
38939
38940
38941
38942
38943
38944
38945
38946
38947
38948
38949
38950
38951
38952
38953
38954
38955
38956
38957
38958
38959
38960
38961
38962
38963
38964
38965
38966
38967
38968
38969
38970
38971
38972
38973
38974
38975
38976
38977
38978
38979
38980
38981
38982
38983
38984
38985
38986
38987
38988
38989
38990
38991
38992
38993
38994
38995
38996
38997
38998
38999
39000
39001
39002
39003
39004
39005
39006
39007
39008
39009
39010
39011
39012
39013
39014
39015
39016
39017
39018
39019
39020
39021
39022
39023
39024
39025
39026
39027
39028
39029
39030
39031
39032
39033
39034
39035
39036
39037
39038
39039
39040
39041
39042
39043
39044
39045
39046
39047
39048
39049
39050
39051
39052
39053
39054
39055
39056
39057
39058
39059
39060
39061
39062
39063
39064
39065
39066
39067
39068
39069
39070
39071
39072
39073
39074
39075
39076
39077
39078
39079
39080
39081
39082
39083
39084
39085
39086
39087
39088
39089
39090
39091
39092
39093
39094
39095
39096
39097
39098
39099
39100
39101
39102
39103
39104
39105
39106
39107
39108
39109
39110
39111
39112
39113
39114
39115
39116
39117
39118
39119
39120
39121
39122
39123
39124
39125
39126
39127
39128
39129
39130
39131
39132
39133
39134
39135
39136
39137
39138
39139
39140
39141
39142
39143
39144
39145
39146
39147
39148
39149
39150
39151
39152
39153
39154
39155
39156
39157
39158
39159
39160
39161
39162
39163
39164
39165
39166
39167
39168
39169
39170
39171
39172
39173
39174
39175
39176
39177
39178
39179
39180
39181
39182
39183
39184
39185
39186
39187
39188
39189
39190
39191
39192
39193
39194
39195
39196
39197
39198
39199
39200
39201
39202
39203
39204
39205
39206
39207
39208
39209
39210
39211
39212
39213
39214
39215
39216
39217
39218
39219
39220
39221
39222
39223
39224
39225
39226
39227
39228
39229
39230
39231
39232
39233
39234
39235
39236
39237
39238
39239
39240
39241
39242
39243
39244
39245
39246
39247
39248
39249
39250
39251
39252
39253
39254
39255
39256
39257
39258
39259
39260
39261
39262
39263
39264
39265
39266
39267
39268
39269
39270
39271
39272
39273
39274
39275
39276
39277
39278
39279
39280
39281
39282
39283
39284
39285
39286
39287
39288
39289
39290
39291
39292
39293
39294
39295
39296
39297
39298
39299
39300
39301
39302
39303
39304
39305
39306
39307
39308
39309
39310
39311
39312
39313
39314
39315
39316
39317
39318
39319
39320
39321
39322
39323
39324
39325
39326
39327
39328
39329
39330
39331
39332
39333
39334
39335
39336
39337
39338
39339
39340
39341
39342
39343
39344
39345
39346
39347
39348
39349
39350
39351
39352
39353
39354
39355
39356
39357
39358
39359
39360
39361
39362
39363
39364
39365
39366
39367
39368
39369
39370
39371
39372
39373
39374
39375
39376
39377
39378
39379
39380
39381
39382
39383
39384
39385
39386
39387
39388
39389
39390
39391
39392
39393
39394
39395
39396
39397
39398
39399
39400
39401
39402
39403
39404
39405
39406
39407
39408
39409
39410
39411
39412
39413
39414
39415
39416
39417
39418
39419
39420
39421
39422
39423
39424
39425
39426
39427
39428
39429
39430
39431
39432
39433
39434
39435
39436
39437
39438
39439
39462
39463
39464
39465
39466
39467
39468
39469
39470
39471
39472
39473
39474
39475
39476
39477
39478
39479
39480
39481
39482
39483
39484
39485
39486
39487
39488
39489
39490
39491
39492
39493
39494
39495
39496
39497
39498
39499
39500
39501
39502
39503
39504
39505
39506
39507
39508
39509
39510
39511
39512
39513
39514
39515
39516
39517
39518
39519
44800
44801
44802
44803
44804
44805
44806
44807
44808
44809
44810
44811
44812
44813
44814
44815
44816
44817
44818
44819
44820
44821
44822
44823
44824
44825
44826
44827
44828
44829
44830
44831
44832
44833
44834
44835
44836
44837
44838
44839
44840
44841
44842
44843
44844
44845
44846
44847
44848
44849
44850
44851
44852
44853
44854
44855
44856
44857
44858
44859
44860
44861
44862
44863
44864
44865
44866
44867
44868
44869
44870
44871
44872
44873
44874
44875
44876
44877
44878
44879
44880
44881
44882
44883
44884
44885
44886
44887
44888
44889
44890
44891
44892
44893
44894
44895
44896
44897
44898
44899
44900
44901
44902
44903
44904
44905
44906
44907
44908
44909
44910
44911
44912
44913
44914
44915
44916
44917
44918
44919
44920
44921
44922
44923
44924
44925
44926
44927
44928
44929
44930
44931
44932
44933
44934
44935
44936
44937
44938
44939
44940
44941
44942
44943
44944
44945
44946
44947
44948
44949
44950
44951
44952
44953
44954
44955
44956
44957
44958
44959
44960
44961
44962
44963
44964
44965
44966
44967
44968
44969
44970
44971
44972
44973
44974
44975
44976
44977
44978
44979
44980
44981
44982
44983
44984
44985
44986
44987
44988
44989
44990
44991
44992
44993
44994
44995
44996
44997
44998
44999
45000
45001
45002
45003
45004
45005
45006
45007
45008
45009
45010
45011
45012
45013
45014
45015
45016
45017
45018
45019
45020
45021
45022
45023
45024
45025
45026
45027
45028
45029
45030
45031
45032
45033
45034
45035
45036
45037
45038
45039
45040
45041
45042
45043
45044
45045
45046
45047
45048
45049
45050
45051
45052
45053
45054
45055
45056
45057
45058
45059
45060
45061
45062
45063
45064
45065
45066
45067
45068
45069
45070
45071
45072
45073
45074
45075
45076
45077
45078
45079
45080
45081
45082
45083
45084
45085
45086
45087
45088
45089
45090
45091
45092
45093
45094
45095
45096
45097
45098
45099
45100
45101
45102
45103
45104
45105
45106
45107
45108
45109
45110
45111
45112
45113
45114
45115
45116
45117
45118
45119
45120
45121
45122
45123
45124
45125
45126
45127
45128
45129
45130
45131
45132
45133
45134
45135
45136
45137
45138
45139
45140
45141
45142
45143
45144
45145
45146
45147
45148
45149
45150
45151
45152
45153
45154
45155
45156
45157
45158
45159
45160
45161
45162
45163
45164
45165
45166
45167
45168
45169
45170
45171
45172
45173
45174
45175
45176
45177
45178
45179
45180
45181
45182
45183
45184
45185
45186
45187
45188
45189
45190
45191
45192
45193
45194
45195
45196
45197
45198
45199
45200
45201
45202
45203
45204
45205
45206
45207
45208
45209
45210
45211
45212
45213
45214
45215
45216
45217
45218
45219
45220
45221
45222
45223
45224
45225
45226
45227
45228
45229
45230
45231
45232
45233
45234
45235
45236
45237
45238
45239
45240
45241
45242
45243
45244
45245
45246
45247
45248
45249
45250
45251
45252
45253
45254
45255
45256
45257
45258
45259
45260
45261
45262
45263
45264
45265
45266
45267
45268
45269
45270
45271
45272
45273
45274
45275
45276
45277
45278
45279
45280
45281
45282
45283
45284
45285
45286
45287
45288
45289
45290
45291
45292
45293
45294
45295
45296
45297
45298
45299
45300
45301
45302
45303
45304
45305
45306
45307
45308
45309
45310
45311
45312
45313
45314
45315
45316
45317
45318
45319
45320
45321
45322
45323
45324
45325
45326
45327
45328
45329
45330
45331
45332
45333
45334
45335
45336
45337
45338
45339
45340
45341
45342
45343
45344
45345
45346
45347
45348
45349
45350
45351
45352
45353
45354
45355
45356
45357
45358
45359
45360
45361
45362
45363
45364
45365
45366
45367
45368
45369
45370
45371
45372
45373
45374
45375
45376
45377
45378
45379
45380
45381
45382
45383
45384
45385
45386
45387
45388
45389
45390
45391
45392
45393
45394
45395
45396
45397
45398
45399
45400
45401
45402
45403
45404
45405
45406
45407
45408
45409
45410
45411
45412
45413
45414
45415
45416
45417
45418
45419
45420
45421
45422
45423
45424
45425
45426
45427
45428
45429
45430
45431
45432
45433
45434
45435
45436
45437
45438
45439
45440
45441
45442
45443
45444
45445
45446
45447
45448
45449
45450
45451
45452
45453
45454
45455
45456
45457
45458
45459
45460
45461
45462
45463
45464
45465
45466
45467
45468
45469
45470
45471
45472
45473
45474
45475
45476
45477
45478
45479
45480
45481
45482
45483
45484
45485
45486
45487
45488
45489
45490
45491
45492
45493
45494
45495
45496
45497
45498
45499
45500
45501
45502
45503
45504
45505
45506
45507
45508
45509
45510
45511
45512
45513
45514
45515
45516
45517
45518
45519
45520
45521
45522
45523
45524
45525
45526
45527
45528
45529
45530
45531
45532
45533
45534
45535
45536
45537
45538
45539
45540
45541
45542
45543
45544
45545
45546
45547
45548
45549
45550
45551
45552
45553
45554
45555
45556
45557
45558
45559
45560
45561
45562
45563
45564
45565
45566
45567
45568
45569
45570
45571
45572
45573
45574
45575
45576
45577
45578
45579
45580
45581
45582
45583
45584
45585
45586
45587
45588
45589
45590
45591
45592
45593
45594
45595
45596
45597
45598
45599
45600
45601
45602
45603
45604
45605
45606
45607
45608
45609
45610
45611
45612
45613
45614
45615
45616
45617
45618
45619
45620
45621
45622
45623
45624
45625
45626
45627
45628
45629
45630
45631
45632
45633
45634
45635
45636
45637
45638
45639
45640
45641
45642
45643
45644
45645
45646
45647
45648
45649
45650
45651
45652
45653
45654
45655
45656
45657
45658
45659
45660
45661
45662
45663
45664
45665
45666
45667
45668
45669
45670
45671
45672
45673
45674
45675
45676
45677
45678
45679
45680
45681
45682
45683
45684
45685
45686
45687
45688
45689
45690
45691
45692
45693
45694
45695
45696
45697
45698
45699
45700
45701
45702
45703
45704
45705
45706
45707
45708
45709
45710
45711
45712
45713
45714
45715
45716
45717
45718
45719
45720
45721
45722
45723
45724
45725
45726
45727
45728
45729
45730
45731
45732
45733
45734
45735
45736
45737
45738
45739
45740
45741
45742
45743
45744
45745
45746
45747
45748
45749
45750
45751
45752
45753
45754
45755
45756
45757
45758
45759
45760
45761
45762
45763
45764
45765
45766
45767
45768
45769
45770
45771
45772
45773
45774
45775
45776
45777
45778
45779
45780
45781
45782
45783
45784
45785
45786
45787
45788
45789
45790
45791
45792
45793
45794
45795
45796
45797
45798
45799
45800
45801
45802
45803
45804
45805
45806
45807
45808
45809
45810
45811
45812
45813
45814
45815
45816
45817
45818
45819
45820
45821
45822
45823
45824
45825
45826
45827
45828
45829
45830
45831
45832
45833
45834
45835
45836
45837
45838
45839
45863
45864
45865
45866
45867
45868
45869
45870
45871
45872
45873
45874
45875
45876
45877
45878
45879
45880
45881
45882
45883
45884
45885
45886
45887
45888
45889
45890
45891
45892
45893
45894
45895
45896
45897
45898
45899
45900
45901
45902
45903
45904
45905
45906
45907
45908
45909
45910
45911
45912
45913
45914
45915
45916
45917
45918
45919
51200
51201
51202
51203
51204
51205
51206
51207
51208
51209
51210
51211
51212
51213
51214
51215
51216
51217
51218
51219
51220
51221
51222
51223
51224
51225
51226
51227
51228
51229
51230
51231
51232
51233
51234
51235
51236
51237
51238
51239
51240
51241
51242
51243
51244
51245
51246
51247
51248
51249
51250
51251
51252
51253
51254
51255
51256
51257
51258
51259
51260
51261
51262
51263
51264
51265
51266
51267
51268
51269
51270
51271
51272
51273
51274
51275
51276
51277
51278
51279
51280
51281
51282
51283
51284
51285
51286
51287
51288
51289
51290
51291
51292
51293
51294
51295
51296
51297
51298
51299
51300
51301
51302
51303
51304
51305
51306
51307
51308
51309
51310
51311
51312
51313
51314
51315
51316
51317
51318
51319
51320
51321
51322
51323
51324
51325
51326
51327
51328
51329
51330
51331
51332
51333
51334
51335
51336
51337
51338
51339
51340
51341
51342
51343
51344
51345
51346
51347
51348
51349
51350
51351
51352
51353
51354
51355
51356
51357
51358
51359
51360
51361
51362
51363
51364
51365
51366
51367
51368
51369
51370
51371
51372
51373
51374
51375
51376
51377
51378
51379
51380
51381
51382
51383
51384
51385
51386
51387
51388
51389
51390
51391
51392
51393
51394
51395
51396
51397
51398
51399
51400
51401
51402
51403
51404
51405
51406
51407
51408
51409
51410
51411
51412
51413
51414
51415
51416
51417
51418
51419
51420
51421
51422
51423
51424
51425
51426
51427
51428
51429
51430
51431
51432
51433
51434
51435
51436
51437
51438
51439
51440
51441
51442
51443
51444
51445
51446
51447
51448
51449
51450
51451
51452
51453
51454
51455
51456
51457
51458
51459
51460
51461
51462
51463
51464
51465
51466
51467
51468
51469
51470
51471
51472
51473
51474
51475
51476
51477
51478
51479
51480
51481
51482
51483
51484
51485
51486
51487
51488
51489
51490
51491
51492
51493
51494
51495
51496
51497
51498
51499
51500
51501
51502
51503
51504
51505
51506
51507
51508
51509
51510
51511
51512
51513
51514
51515
51516
51517
51518
51519
51520
51521
51522
51523
51524
51525
51526
51527
51528
51529
51530
51531
51532
51533
51534
51535
51536
51537
51538
51539
51540
51541
51542
51543
51544
51545
51546
51547
51548
51549
51550
51551
51552
51553
51554
51555
51556
51557
51558
51559
51560
51561
51562
51563
51564
51565
51566
51567
51568
51569
51570
51571
51572
51573
51574
51575
51576
51577
51578
51579
51580
51581
51582
51583
51584
51585
51586
51587
51588
51589
51590
51591
51592
51593
51594
51595
51596
51597
51598
51599
51600
51601
51602
51603
51604
51605
51606
51607
51608
51609
51610
51611
51612
51613
51614
51615
51616
51617
51618
51619
51620
51621
51622
51623
51624
51625
51626
51627
51628
51629
51630
51631
51632
51633
51634
51635
51636
51637
51638
51639
51640
51641
51642
51643
51644
51645
51646
51647
51648
51649
51650
51651
51652
51653
51654
51655
51656
51657
51658
51659
51660
51661
51662
51663
51664
51665
51666
51667
51668
51669
51670
51671
51672
51673
51674
51675
51676
51677
51678
51679
51680
51681
51682
51683
51684
51685
51686
51687
51688
51689
51690
51691
51692
51693
51694
51695
51696
51697
51698
51699
51700
51701
51702
51703
51704
51705
51706
51707
51708
51709
51710
51711
51712
51713
51714
51715
51716
51717
51718
51719
51720
51721
51722
51723
51724
51725
51726
51727
51728
51729
51730
51731
51732
51733
51734
51735
51736
51737
51738
51739
51740
51741
51742
51743
51744
51745
51746
51747
51748
51749
51750
51751
51752
51753
51754
51755
51756
51757
51758
51759
51760
51761
51762
51763
51764
51765
51766
51767
51768
51769
51770
51771
51772
51773
51774
51775
51776
51777
51778
51779
51780
51781
51782
51783
51784
51785
51786
51787
51788
51789
51790
51791
51792
51793
51794
51795
51796
51797
51798
51799
51800
51801
51802
51803
51804
51805
51806
51807
51808
51809
51810
51811
51812
51813
51814
51815
51816
51817
51818
51819
51820
51821
51822
51823
51824
51825
51826
51827
51828
51829
51830
51831
51832
51833
51834
51835
51836
51837
51838
51839
51840
51841
51842
51843
51844
51845
51846
51847
51848
51849
51850
51851
51852
51853
51854
51855
51856
51857
51858
51859
51860
51861
51862
51863
51864
51865
51866
51867
51868
51869
51870
51871
51872
51873
51874
51875
51876
51877
51878
51879
51880
51881
51882
51883
51884
51885
51886
51887
51888
51889
51890
51891
51892
51893
51894
51895
51896
51897
51898
51899
51900
51901
51902
51903
51904
51905
51906
51907
51908
51909
51910
51911
51912
51913
51914
51915
51916
51917
51918
51919
51920
51921
51922
51923
51924
51925
51926
51927
51928
51929
51930
51931
51932
51933
51934
51935
51936
51937
51938
51939
51940
51941
51942
51943
51944
51945
51946
51947
51948
51949
51950
51951
51952
51953
51954
51955
51956
51957
51958
51959
51960
51961
51962
51963
51964
51965
51966
51967
51968
51969
51970
51971
51972
51973
51974
51975
51976
51977
51978
51979
51980
51981
51982
51983
51984
51985
51986
51987
51988
51989
51990
51991
51992
51993
51994
51995
51996
51997
51998
51999
52000
52001
52002
52003
52004
52005
52006
52007
52008
52009
52010
52011
52012
52013
52014
52015
52016
52017
52018
52019
52020
52021
52022
52023
52024
52025
52026
52027
52028
52029
52030
52031
52032
52033
52034
52035
52036
52037
52038
52039
52040
52041
52042
52043
52044
52045
52046
52047
52048
52049
52050
52051
52052
52053
52054
52055
52056
52057
52058
52059
52060
52061
52062
52063
52064
52065
52066
52067
52068
52069
52070
52071
52072
52073
52074
52075
52076
52077
52078
52079
52080
52081
52082
52083
52084
52085
52086
52087
52088
52089
52090
52091
52092
52093
52094
52095
52096
52097
52098
52099
52100
52101
52102
52103
52104
52105
52106
52107
52108
52109
52110
52111
52112
52113
52114
52115
52116
52117
52118
52119
52120
52121
52122
52123
52124
52125
52126
52127
52128
52129
52130
52131
52132
52133
52134
52135
52136
52137
52138
52139
52140
52141
52142
52143
52144
52145
52146
52147
52148
52149
52150
52151
52152
52153
52154
52155
52156
52157
52158
52159
52160
52161
52162
52163
52164
52165
52166
52167
52168
52169
52170
52171
52172
52173
52174
52175
52176
52177
52178
52179
52180
52181
52182
52183
52184
52185
52186
52187
52188
52189
52190
52191
52192
52193
52194
52195
52196
52197
52198
52199
52200
52201
52202
52203
52204
52205
52206
52207
52208
52209
52210
52211
52212
52213
52214
52215
52216
52217
52218
52219
52220
52221
52222
52223
52224
52225
52226
52227
52228
52229
52230
52231
52232
52233
52234
52235
52236
52237
52238
52239
52264
52265
52266
52267
52268
52269
52270
52271
52272
52273
52274
52275
52276
52277
52278
52279
52280
52281
52282
52283
52284
52285
52286
52287
52288
52289
52290
52291
52292
52293
52294
52295
52296
52297
52298
52299
52300
52301
52302
52303
52304
52305
52306
52307
52308
52309
52310
52311
52312
52313
52314
52315
52316
52317
52318
52319
57600
57601
57602
57603
57604
57605
57606
57607
57608
57609
57610
57611
57612
57613
57614
57615
57616
57617
57618
57619
57620
57621
57622
57623
57624
57625
57626
57627
57628
57629
57630
57631
57632
57633
57634
57635
57636
57637
57638
57639
57640
57641
57642
57643
57644
57645
57646
57647
57648
57649
57650
57651
57652
57653
57654
57655
57656
57657
57658
57659
57660
57661
57662
57663
57664
57665
57666
57667
57668
57669
57670
57671
57672
57673
57674
57675
57676
57677
57678
57679
57680
57681
57682
57683
57684
57685
57686
57687
57688
57689
57690
57691
57692
57693
57694
57695
57696
57697
57698
57699
57700
57701
57702
57703
57704
57705
57706
57707
57708
57709
57710
57711
57712
57713
57714
57715
57716
57717
57718
57719
57720
57721
57722
57723
57724
57725
57726
57727
57728
57729
57730
57731
57732
57733
57734
57735
57736
57737
57738
57739
57740
57741
57742
57743
57744
57745
57746
57747
57748
57749
57750
57751
57752
57753
57754
57755
57756
57757
57758
57759
57760
57761
57762
57763
57764
57765
57766
57767
57768
57769
57770
57771
57772
57773
57774
57775
57776
57777
57778
57779
57780
57781
57782
57783
57784
57785
57786
57787
57788
57789
57790
57791
57792
57793
57794
57795
57796
57797
57798
57799
57800
57801
57802
57803
57804
57805
57806
57807
57808
57809
57810
57811
57812
57813
57814
57815
57816
57817
57818
57819
57820
57821
57822
57823
57824
57825
57826
57827
57828
57829
57830
57831
57832
57833
57834
57835
57836
57837
57838
57839
57840
57841
57842
57843
57844
57845
57846
57847
57848
57849
57850
57851
57852
57853
57854
57855
57856
57857
57858
57859
57860
57861
57862
57863
57864
57865
57866
57867
57868
57869
57870
57871
57872
57873
57874
57875
57876
57877
57878
57879
57880
57881
57882
57883
57884
57885
57886
57887
57888
57889
57890
57891
57892
57893
57894
57895
57896
57897
57898
57899
57900
57901
57902
57903
57904
57905
57906
57907
57908
57909
57910
57911
57912
57913
57914
57915
57916
57917
57918
57919
57920
57921
57922
57923
57924
57925
57926
57927
57928
57929
57930
57931
57932
57933
57934
57935
57936
57937
57938
57939
57940
57941
57942
57943
57944
57945
57946
57947
57948
57949
57950
57951
57952
57953
57954
57955
57956
57957
57958
57959
57960
57961
57962
57963
57964
57965
57966
57967
57968
57969
57970
57971
57972
57973
57974
57975
57976
57977
57978
57979
57980
57981
57982
57983
57984
57985
57986
57987
57988
57989
57990
57991
57992
57993
57994
57995
57996
57997
57998
57999
58000
58001
58002
58003
58004
58005
58006
58007
58008
58009
58010
58011
58012
58013
58014
58015
58016
58017
58018
58019
58020
58021
58022
58023
58024
58025
58026
58027
58028
58029
58030
58031
58032
58033
58034
58035
58036
58037
58038
58039
58040
58041
58042
58043
58044
58045
58046
58047
58048
58049
58050
58051
58052
58053
58054
58055
58056
58057
58058
58059
58060
58061
58062
58063
58064
58065
58066
58067
58068
58069
58070
58071
58072
58073
58074
58075
58076
58077
58078
58079
58080
58081
58082
58083
58084
58085
58086
58087
58088
58089
58090
58091
58092
58093
58094
58095
58096
58097
58098
58099
58100
58101
58102
58103
58104
58105
58106
58107
58108
58109
58110
58111
58112
58113
58114
58115
58116
58117
58118
58119
58120
58121
58122
58123
58124
58125
58126
58127
58128
58129
58130
58131
58132
58133
58134
58135
58136
58137
58138
58139
58140
58141
58142
58143
58144
58145
58146
58147
58148
58149
58150
58151
58152
58153
58154
58155
58156
58157
58158
58159
58160
58161
58162
58163
58164
58165
58166
58167
58168
58169
58170
58171
58172
58173
58174
58175
58176
58177
58178
58179
58180
58181
58182
58183
58184
58185
58186
58187
58188
58189
58190
58191
58192
58193
58194
58195
58196
58197
58198
58199
58200
58201
58202
58203
58204
58205
58206
58207
58208
58209
58210
58211
58212
58213
58214
58215
58216
58217
58218
58219
58220
58221
58222
58223
58224
58225
58226
58227
58228
58229
58230
58231
58232
58233
58234
58235
58236
58237
58238
58239
58240
58241
58242
58243
58244
58245
58246
58247
58248
58249
58250
58251
58252
58253
58254
58255
58256
58257
58258
58259
58260
58261
58262
58263
58264
58265
58266
58267
58268
58269
58270
58271
58272
58273
58274
58275
58276
58277
58278
58279
58280
58281
58282
58283
58284
58285
58286
58287
58288
58289
58290
58291
58292
58293
58294
58295
58296
58297
58298
58299
58300
58301
58302
58303
58304
58305
58306
58307
58308
58309
58310
58311
58312
58313
58314
58315
58316
58317
58318
58319
58320
58321
58322
58323
58324
58325
58326
58327
58328
58329
58330
58331
58332
58333
58334
58335
58336
58337
58338
58339
58340
58341
58342
58343
58344
58345
58346
58347
58348
58349
58350
58351
58352
58353
58354
58355
58356
58357
58358
58359
58360
58361
58362
58363
58364
58365
58366
58367
58368
58369
58370
58371
58372
58373
58374
58375
58376
58377
58378
58379
58380
58381
58382
58383
58384
58385
58386
58387
58388
58389
58390
58391
58392
58393
58394
58395
58396
58397
58398
58399
58400
58401
58402
58403
58404
58405
58406
58407
58408
58409
58410
58411
58412
58413
58414
58415
58416
58417
58418
58419
58420
58421
58422
58423
58424
58425
58426
58427
58428
58429
58430
58431
58432
58433
58434
58435
58436
58437
58438
58439
58440
58441
58442
58443
58444
58445
58446
58447
58448
58449
58450
58451
58452
58453
58454
58455
58456
58457
58458
58459
58460
58461
58462
58463
58464
58465
58466
58467
58468
58469
58470
58471
58472
58473
58474
58475
58476
58477
58478
58479
58480
58481
58482
58483
58484
58485
58486
58487
58488
58489
58490
58491
58492
58493
58494
58495
58496
58497
58498
58499
58500
58501
58502
58503
58504
58505
58506
58507
58508
58509
58510
58511
58512
58513
58514
58515
58516
58517
58518
58519
58520
58521
58522
58523
58524
58525
58526
58527
58528
58529
58530
58531
58532
58533
58534
58535
58536
58537
58538
58539
58540
58541
58542
58543
58544
58545
58546
58547
58548
58549
58550
58551
58552
58553
58554
58555
58556
58557
58558
58559
58560
58561
58562
58563
58564
58565
58566
58567
58568
58569
58570
58571
58572
58573
58574
58575
58576
58577
58578
58579
58580
58581
58582
58583
58584
58585
58586
58587
58588
58589
58590
58591
58592
58593
58594
58595
58596
58597
58598
58599
58600
58601
58602
58603
58604
58605
58606
58607
58608
58609
58610
58611
58612
58613
58614
58615
58616
58617
58618
58619
58620
58621
58622
58623
58624
58625
58626
58627
58628
58629
58630
58631
58632
58633
58634
58635
58636
58637
58638
58639
58665
58666
58667
58668
58669
58670
58671
58672
58673
58674
58675
58676
58677
58678
58679
58680
58681
58682
58683
58684
58685
58686
58687
58688
58689
58690
58691
58692
58693
58694
58695
58696
58697
58698
58699
58700
58701
58702
58703
58704
58705
58706
58707
58708
58709
58710
58711
58712
58713
58714
58715
58716
58717
58718
58719
64000
64001
64002
64003
64004
64005
64006
64007
64008
64009
64010
64011
64012
64013
64014
64015
64016
64017
64018
64019
64020
64021
64022
64023
64024
64025
64026
64027
64028
64029
64030
64031
64032
64033
64034
64035
64036
64037
64038
64039
64040
64041
64042
64043
64044
64045
64046
64047
64048
64049
64050
64051
64052
64053
64054
64055
64056
64057
64058
64059
64060
64061
64062
64063
64064
64065
64066
64067
64068
64069
64070
64071
64072
64073
64074
64075
64076
64077
64078
64079
64080
64081
64082
64083
64084
64085
64086
64087
64088
64089
64090
64091
64092
64093
64094
64095
64096
64097
64098
64099
64100
64101
64102
64103
64104
64105
64106
64107
64108
64109
64110
64111
64112
64113
64114
64115
64116
64117
64118
64119
64120
64121
64122
64123
64124
64125
64126
64127
64128
64129
64130
64131
64132
64133
64134
64135
64136
64137
64138
64139
64140
64141
64142
64143
64144
64145
64146
64147
64148
64149
64150
64151
64152
64153
64154
64155
64156
64157
64158
64159
64160
64161
64162
64163
64164
64165
64166
64167
64168
64169
64170
64171
64172
64173
64174
64175
64176
64177
64178
64179
64180
64181
64182
64183
64184
64185
64186
64187
64188
64189
64190
64191
64192
64193
64194
64195
64196
64197
64198
64199
64200
64201
64202
64203
64204
64205
64206
64207
64208
64209
64210
64211
64212
64213
64214
64215
64216
64217
64218
64219
64220
64221
64222
64223
64224
64225
64226
64227
64228
64229
64230
64231
64232
64233
64234
64235
64236
64237
64238
64239
64240
64241
64242
64243
64244
64245
64246
64247
64248
64249
64250
64251
64252
64253
64254
64255
64256
64257
64258
64259
64260
64261
64262
64263
64264
64265
64266
64267
64268
64269
64270
64271
64272
64273
64274
64275
64276
64277
64278
64279
64280
64281
64282
64283
64284
64285
64286
64287
64288
64289
64290
64291
64292
64293
64294
64295
64296
64297
64298
64299
64300
64301
64302
64303
64304
64305
64306
64307
64308
64309
64310
64311
64312
64313
64314
64315
64316
64317
64318
64319
64320
64321
64322
64323
64324
64325
64326
64327
64328
64329
64330
64331
64332
64333
64334
64335
64336
64337
64338
64339
64340
64341
64342
64343
64344
64345
64346
64347
64348
64349
64350
64351
64352
64353
64354
64355
64356
64357
64358
64359
64360
64361
64362
64363
64364
64365
64366
64367
64368
64369
64370
64371
64372
64373
64374
64375
64376
64377
64378
64379
64380
64381
64382
64383
64384
64385
64386
64387
64388
64389
64390
64391
64392
64393
64394
64395
64396
64397
64398
64399
64400
64401
64402
64403
64404
64405
64406
64407
64408
64409
64410
64411
64412
64413
64414
64415
64416
64417
64418
64419
64420
64421
64422
64423
64424
64425
64426
64427
64428
64429
64430
64431
64432
64433
64434
64435
64436
64437
64438
64439
64440
64441
64442
64443
64444
64445
64446
64447
64448
64449
64450
64451
64452
64453
64454
64455
64456
64457
64458
64459
64460
64461
64462
64463
64464
64465
64466
64467
64468
64469
64470
64471
64472
64473
64474
64475
64476
64477
64478
64479
64480
64481
64482
64483
64484
64485
64486
64487
64488
64489
64490
64491
64492
64493
64494
64495
64496
64497
64498
64499
64500
64501
64502
64503
64504
64505
64506
64507
64508
64509
64510
64511
64512
64513
64514
64515
64516
64517
64518
64519
64520
64521
64522
64523
64524
64525
64526
64527
64528
64529
64530
64531
64532
64533
64534
64535
64536
64537
64538
64539
64540
64541
64542
64543
64544
64545
64546
64547
64548
64549
64550
64551
64552
64553
64554
64555
64556
64557
64558
64559
64560
64561
64562
64563
64564
64565
64566
64567
64568
64569
64570
64571
64572
64573
64574
64575
64576
64577
64578
64579
64580
64581
64582
64583
64584
64585
64586
64587
64588
64589
64590
64591
64592
64593
64594
64595
64596
64597
64598
64599
64600
64601
64602
64603
64604
64605
64606
64607
64608
64609
64610
64611
64612
64613
64614
64615
64616
64617
64618
64619
64620
64621
64622
64623
64624
64625
64626
64627
64628
64629
64630
64631
64632
64633
64634
64635
64636
64637
64638
64639
64640
64641
64642
64643
64644
64645
64646
64647
64648
64649
64650
64651
64652
64653
64654
64655
64656
64657
64658
64659
64660
64661
64662
64663
64664
64665
64666
64667
64668
64669
64670
64671
64672
64673
64674
64675
64676
64677
64678
64679
64680
64681
64682
64683
64684
64685
64686
64687
64688
64689
64690
64691
64692
64693
64694
64695
64696
64697
64698
64699
64700
64701
64702
64703
64704
64705
64706
64707
64708
64709
64710
64711
64712
64713
64714
64715
64716
64717
64718
64719
64720
64721
64722
64723
64724
64725
64726
64727
64728
64729
64730
64731
64732
64733
64734
64735
64736
64737
64738
64739
64740
64741
64742
64743
64744
64745
64746
64747
64748
64749
64750
64751
64752
64753
64754
64755
64756
64757
64758
64759
64760
64761
64762
64763
64764
64765
64766
64767
64768
64769
64770
64771
64772
64773
64774
64775
64776
64777
64778
64779
64780
64781
64782
64783
64784
64785
64786
64787
64788
64789
64790
64791
64792
64793
64794
64795
64796
64797
64798
64799
64800
64801
64802
64803
64804
64805
64806
64807
64808
64809
64810
64811
64812
64813
64814
64815
64816
64817
64818
64819
64820
64821
64822
64823
64824
64825
64826
64827
64828
64829
64830
64831
64832
64833
64834
64835
64836
64837
64838
64839
64840
64841
64842
64843
64844
64845
64846
64847
64848
64849
64850
64851
64852
64853
64854
64855
64856
64857
64858
64859
64860
64861
64862
64863
64864
64865
64866
64867
64868
64869
64870
64871
64872
64873
64874
64875
64876
64877
64878
64879
64880
64881
64882
64883
64884
64885
64886
64887
64888
64889
64890
64891
64892
64893
64894
64895
64896
64897
64898
64899
64900
64901
64902
64903
64904
64905
64906
64907
64908
64909
64910
64911
64912
64913
64914
64915
64916
64917
64918
64919
64920
64921
64922
64923
64924
64925
64926
64927
64928
64929
64930
64931
64932
64933
64934
64935
64936
64937
64938
64939
64940
64941
64942
64943
64944
64945
64946
64947
64948
64949
64950
64951
64952
64953
64954
64955
64956
64957
64958
64959
64960
64961
64962
64963
64964
64965
64966
64967
64968
64969
64970
64971
64972
64973
64974
64975
64976
64977
64978
64979
64980
64981
64982
64983
64984
64985
64986
64987
64988
64989
64990
64991
64992
64993
64994
64995
64996
64997
64998
64999
65000
65001
65002
65003
65004
65005
65006
65007
65008
65009
65010
65011
65012
65013
65014
65015
65016
65017
65018
65019
65020
65021
65022
65023
65024
65025
65026
65027
65028
65029
65030
65031
65032
65033
65034
65035
65036
65037
65038
65039
65066
65067
65068
65069
65070
65071
65072
65073
65074
65075
65076
65077
65078
65079
65080
65081
65082
65083
65084
65085
65086
65087
65088
65089
65090
65091
65092
65093
65094
65095
65096
65097
65098
65099
65100
65101
65102
65103
65104
65105
65106
65107
65108
65109
65110
65111
65112
65113
65114
65115
65116
65117
65118
65119
70400
70401
70402
70403
70404
70405
70406
70407
70408
70409
70410
70411
70412
70413
70414
70415
70416
70417
70418
70419
70420
70421
70422
70423
70424
70425
70426
70427
70428
70429
70430
70431
70432
70433
70434
70435
70436
70437
70438
70439
70440
70441
70442
70443
70444
70445
70446
70447
70448
70449
70450
70451
70452
70453
70454
70455
70456
70457
70458
70459
70460
70461
70462
70463
70464
70465
70466
70467
70468
70469
70470
70471
70472
70473
70474
70475
70476
70477
70478
70479
70480
70481
70482
70483
70484
70485
70486
70487
70488
70489
70490
70491
70492
70493
70494
70495
70496
70497
70498
70499
70500
70501
70502
70503
70504
70505
70506
70507
70508
70509
70510
70511
70512
70513
70514
70515
70516
70517
70518
70519
70520
70521
70522
70523
70524
70525
70526
70527
70528
70529
70530
70531
70532
70533
70534
70535
70536
70537
70538
70539
70540
70541
70542
70543
70544
70545
70546
70547
70548
70549
70550
70551
70552
70553
70554
70555
70556
70557
70558
70559
70560
70561
70562
70563
70564
70565
70566
70567
70568
70569
70570
70571
70572
70573
70574
70575
70576
70577
70578
70579
70580
70581
70582
70583
70584
70585
70586
70587
70588
70589
70590
70591
70592
70593
70594
70595
70596
70597
70598
70599
70600
70601
70602
70603
70604
70605
70606
70607
70608
70609
70610
70611
70612
70613
70614
70615
70616
70617
70618
70619
70620
70621
70622
70623
70624
70625
70626
70627
70628
70629
70630
70631
70632
70633
70634
70635
70636
70637
70638
70639
70640
70641
70642
70643
70644
70645
70646
70647
70648
70649
70650
70651
70652
70653
70654
70655
70656
70657
70658
70659
70660
70661
70662
70663
70664
70665
70666
70667
70668
70669
70670
70671
70672
70673
70674
70675
70676
70677
70678
70679
70680
70681
70682
70683
70684
70685
70686
70687
70688
70689
70690
70691
70692
70693
70694
70695
70696
70697
70698
70699
70700
70701
70702
70703
70704
70705
70706
70707
70708
70709
70710
70711
70712
70713
70714
70715
70716
70717
70718
70719
70720
70721
70722
70723
70724
70725
70726
70727
70728
70729
70730
70731
70732
70733
70734
70735
70736
70737
70738
70739
70740
70741
70742
70743
70744
70745
70746
70747
70748
70749
70750
70751
70752
70753
70754
70755
70756
70757
70758
70759
70760
70761
70762
70763
70764
70765
70766
70767
70768
70769
70770
70771
70772
70773
70774
70775
70776
70777
70778
70779
70780
70781
70782
70783
70784
70785
70786
70787
70788
70789
70790
70791
70792
70793
70794
70795
70796
70797
70798
70799
70800
70801
70802
70803
70804
70805
70806
70807
70808
70809
70810
70811
70812
70813
70814
70815
70816
70817
70818
70819
70820
70821
70822
70823
70824
70825
70826
70827
70828
70829
70830
70831
70832
70833
70834
70835
70836
70837
70838
70839
70840
70841
70842
70843
70844
70845
70846
70847
70848
70849
70850
70851
70852
70853
70854
70855
70856
70857
70858
70859
70860
70861
70862
70863
70864
70865
70866
70867
70868
70869
70870
70871
70872
70873
70874
70875
70876
70877
70878
70879
70880
70881
70882
70883
70884
70885
70886
70887
70888
70889
70890
70891
70892
70893
70894
70895
70896
70897
70898
70899
70900
70901
70902
70903
70904
70905
70906
70907
70908
70909
70910
70911
70912
70913
70914
70915
70916
70917
70918
70919
70920
70921
70922
70923
70924
70925
70926
70927
70928
70929
70930
70931
70932
70933
70934
70935
70936
70937
70938
70939
70940
70941
70942
70943
70944
70945
70946
70947
70948
70949
70950
70951
70952
70953
70954
70955
70956
70957
70958
70959
70960
70961
70962
70963
70964
70965
70966
70967
70968
70969
70970
70971
70972
70973
70974
70975
70976
70977
70978
70979
70980
70981
70982
70983
70984
70985
70986
70987
70988
70989
70990
70991
70992
70993
70994
70995
70996
70997
70998
70999
71000
71001
71002
71003
71004
71005
71006
71007
71008
71009
71010
71011
71012
71013
71014
71015
71016
71017
71018
71019
71020
71021
71022
71023
71024
71025
71026
71027
71028
71029
71030
71031
71032
71033
71034
71035
71036
71037
71038
71039
71040
71041
71042
71043
71044
71045
71046
71047
71048
71049
71050
71051
71052
71053
71054
71055
71056
71057
71058
71059
71060
71061
71062
71063
71064
71065
71066
71067
71068
71069
71070
71071
71072
71073
71074
71075
71076
71077
71078
71079
71080
71081
71082
71083
71084
71085
71086
71087
71088
71089
71090
71091
71092
71093
71094
71095
71096
71097
71098
71099
71100
71101
71102
71103
71104
71105
71106
71107
71108
71109
71110
71111
71112
71113
71114
71115
71116
71117
71118
71119
71120
71121
71122
71123
71124
71125
71126
71127
71128
71129
71130
71131
71132
71133
71134
71135
71136
71137
71138
71139
71140
71141
71142
71143
71144
71145
71146
71147
71148
71149
71150
71151
71152
71153
71154
71155
71156
71157
71158
71159
71160
71161
71162
71163
71164
71165
71166
71167
71168
71169
71170
71171
71172
71173
71174
71175
71176
71177
71178
71179
71180
71181
71182
71183
71184
71185
71186
71187
71188
71189
71190
71191
71192
71193
71194
71195
71196
71197
71198
71199
71200
71201
71202
71203
71204
71205
71206
71207
71208
71209
71210
71211
71212
71213
71214
71215
71216
71217
71218
71219
71220
71221
71222
71223
71224
71225
71226
71227
71228
71229
71230
71231
71232
71233
71234
71235
71236
71237
71238
71239
71240
71241
71242
71243
71244
71245
71246
71247
71248
71249
71250
71251
71252
71253
71254
71255
71256
71257
71258
71259
71260
71261
71262
71263
71264
71265
71266
71267
71268
71269
71270
71271
71272
71273
71274
71275
71276
71277
71278
71279
71280
71281
71282
71283
71284
71285
71286
71287
71288
71289
71290
71291
71292
71293
71294
71295
71296
71297
71298
71299
71300
71301
71302
71303
71304
71305
71306
71307
71308
71309
71310
71311
71312
71313
71314
71315
71316
71317
71318
71319
71320
71321
71322
71323
71324
71325
71326
71327
71328
71329
71330
71331
71332
71333
71334
71335
71336
71337
71338
71339
71340
71341
71342
71343
71344
71345
71346
71347
71348
71349
71350
71351
71352
71353
71354
71355
71356
71357
71358
71359
71360
71361
71362
71363
71364
71365
71366
71367
71368
71369
71370
71371
71372
71373
71374
71375
71376
71377
71378
71379
71380
71381
71382
71383
71384
71385
71386
71387
71388
71389
71390
71391
71392
71393
71394
71395
71396
71397
71398
71399
71400
71401
71402
71403
71404
71405
71406
71407
71408
71409
71410
71411
71412
71413
71414
71415
71416
71417
71418
71419
71420
71421
71422
71423
71424
71425
71426
71427
71428
71429
71430
71431
71432
71433
71434
71435
71436
71437
71438
71439
71467
71468
71469
71470
71471
71472
71473
71474
71475
71476
71477
71478
71479
71480
71481
71482
71483
71484
71485
71486
71487
71488
71489
71490
71491
71492
71493
71494
71495
71496
71497
71498
71499
71500
71501
71502
71503
71504
71505
71506
71507
71508
71509
71510
71511
71512
71513
71514
71515
71516
71517
71518
71519
76800
76801
76802
76803
76804
76805
76806
76807
76808
76809
76810
76811
76812
76813
76814
76815
76816
76817
76818
76819
76820
76821
76822
76823
76824
76825
76826
76827
76828
76829
76830
76831
76832
76833
76834
76835
76836
76837
76838
76839
76840
76841
76842
76843
76844
76845
76846
76847
76848
76849
76850
76851
76852
76853
76854
76855
76856
76857
76858
76859
76860
76861
76862
76863
76864
76865
76866
76867
76868
76869
76870
76871
76872
76873
76874
76875
76876
76877
76878
76879
76880
76881
76882
76883
76884
76885
76886
76887
76888
76889
76890
76891
76892
76893
76894
76895
76896
76897
76898
76899
76900
76901
76902
76903
76904
76905
76906
76907
76908
76909
76910
76911
76912
76913
76914
76915
76916
76917
76918
76919
76920
76921
76922
76923
76924
76925
76926
76927
76928
76929
76930
76931
76932
76933
76934
76935
76936
76937
76938
76939
76940
76941
76942
76943
76944
76945
76946
76947
76948
76949
76950
76951
76952
76953
76954
76955
76956
76957
76958
76959
76960
76961
76962
76963
76964
76965
76966
76967
76968
76969
76970
76971
76972
76973
76974
76975
76976
76977
76978
76979
76980
76981
76982
76983
76984
76985
76986
76987
76988
76989
76990
76991
76992
76993
76994
76995
76996
76997
76998
76999
77000
77001
77002
77003
77004
77005
77006
77007
77008
77009
77010
77011
77012
77013
77014
77015
77016
77017
77018
77019
77020
77021
77022
77023
77024
77025
77026
77027
77028
77029
77030
77031
77032
77033
77034
77035
77036
77037
77038
77039
77040
77041
77042
77043
77044
77045
77046
77047
77048
77049
77050
77051
77052
77053
77054
77055
77056
77057
77058
77059
77060
77061
77062
77063
77064
77065
77066
77067
77068
77069
77070
77071
77072
77073
77074
77075
77076
77077
77078
77079
77080
77081
77082
77083
77084
77085
77086
77087
77088
77089
77090
77091
77092
77093
77094
77095
77096
77097
77098
77099
77100
77101
77102
77103
77104
77105
77106
77107
77108
77109
77110
77111
77112
77113
77114
77115
77116
77117
77118
77119
77120
77121
77122
77123
77124
77125
77126
77127
77128
77129
77130
77131
77132
77133
77134
77135
77136
77137
77138
77139
77140
77141
77142
77143
77144
77145
77146
77147
77148
77149
77150
77151
77152
77153
77154
77155
77156
77157
77158
77159
77160
77161
77162
77163
77164
77165
77166
77167
77168
77169
77170
77171
77172
77173
77174
77175
77176
77177
77178
77179
77180
77181
77182
77183
77184
77185
77186
77187
77188
77189
77190
77191
77192
77193
77194
77195
77196
77197
77198
77199
77200
77201
77202
77203
77204
77205
77206
77207
77208
77209
77210
77211
77212
77213
77214
77215
77216
77217
77218
77219
77220
77221
77222
77223
77224
77225
77226
77227
77228
77229
77230
77231
77232
77233
77234
77235
77236
77237
77238
77239
77240
77241
77242
77243
77244
77245
77246
77247
77248
77249
77250
77251
77252
77253
77254
77255
77256
77257
77258
77259
77260
77261
77262
77263
77264
77265
77266
77267
77268
77269
77270
77271
77272
77273
77274
77275
77276
77277
77278
77279
77280
77281
77282
77283
77284
77285
77286
77287
77288
77289
77290
77291
77292
77293
77294
77295
77296
77297
77298
77299
77300
77301
77302
77303
77304
77305
77306
77307
77308
77309
77310
77311
77312
77313
77314
77315
77316
77317
77318
77319
77320
77321
77322
77323
77324
77325
77326
77327
77328
77329
77330
77331
77332
77333
77334
77335
77336
77337
77338
77339
77340
77341
77342
77343
77344
77345
77346
77347
77348
77349
77350
77351
77352
77353
77354
77355
77356
77357
77358
77359
77360
77361
77362
77363
77364
77365
77366
77367
77368
77369
77370
77371
77372
77373
77374
77375
77376
77377
77378
77379
77380
77381
77382
77383
77384
77385
77386
77387
77388
77389
77390
77391
77392
77393
77394
77395
77396
77397
77398
77399
77400
77401
77402
77403
77404
77405
77406
77407
77408
77409
77410
77411
77412
77413
77414
77415
77416
77417
77418
77419
77420
77421
77422
77423
77424
77425
77426
77427
77428
77429
77430
77431
77432
77433
77434
77435
77436
77437
77438
77439
77440
77441
77442
77443
77444
77445
77446
77447
77448
77449
77450
77451
77452
77453
77454
77455
77456
77457
77458
77459
77460
77461
77462
77463
77464
77465
77466
77467
77468
77469
77470
77471
77472
77473
77474
77475
77476
77477
77478
77479
77480
77481
77482
77483
77484
77485
77486
77487
77488
77489
77490
77491
77492
77493
77494
77495
77496
77497
77498
77499
77500
77501
77502
77503
77504
77505
77506
77507
77508
77509
77510
77511
77512
77513
77514
77515
77516
77517
77518
77519
77520
77521
77522
77523
77524
77525
77526
77527
77528
77529
77530
77531
77532
77533
77534
77535
77536
77537
77538
77539
77540
77541
77542
77543
77544
77545
77546
77547
77548
77549
77550
77551
77552
77553
77554
77555
77556
77557
77558
77559
77560
77561
77562
77563
77564
77565
77566
77567
77568
77569
77570
77571
77572
77573
77574
77575
77576
77577
77578
77579
77580
77581
77582
77583
77584
77585
77586
77587
77588
77589
77590
77591
77592
77593
77594
77595
77596
77597
77598
77599
77600
77601
77602
77603
77604
77605
77606
77607
77608
77609
77610
77611
77612
77613
77614
77615
77616
77617
77618
77619
77620
77621
77622
77623
77624
77625
77626
77627
77628
77629
77630
77631
77632
77633
77634
77635
77636
77637
77638
77639
77640
77641
77642
77643
77644
77645
77646
77647
77648
77649
77650
77651
77652
77653
77654
77655
77656
77657
77658
77659
77660
77661
77662
77663
77664
77665
77666
77667
77668
77669
77670
77671
77672
77673
77674
77675
77676
77677
77678
77679
77680
77681
77682
77683
77684
77685
77686
77687
77688
77689
77690
77691
77692
77693
77694
77695
77696
77697
77698
77699
77700
77701
77702
77703
77704
77705
77706
77707
77708
77709
77710
77711
77712
77713
77714
77715
77716
77717
77718
77719
77720
77721
77722
77723
77724
77725
77726
77727
77728
77729
77730
77731
77732
77733
77734
77735
77736
77737
77738
77739
77740
77741
77742
77743
77744
77745
77746
77747
77748
77749
77750
77751
77752
77753
77754
77755
77756
77757
77758
77759
77760
77761
77762
77763
77764
77765
77766
77767
77768
77769
77770
77771
77772
77773
77774
77775
77776
77777
77778
77779
77780
77781
77782
77783
77784
77785
77786
77787
77788
77789
77790
77791
77792
77793
77794
77795
77796
77797
77798
77799
77800
77801
77802
77803
77804
77805
77806
77807
77808
77809
77810
77811
77812
77813
77814
77815
77816
77817
77818
77819
77820
77821
77822
77823
77824
77825
77826
77827
77828
77829
77830
77831
77832
77833
77834
77835
77836
77837
77838
77839
77867
77868
77869
77870
77871
77872
77873
77874
77875
77876
77877
77878
77879
77880
77881
77882
77883
77884
77885
77886
77887
77888
77889
77890
77891
77892
77893
77894
77895
77896
77897
77898
77899
77900
77901
77902
77903
77904
77905
77906
77907
77908
77909
77910
77911
77912
77913
77914
77915
77916
77917
77918
77919
83200
83201
83202
83203
83204
83205
83206
83207
83208
83209
83210
83211
83212
83213
83214
83215
83216
83217
83218
83219
83220
83221
83222
83223
83224
83225
83226
83227
83228
83229
83230
83231
83232
83233
83234
83235
83236
83237
83238
83239
83240
83241
83242
83243
83244
83245
83246
83247
83248
83249
83250
83251
83252
83253
83254
83255
83256
83257
83258
83259
83260
83261
83262
83263
83264
83265
83266
83267
83268
83269
83270
83271
83272
83273
83274
83275
83276
83277
83278
83279
83280
83281
83282
83283
83284
83285
83286
83287
83288
83289
83290
83291
83292
83293
83294
83295
83296
83297
83298
83299
83300
83301
83302
83303
83304
83305
83306
83307
83308
83309
83310
83311
83312
83313
83314
83315
83316
83317
83318
83319
83320
83321
83322
83323
83324
83325
83326
83327
83328
83329
83330
83331
83332
83333
83334
83335
83336
83337
83338
83339
83340
83341
83342
83343
83344
83345
83346
83347
83348
83349
83350
83351
83352
83353
83354
83355
83356
83357
83358
83359
83360
83361
83362
83363
83364
83365
83366
83367
83368
83369
83370
83371
83372
83373
83374
83375
83376
83377
83378
83379
83380
83381
83382
83383
83384
83385
83386
83387
83388
83389
83390
83391
83392
83393
83394
83395
83396
83397
83398
83399
83400
83401
83402
83403
83404
83405
83406
83407
83408
83409
83410
83411
83412
83413
83414
83415
83416
83417
83418
83419
83420
83421
83422
83423
83424
83425
83426
83427
83428
83429
83430
83431
83432
83433
83434
83435
83436
83437
83438
83439
83440
83441
83442
83443
83444
83445
83446
83447
83448
83449
83450
83451
83452
83453
83454
83455
83456
83457
83458
83459
83460
83461
83462
83463
83464
83465
83466
83467
83468
83469
83470
83471
83472
83473
83474
83475
83476
83477
83478
83479
83480
83481
83482
83483
83484
83485
83486
83487
83488
83489
83490
83491
83492
83493
83494
83495
83496
83497
83498
83499
83500
83501
83502
83503
83504
83505
83506
83507
83508
83509
83510
83511
83512
83513
83514
83515
83516
83517
83518
83519
83520
83521
83522
83523
83524
83525
83526
83527
83528
83529
83530
83531
83532
83533
83534
83535
83536
83537
83538
83539
83540
83541
83542
83543
83544
83545
83546
83547
83548
83549
83550
83551
83552
83553
83554
83555
83556
83557
83558
83559
83560
83561
83562
83563
83564
83565
83566
83567
83568
83569
83570
83571
83572
83573
83574
83575
83576
83577
83578
83579
83580
83581
83582
83583
83584
83585
83586
83587
83588
83589
83590
83591
83592
83593
83594
83595
83596
83597
83598
83599
83600
83601
83602
83603
83604
83605
83606
83607
83608
83609
83610
83611
83612
83613
83614
83615
83616
83617
83618
83619
83620
83621
83622
83623
83624
83625
83626
83627
83628
83629
83630
83631
83632
83633
83634
83635
83636
83637
83638
83639
83640
83641
83642
83643
83644
83645
83646
83647
83648
83649
83650
83651
83652
83653
83654
83655
83656
83657
83658
83659
83660
83661
83662
83663
83664
83665
83666
83667
83668
83669
83670
83671
83672
83673
83674
83675
83676
83677
83678
83679
83680
83681
83682
83683
83684
83685
83686
83687
83688
83689
83690
83691
83692
83693
83694
83695
83696
83697
83698
83699
83700
83701
83702
83703
83704
83705
83706
83707
83708
83709
83710
83711
83712
83713
83714
83715
83716
83717
83718
83719
83720
83721
83722
83723
83724
83725
83726
83727
83728
83729
83730
83731
83732
83733
83734
83735
83736
83737
83738
83739
83740
83741
83742
83743
83744
83745
83746
83747
83748
83749
83750
83751
83752
83753
83754
83755
83756
83757
83758
83759
83760
83761
83762
83763
83764
83765
83766
83767
83768
83769
83770
83771
83772
83773
83774
83775
83776
83777
83778
83779
83780
83781
83782
83783
83784
83785
83786
83787
83788
83789
83790
83791
83792
83793
83794
83795
83796
83797
83798
83799
83800
83801
83802
83803
83804
83805
83806
83807
83808
83809
83810
83811
83812
83813
83814
83815
83816
83817
83818
83819
83820
83821
83822
83823
83824
83825
83826
83827
83828
83829
83830
83831
83832
83833
83834
83835
83836
83837
83838
83839
83840
83841
83842
83843
83844
83845
83846
83847
83848
83849
83850
83851
83852
83853
83854
83855
83856
83857
83858
83859
83860
83861
83862
83863
83864
83865
83866
83867
83868
83869
83870
83871
83872
83873
83874
83875
83876
83877
83878
83879
83880
83881
83882
83883
83884
83885
83886
83887
83888
83889
83890
83891
83892
83893
83894
83895
83896
83897
83898
83899
83900
83901
83902
83903
83904
83905
83906
83907
83908
83909
83910
83911
83912
83913
83914
83915
83916
83917
83918
83919
83920
83921
83922
83923
83924
83925
83926
83927
83928
83929
83930
83931
83932
83933
83934
83935
83936
83937
83938
83939
83940
83941
83942
83943
83944
83945
83946
83947
83948
83949
83950
83951
83952
83953
83954
83955
83956
83957
83958
83959
83960
83961
83962
83963
83964
83965
83966
83967
83968
83969
83970
83971
83972
83973
83974
83975
83976
83977
83978
83979
83980
83981
83982
83983
83984
83985
83986
83987
83988
83989
83990
83991
83992
83993
83994
83995
83996
83997
83998
83999
84000
84001
84002
84003
84004
84005
84006
84007
84008
84009
84010
84011
84012
84013
84014
84015
84016
84017
84018
84019
84020
84021
84022
84023
84024
84025
84026
84027
84028
84029
84030
84031
84032
84033
84034
84035
84036
84037
84038
84039
84040
84041
84042
84043
84044
84045
84046
84047
84048
84049
84050
84051
84052
84053
84054
84055
84056
84057
84058
84059
84060
84061
84062
84063
84064
84065
84066
84067
84068
84069
84070
84071
84072
84073
84074
84075
84076
84077
84078
84079
84080
84081
84082
84083
84084
84085
84086
84087
84088
84089
84090
84091
84092
84093
84094
84095
84096
84097
84098
84099
84100
84101
84102
84103
84104
84105
84106
84107
84108
84109
84110
84111
84112
84113
84114
84115
84116
84117
84118
84119
84120
84121
84122
84123
84124
84125
84126
84127
84128
84129
84130
84131
84132
84133
84134
84135
84136
84137
84138
84139
84140
84141
84142
84143
84144
84145
84146
84147
84148
84149
84150
84151
84152
84153
84154
84155
84156
84157
84158
84159
84160
84161
84162
84163
84164
84165
84166
84167
84168
84169
84170
84171
84172
84173
84174
84175
84176
84177
84178
84179
84180
84181
84182
84183
84184
84185
84186
84187
84188
84189
84190
84191
84192
84193
84194
84195
84196
84197
84198
84199
84200
84201
84202
84203
84204
84205
84206
84207
84208
84209
84210
84211
84212
84213
84214
84215
84216
84217
84218
84219
84220
84221
84222
84223
84224
84225
84226
84227
84228
84229
84230
84231
84232
84233
84234
84235
84236
84237
84238
84239
84268
84269
84270
84271
84272
84273
84274
84275
84276
84277
84278
84279
84280
84281
84282
84283
84284
84285
84286
84287
84288
84289
84290
84291
84292
84293
84294
84295
84296
84297
84298
84299
84300
84301
84302
84303
84304
84305
84306
84307
84308
84309
84310
84311
84312
84313
84314
84315
84316
84317
84318
84319
89600
89601
89602
89603
89604
89605
89606
89607
89608
89609
89610
89611
89612
89613
89614
89615
89616
89617
89618
89619
89620
89621
89622
89623
89624
89625
89626
89627
89628
89629
89630
89631
89632
89633
89634
89635
89636
89637
89638
89639
89640
89641
89642
89643
89644
89645
89646
89647
89648
89649
89650
89651
89652
89653
89654
89655
89656
89657
89658
89659
89660
89661
89662
89663
89664
89665
89666
89667
89668
89669
89670
89671
89672
89673
89674
89675
89676
89677
89678
89679
89680
89681
89682
89683
89684
89685
89686
89687
89688
89689
89690
89691
89692
89693
89694
89695
89696
89697
89698
89699
89700
89701
89702
89703
89704
89705
89706
89707
89708
89709
89710
89711
89712
89713
89714
89715
89716
89717
89718
89719
89720
89721
89722
89723
89724
89725
89726
89727
89728
89729
89730
89731
89732
89733
89734
89735
89736
89737
89738
89739
89740
89741
89742
89743
89744
89745
89746
89747
89748
89749
89750
89751
89752
89753
89754
89755
89756
89757
89758
89759
89760
89761
89762
89763
89764
89765
89766
89767
89768
89769
89770
89771
89772
89773
89774
89775
89776
89777
89778
89779
89780
89781
89782
89783
89784
89785
89786
89787
89788
89789
89790
89791
89792
89793
89794
89795
89796
89797
89798
89799
89800
89801
89802
89803
89804
89805
89806
89807
89808
89809
89810
89811
89812
89813
89814
89815
89816
89817
89818
89819
89820
89821
89822
89823
89824
89825
89826
89827
89828
89829
89830
89831
89832
89833
89834
89835
89836
89837
89838
89839
89840
89841
89842
89843
89844
89845
89846
89847
89848
89849
89850
89851
89852
89853
89854
89855
89856
89857
89858
89859
89860
89861
89862
89863
89864
89865
89866
89867
89868
89869
89870
89871
89872
89873
89874
89875
89876
89877
89878
89879
89880
89881
89882
89883
89884
89885
89886
89887
89888
89889
89890
89891
89892
89893
89894
89895
89896
89897
89898
89899
89900
89901
89902
89903
89904
89905
89906
89907
89908
89909
89910
89911
89912
89913
89914
89915
89916
89917
89918
89919
89920
89921
89922
89923
89924
89925
89926
89927
89928
89929
89930
89931
89932
89933
89934
89935
89936
89937
89938
89939
89940
89941
89942
89943
89944
89945
89946
89947
89948
89949
89950
89951
89952
89953
89954
89955
89956
89957
89958
89959
89960
89961
89962
89963
89964
89965
89966
89967
89968
89969
89970
89971
89972
89973
89974
89975
89976
89977
89978
89979
89980
89981
89982
89983
89984
89985
89986
89987
89988
89989
89990
89991
89992
89993
89994
89995
89996
89997
89998
89999
90000
90001
90002
90003
90004
90005
90006
90007
90008
90009
90010
90011
90012
90013
90014
90015
90016
90017
90018
90019
90020
90021
90022
90023
90024
90025
90026
90027
90028
90029
90030
90031
90032
90033
90034
90035
90036
90037
90038
90039
90040
90041
90042
90043
90044
90045
90046
90047
90048
90049
90050
90051
90052
90053
90054
90055
90056
90057
90058
90059
90060
90061
90062
90063
90064
90065
90066
90067
90068
90069
90070
90071
90072
90073
90074
90075
90076
90077
90078
90079
90080
90081
90082
90083
90084
90085
90086
90087
90088
90089
90090
90091
90092
90093
90094
90095
90096
90097
90098
90099
90100
90101
90102
90103
90104
90105
90106
90107
90108
90109
90110
90111
90112
90113
90114
90115
90116
90117
90118
90119
90120
90121
90122
90123
90124
90125
90126
90127
90128
90129
90130
90131
90132
90133
90134
90135
90136
90137
90138
90139
90140
90141
90142
90143
90144
90145
90146
90147
90148
90149
90150
90151
90152
90153
90154
90155
90156
90157
90158
90159
90160
90161
90162
90163
90164
90165
90166
90167
90168
90169
90170
90171
90172
90173
90174
90175
90176
90177
90178
90179
90180
90181
90182
90183
90184
90185
90186
90187
90188
90189
90190
90191
90192
90193
90194
90195
90196
90197
90198
90199
90200
90201
90202
90203
90204
90205
90206
90207
90208
90209
90210
90211
90212
90213
90214
90215
90216
90217
90218
90219
90220
90221
90222
90223
90224
90225
90226
90227
90228
90229
90230
90231
90232
90233
90234
90235
90236
90237
90238
90239
90240
90241
90242
90243
90244
90245
90246
90247
90248
90249
90250
90251
90252
90253
90254
90255
90256
90257
90258
90259
90260
90261
90262
90263
90264
90265
90266
90267
90268
90269
90270
90271
90272
90273
90274
90275
90276
90277
90278
90279
90280
90281
90282
90283
90284
90285
90286
90287
90288
90289
90290
90291
90292
90293
90294
90295
90296
90297
90298
90299
90300
90301
90302
90303
90304
90305
90306
90307
90308
90309
90310
90311
90312
90313
90314
90315
90316
90317
90318
90319
90320
90321
90322
90323
90324
90325
90326
90327
90328
90329
90330
90331
90332
90333
90334
90335
90336
90337
90338
90339
90340
90341
90342
90343
90344
90345
90346
90347
90348
90349
90350
90351
90352
90353
90354
90355
90356
90357
90358
90359
90360
90361
90362
90363
90364
90365
90366
90367
90368
90369
90370
90371
90372
90373
90374
90375
90376
90377
90378
90379
90380
90381
90382
90383
90384
90385
90386
90387
90388
90389
90390
90391
90392
90393
90394
90395
90396
90397
90398
90399
90400
90401
90402
90403
90404
90405
90406
90407
90408
90409
90410
90411
90412
90413
90414
90415
90416
90417
90418
90419
90420
90421
90422
90423
90424
90425
90426
90427
90428
90429
90430
90431
90432
90433
90434
90435
90436
90437
90438
90439
90440
90441
90442
90443
90444
90445
90446
90447
90448
90449
90450
90451
90452
90453
90454
90455
90456
90457
90458
90459
90460
90461
90462
90463
90464
90465
90466
90467
90468
90469
90470
90471
90472
90473
90474
90475
90476
90477
90478
90479
90480
90481
90482
90483
90484
90485
90486
90487
90488
90489
90490
90491
90492
90493
90494
90495
90496
90497
90498
90499
90500
90501
90502
90503
90504
90505
90506
90507
90508
90509
90510
90511
90512
90513
90514
90515
90516
90517
90518
90519
90520
90521
90522
90523
90524
90525
90526
90527
90528
90529
90530
90531
90532
90533
90534
90535
90536
90537
90538
90539
90540
90541
90542
90543
90544
90545
90546
90547
90548
90549
90550
90551
90552
90553
90554
90555
90556
90557
90558
90559
90560
90561
90562
90563
90564
90565
90566
90567
90568
90569
90570
90571
90572
90573
90574
90575
90576
90577
90578
90579
90580
90581
90582
90583
90584
90585
90586
90587
90588
90589
90590
90591
90592
90593
90594
90595
90596
90597
90598
90599
90600
90601
90602
90603
90604
90605
90606
90607
90608
90609
90610
90611
90612
90613
90614
90615
90616
90617
90618
90619
90620
90621
90622
90623
90624
90625
90626
90627
90628
90629
90630
90631
90632
90633
90634
90635
90636
90637
90638
90639
90669
90670
90671
90672
90673
90674
90675
90676
90677
90678
90679
90680
90681
90682
90683
90684
90685
90686
90687
90688
90689
90690
90691
90692
90693
90694
90695
90696
90697
90698
90699
90700
90701
90702
90703
90704
90705
90706
90707
90708
90709
90710
90711
90712
90713
90714
90715
90716
90717
90718
90719
96000
96001
96002
96003
96004
96005
96006
96007
96008
96009
96010
96011
96012
96013
96014
96015
96016
96017
96018
96019
96020
96021
96022
96023
96024
96025
96026
96027
96028
96029
96030
96031
96032
96033
96034
96035
96036
96037
96038
96039
96040
96041
96042
96043
96044
96045
96046
96047
96048
96049
96050
96051
96052
96053
96054
96055
96056
96057
96058
96059
96060
96061
96062
96063
96064
96065
96066
96067
96068
96069
96070
96071
96072
96073
96074
96075
96076
96077
96078
96079
96080
96081
96082
96083
96084
96085
96086
96087
96088
96089
96090
96091
96092
96093
96094
96095
96096
96097
96098
96099
96100
96101
96102
96103
96104
96105
96106
96107
96108
96109
96110
96111
96112
96113
96114
96115
96116
96117
96118
96119
96120
96121
96122
96123
96124
96125
96126
96127
96128
96129
96130
96131
96132
96133
96134
96135
96136
96137
96138
96139
96140
96141
96142
96143
96144
96145
96146
96147
96148
96149
96150
96151
96152
96153
96154
96155
96156
96157
96158
96159
96160
96161
96162
96163
96164
96165
96166
96167
96168
96169
96170
96171
96172
96173
96174
96175
96176
96177
96178
96179
96180
96181
96182
96183
96184
96185
96186
96187
96188
96189
96190
96191
96192
96193
96194
96195
96196
96197
96198
96199
96200
96201
96202
96203
96204
96205
96206
96207
96208
96209
96210
96211
96212
96213
96214
96215
96216
96217
96218
96219
96220
96221
96222
96223
96224
96225
96226
96227
96228
96229
96230
96231
96232
96233
96234
96235
96236
96237
96238
96239
96240
96241
96242
96243
96244
96245
96246
96247
96248
96249
96250
96251
96252
96253
96254
96255
96256
96257
96258
96259
96260
96261
96262
96263
96264
96265
96266
96267
96268
96269
96270
96271
96272
96273
96274
96275
96276
96277
96278
96279
96280
96281
96282
96283
96284
96285
96286
96287
96288
96289
96290
96291
96292
96293
96294
96295
96296
96297
96298
96299
96300
96301
96302
96303
96304
96305
96306
96307
96308
96309
96310
96311
96312
96313
96314
96315
96316
96317
96318
96319
96320
96321
96322
96323
96324
96325
96326
96327
96328
96329
96330
96331
96332
96333
96334
96335
96336
96337
96338
96339
96340
96341
96342
96343
96344
96345
96346
96347
96348
96349
96350
96351
96352
96353
96354
96355
96356
96357
96358
96359
96360
96361
96362
96363
96364
96365
96366
96367
96368
96369
96370
96371
96372
96373
96374
96375
96376
96377
96378
96379
96380
96381
96382
96383
96384
96385
96386
96387
96388
96389
96390
96391
96392
96393
96394
96395
96396
96397
96398
96399
96400
96401
96402
96403
96404
96405
96406
96407
96408
96409
96410
96411
96412
96413
96414
96415
96416
96417
96418
96419
96420
96421
96422
96423
96424
96425
96426
96427
96428
96429
96430
96431
96432
96433
96434
96435
96436
96437
96438
96439
96440
96441
96442
96443
96444
96445
96446
96447
96448
96449
96450
96451
96452
96453
96454
96455
96456
96457
96458
96459
96460
96461
96462
96463
96464
96465
96466
96467
96468
96469
96470
96471
96472
96473
96474
96475
96476
96477
96478
96479
96480
96481
96482
96483
96484
96485
96486
96487
96488
96489
96490
96491
96492
96493
96494
96495
96496
96497
96498
96499
96500
96501
96502
96503
96504
96505
96506
96507
96508
96509
96510
96511
96512
96513
96514
96515
96516
96517
96518
96519
96520
96521
96522
96523
96524
96525
96526
96527
96528
96529
96530
96531
96532
96533
96534
96535
96536
96537
96538
96539
96540
96541
96542
96543
96544
96545
96546
96547
96548
96549
96550
96551
96552
96553
96554
96555
96556
96557
96558
96559
96560
96561
96562
96563
96564
96565
96566
96567
96568
96569
96570
96571
96572
96573
96574
96575
96576
96577
96578
96579
96580
96581
96582
96583
96584
96585
96586
96587
96588
96589
96590
96591
96592
96593
96594
96595
96596
96597
96598
96599
96600
96601
96602
96603
96604
96605
96606
96607
96608
96609
96610
96611
96612
96613
96614
96615
96616
96617
96618
96619
96620
96621
96622
96623
96624
96625
96626
96627
96628
96629
96630
96631
96632
96633
96634
96635
96636
96637
96638
96639
96640
96641
96642
96643
96644
96645
96646
96647
96648
96649
96650
96651
96652
96653
96654
96655
96656
96657
96658
96659
96660
96661
96662
96663
96664
96665
96666
96667
96668
96669
96670
96671
96672
96673
96674
96675
96676
96677
96678
96679
96680
96681
96682
96683
96684
96685
96686
96687
96688
96689
96690
96691
96692
96693
96694
96695
96696
96697
96698
96699
96700
96701
96702
96703
96704
96705
96706
96707
96708
96709
96710
96711
96712
96713
96714
96715
96716
96717
96718
96719
96720
96721
96722
96723
96724
96725
96726
96727
96728
96729
96730
96731
96732
96733
96734
96735
96736
96737
96738
96739
96740
96741
96742
96743
96744
96745
96746
96747
96748
96749
96750
96751
96752
96753
96754
96755
96756
96757
96758
96759
96760
96761
96762
96763
96764
96765
96766
96767
96768
96769
96770
96771
96772
96773
96774
96775
96776
96777
96778
96779
96780
96781
96782
96783
96784
96785
96786
96787
96788
96789
96790
96791
96792
96793
96794
96795
96796
96797
96798
96799
96800
96801
96802
96803
96804
96805
96806
96807
96808
96809
96810
96811
96812
96813
96814
96815
96816
96817
96818
96819
96820
96821
96822
96823
96824
96825
96826
96827
96828
96829
96830
96831
96832
96833
96834
96835
96836
96837
96838
96839
96840
96841
96842
96843
96844
96845
96846
96847
96848
96849
96850
96851
96852
96853
96854
96855
96856
96857
96858
96859
96860
96861
96862
96863
96864
96865
96866
96867
96868
96869
96870
96871
96872
96873
96874
96875
96876
96877
96878
96879
96880
96881
96882
96883
96884
96885
96886
96887
96888
96889
96890
96891
96892
96893
96894
96895
96896
96897
96898
96899
96900
96901
96902
96903
96904
96905
96906
96907
96908
96909
96910
96911
96912
96913
96914
96915
96916
96917
96918
96919
96920
96921
96922
96923
96924
96925
96926
96927
96928
96929
96930
96931
96932
96933
96934
96935
96936
96937
96938
96939
96940
96941
96942
96943
96944
96945
96946
96947
96948
96949
96950
96951
96952
96953
96954
96955
96956
96957
96958
96959
96960
96961
96962
96963
96964
96965
96966
96967
96968
96969
96970
96971
96972
96973
96974
96975
96976
96977
96978
96979
96980
96981
96982
96983
96984
96985
96986
96987
96988
96989
96990
96991
96992
96993
96994
96995
96996
96997
96998
96999
97000
97001
97002
97003
97004
97005
97006
97007
97008
97009
97010
97011
97012
97013
97014
97015
97016
97017
97018
97019
97020
97021
97022
97023
97024
97025
97026
97027
97028
97029
97030
97031
97032
97033
97034
97035
97036
97037
97038
97039
97070
97071
97072
97073
97074
97075
97076
97077
97078
97079
97080
97081
97082
97083
97084
97085
97086
97087
97088
97089
97090
97091
97092
97093
97094
97095
97096
97097
97098
97099
97100
97101
97102
97103
97104
97105
97106
97107
97108
97109
97110
97111
97112
97113
97114
97115
97116
97117
97118
97119
102400
102401
102402
102403
102404
102405
102406
102407
102408
102409
102410
102411
102412
102413
102414
102415
102416
102417
102418
102419
102420
102421
102422
102423
102424
102425
102426
102427
102428
102429
102430
102431
102432
102433
102434
102435
102436
102437
102438
102439
102440
102441
102442
102443
102444
102445
102446
102447
102448
102449
102450
102451
102452
102453
102454
102455
102456
102457
102458
102459
102460
102461
102462
102463
102464
102465
102466
102467
102468
102469
102470
102471
102472
102473
102474
102475
102476
102477
102478
102479
102480
102481
102482
102483
102484
102485
102486
102487
102488
102489
102490
102491
102492
102493
102494
102495
102496
102497
102498
102499
102500
102501
102502
102503
102504
102505
102506
102507
102508
102509
102510
102511
102512
102513
102514
102515
102516
102517
102518
102519
102520
102521
102522
102523
102524
102525
102526
102527
102528
102529
102530
102531
102532
102533
102534
102535
102536
102537
102538
102539
102540
102541
102542
102543
102544
102545
102546
102547
102548
102549
102550
102551
102552
102553
102554
102555
102556
102557
102558
102559
102560
102561
102562
102563
102564
102565
102566
102567
102568
102569
102570
102571
102572
102573
102574
102575
102576
102577
102578
102579
102580
102581
102582
102583
102584
102585
102586
102587
102588
102589
102590
102591
102592
102593
102594
102595
102596
102597
102598
102599
102600
102601
102602
102603
102604
102605
102606
102607
102608
102609
102610
102611
102612
102613
102614
102615
102616
102617
102618
102619
102620
102621
102622
102623
102624
102625
102626
102627
102628
102629
102630
102631
102632
102633
102634
102635
102636
102637
102638
102639
102640
102641
102642
102643
102644
102645
102646
102647
102648
102649
102650
102651
102652
102653
102654
102655
102656
102657
102658
102659
102660
102661
102662
102663
102664
102665
102666
102667
102668
102669
102670
102671
102672
102673
102674
102675
102676
102677
102678
102679
102680
102681
102682
102683
102684
102685
102686
102687
102688
102689
102690
102691
102692
102693
102694
102695
102696
102697
102698
102699
102700
102701
102702
102703
102704
102705
102706
102707
102708
102709
102710
102711
102712
102713
102714
102715
102716
102717
102718
102719
102720
102721
102722
102723
102724
102725
102726
102727
102728
102729
102730
102731
102732
102733
102734
102735
102736
102737
102738
102739
102740
102741
102742
102743
102744
102745
102746
102747
102748
102749
102750
102751
102752
102753
102754
102755
102756
102757
102758
102759
102760
102761
102762
102763
102764
102765
102766
102767
102768
102769
102770
102771
102772
102773
102774
102775
102776
102777
102778
102779
102780
102781
102782
102783
102784
102785
102786
102787
102788
102789
102790
102791
102792
102793
102794
102795
102796
102797
102798
102799
102800
102801
102802
102803
102804
102805
102806
102807
102808
102809
102810
102811
102812
102813
102814
102815
102816
102817
102818
102819
102820
102821
102822
102823
102824
102825
102826
102827
102828
102829
102830
102831
102832
102833
102834
102835
102836
102837
102838
102839
102840
102841
102842
102843
102844
102845
102846
102847
102848
102849
102850
102851
102852
102853
102854
102855
102856
102857
102858
102859
102860
102861
102862
102863
102864
102865
102866
102867
102868
102869
102870
102871
102872
102873
102874
102875
102876
102877
102878
102879
102880
102881
102882
102883
102884
102885
102886
102887
102888
102889
102890
102891
102892
102893
102894
102895
102896
102897
102898
102899
102900
102901
102902
102903
102904
102905
102906
102907
102908
102909
102910
102911
102912
102913
102914
102915
102916
102917
102918
102919
102920
102921
102922
102923
102924
102925
102926
102927
102928
102929
102930
102931
102932
102933
102934
102935
102936
102937
102938
102939
102940
102941
102942
102943
102944
102945
102946
102947
102948
102949
102950
102951
102952
102953
102954
102955
102956
102957
102958
102959
102960
102961
102962
102963
102964
102965
102966
102967
102968
102969
102970
102971
102972
102973
102974
102975
102976
102977
102978
102979
102980
102981
102982
102983
102984
102985
102986
102987
102988
102989
102990
102991
102992
102993
102994
102995
102996
102997
102998
102999
103000
103001
103002
103003
103004
103005
103006
103007
103008
103009
103010
103011
103012
103013
103014
103015
103016
103017
103018
103019
103020
103021
103022
103023
103024
103025
103026
103027
103028
103029
103030
103031
103032
103033
103034
103035
103036
103037
103038
103039
103040
103041
103042
103043
103044
103045
103046
103047
103048
103049
103050
103051
103052
103053
103054
103055
103056
103057
103058
103059
103060
103061
103062
103063
103064
103065
103066
103067
103068
103069
103070
103071
103072
103073
103074
103075
103076
103077
103078
103079
103080
103081
103082
103083
103084
103085
103086
103087
103088
103089
103090
103091
103092
103093
103094
103095
103096
103097
103098
103099
103100
103101
103102
103103
103104
103105
103106
103107
103108
103109
103110
103111
103112
103113
103114
103115
103116
103117
103118
103119
103120
103121
103122
103123
103124
103125
103126
103127
103128
103129
103130
103131
103132
103133
103134
103135
103136
103137
103138
103139
103140
103141
103142
103143
103144
103145
103146
103147
103148
103149
103150
103151
103152
103153
103154
103155
103156
103157
103158
103159
103160
103161
103162
103163
103164
103165
103166
103167
103168
103169
103170
103171
103172
103173
103174
103175
103176
103177
103178
103179
103180
103181
103182
103183
103184
103185
103186
103187
103188
103189
103190
103191
103192
103193
103194
103195
103196
103197
103198
103199
103200
103201
103202
103203
103204
103205
103206
103207
103208
103209
103210
103211
103212
103213
103214
103215
103216
103217
103218
103219
103220
103221
103222
103223
103224
103225
103226
103227
103228
103229
103230
103231
103232
103233
103234
103235
103236
103237
103238
103239
103240
103241
103242
103243
103244
103245
103246
103247
103248
103249
103250
103251
103252
103253
103254
103255
103256
103257
103258
103259
103260
103261
103262
103263
103264
103265
103266
103267
103268
103269
103270
103271
103272
103273
103274
103275
103276
103277
103278
103279
103280
103281
103282
103283
103284
103285
103286
103287
103288
103289
103290
103291
103292
103293
103294
103295
103296
103297
103298
103299
103300
103301
103302
103303
103304
103305
103306
103307
103308
103309
103310
103311
103312
103313
103314
103315
103316
103317
103318
103319
103320
103321
103322
103323
103324
103325
103326
103327
103328
103329
103330
103331
103332
103333
103334
103335
103336
103337
103338
103339
103340
103341
103342
103343
103344
103345
103346
103347
103348
103349
103350
103351
103352
103353
103354
103355
103356
103357
103358
103359
103360
103361
103362
103363
103364
103365
103366
103367
103368
103369
103370
103371
103372
103373
103374
103375
103376
103377
103378
103379
103380
103381
103382
103383
103384
103385
103386
103387
103388
103389
103390
103391
103392
103393
103394
103395
103396
103397
103398
103399
103400
103401
103402
103403
103404
103405
103406
103407
103408
103409
103410
103411
103412
103413
103414
103415
103416
103417
103418
103419
103420
103421
103422
103423
103424
103425
103426
103427
103428
103429
103430
103431
103432
103433
103434
103435
103436
103437
103438
103439
103471
103472
103473
103474
103475
103476
103477
103478
103479
103480
103481
103482
103483
103484
103485
103486
103487
103488
103489
103490
103491
103492
103493
103494
103495
103496
103497
103498
103499
103500
103501
103502
103503
103504
103505
103506
103507
103508
103509
103510
103511
103512
103513
103514
103515
103516
103517
103518
103519
108800
108801
108802
108803
108804
108805
108806
108807
108808
108809
108810
108811
108812
108813
108814
108815
108816
108817
108818
108819
108820
108821
108822
108823
108824
108825
108826
108827
108828
108829
108830
108831
108832
108833
108834
108835
108836
108837
108838
108839
108840
108841
108842
108843
108844
108845
108846
108847
108848
108849
108850
108851
108852
108853
108854
108855
108856
108857
108858
108859
108860
108861
108862
108863
108864
108865
108866
108867
108868
108869
108870
108871
108872
108873
108874
108875
108876
108877
108878
108879
108880
108881
108882
108883
108884
108885
108886
108887
108888
108889
108890
108891
108892
108893
108894
108895
108896
108897
108898
108899
108900
108901
108902
108903
108904
108905
108906
108907
108908
108909
108910
108911
108912
108913
108914
108915
108916
108917
108918
108919
108920
108921
108922
108923
108924
108925
108926
108927
108928
108929
108930
108931
108932
108933
108934
108935
108936
108937
108938
108939
108940
108941
108942
108943
108944
108945
108946
108947
108948
108949
108950
108951
108952
108953
108954
108955
108956
108957
108958
108959
108960
108961
108962
108963
108964
108965
108966
108967
108968
108969
108970
108971
108972
108973
108974
108975
108976
108977
108978
108979
108980
108981
108982
108983
108984
108985
108986
108987
108988
108989
108990
108991
108992
108993
108994
108995
108996
108997
108998
108999
109000
109001
109002
109003
109004
109005
109006
109007
109008
109009
109010
109011
109012
109013
109014
109015
109016
109017
109018
109019
109020
109021
109022
109023
109024
109025
109026
109027
109028
109029
109030
109031
109032
109033
109034
109035
109036
109037
109038
109039
109040
109041
109042
109043
109044
109045
109046
109047
109048
109049
109050
109051
109052
109053
109054
109055
109056
109057
109058
109059
109060
109061
109062
109063
109064
109065
109066
109067
109068
109069
109070
109071
109072
109073
109074
109075
109076
109077
109078
109079
109080
109081
109082
109083
109084
109085
109086
109087
109088
109089
109090
109091
109092
109093
109094
109095
109096
109097
109098
109099
109100
109101
109102
109103
109104
109105
109106
109107
109108
109109
109110
109111
109112
109113
109114
109115
109116
109117
109118
109119
109120
109121
109122
109123
109124
109125
109126
109127
109128
109129
109130
109131
109132
109133
109134
109135
109136
109137
109138
109139
109140
109141
109142
109143
109144
109145
109146
109147
109148
109149
109150
109151
109152
109153
109154
109155
109156
109157
109158
109159
109160
109161
109162
109163
109164
109165
109166
109167
109168
109169
109170
109171
109172
109173
109174
109175
109176
109177
109178
109179
109180
109181
109182
109183
109184
109185
109186
109187
109188
109189
109190
109191
109192
109193
109194
109195
109196
109197
109198
109199
109200
109201
109202
109203
109204
109205
109206
109207
109208
109209
109210
109211
109212
109213
109214
109215
109216
109217
109218
109219
109220
109221
109222
109223
109224
109225
109226
109227
109228
109229
109230
109231
109232
109233
109234
109235
109236
109237
109238
109239
109240
109241
109242
109243
109244
109245
109246
109247
109248
109249
109250
109251
109252
109253
109254
109255
109256
109257
109258
109259
109260
109261
109262
109263
109264
109265
109266
109267
109268
109269
109270
109271
109272
109273
109274
109275
109276
109277
109278
109279
109280
109281
109282
109283
109284
109285
109286
109287
109288
109289
109290
109291
109292
109293
109294
109295
109296
109297
109298
109299
109300
109301
109302
109303
109304
109305
109306
109307
109308
109309
109310
109311
109312
109313
109314
109315
109316
109317
109318
109319
109320
109321
109322
109323
109324
109325
109326
109327
109328
109329
109330
109331
109332
109333
109334
109335
109336
109337
109338
109339
109340
109341
109342
109343
109344
109345
109346
109347
109348
109349
109350
109351
109352
109353
109354
109355
109356
109357
109358
109359
109360
109361
109362
109363
109364
109365
109366
109367
109368
109369
109370
109371
109372
109373
109374
109375
109376
109377
109378
109379
109380
109381
109382
109383
109384
109385
109386
109387
109388
109389
109390
109391
109392
109393
109394
109395
109396
109397
109398
109399
109400
109401
109402
109403
109404
109405
109406
109407
109408
109409
109410
109411
109412
109413
109414
109415
109416
109417
109418
109419
109420
109421
109422
109423
109424
109425
109426
109427
109428
109429
109430
109431
109432
109433
109434
109435
109436
109437
109438
109439
109440
109441
109442
109443
109444
109445
109446
109447
109448
109449
109450
109451
109452
109453
109454
109455
109456
109457
109458
109459
109460
109461
109462
109463
109464
109465
109466
109467
109468
109469
109470
109471
109472
109473
109474
109475
109476
109477
109478
109479
109480
109481
109482
109483
109484
109485
109486
109487
109488
109489
109490
109491
109492
109493
109494
109495
109496
109497
109498
109499
109500
109501
109502
109503
109504
109505
109506
109507
109508
109509
109510
109511
109512
109513
109514
109515
109516
109517
109518
109519
109520
109521
109522
109523
109524
109525
109526
109527
109528
109529
109530
109531
109532
109533
109534
109535
109536
109537
109538
109539
109540
109541
109542
109543
109544
109545
109546
109547
109548
109549
109550
109551
109552
109553
109554
109555
109556
109557
109558
109559
109560
109561
109562
109563
109564
109565
109566
109567
109568
109569
109570
109571
109572
109573
109574
109575
109576
109577
109578
109579
109580
109581
109582
109583
109584
109585
109586
109587
109588
109589
109590
109591
109592
109593
109594
109595
109596
109597
109598
109599
109600
109601
109602
109603
109604
109605
109606
109607
109608
109609
109610
109611
109612
109613
109614
109615
109616
109617
109618
109619
109620
109621
109622
109623
109624
109625
109626
109627
109628
109629
109630
109631
109632
109633
109634
109635
109636
109637
109638
109639
109640
109641
109642
109643
109644
109645
109646
109647
109648
109649
109650
109651
109652
109653
109654
109655
109656
109657
109658
109659
109660
109661
109662
109663
109664
109665
109666
109667
109668
109669
109670
109671
109672
109673
109674
109675
109676
109677
109678
109679
109680
109681
109682
109683
109684
109685
109686
109687
109688
109689
109690
109691
109692
109693
109694
109695
109696
109697
109698
109699
109700
109701
109702
109703
109704
109705
109706
109707
109708
109709
109710
109711
109712
109713
109714
109715
109716
109717
109718
109719
109720
109721
109722
109723
109724
109725
109726
109727
109728
109729
109730
109731
109732
109733
109734
109735
109736
109737
109738
109739
109740
109741
109742
109743
109744
109745
109746
109747
109748
109749
109750
109751
109752
109753
109754
109755
109756
109757
109758
109759
109760
109761
109762
109763
109764
109765
109766
109767
109768
109769
109770
109771
109772
109773
109774
109775
109776
109777
109778
109779
109780
109781
109782
109783
109784
109785
109786
109787
109788
109789
109790
109791
109792
109793
109794
109795
109796
109797
109798
109799
109800
109801
109802
109803
109804
109805
109806
109807
109808
109809
109810
109811
109812
109813
109814
109815
109816
109817
109818
109819
109820
109821
109822
109823
109824
109825
109826
109827
109828
109829
109830
109831
109832
109833
109834
109835
109836
109837
109838
109839
109872
109873
109874
109875
109876
109877
109878
109879
109880
109881
109882
109883
109884
109885
109886
109887
109888
109889
109890
109891
109892
109893
109894
109895
109896
109897
109898
109899
109900
109901
109902
109903
109904
109905
109906
109907
109908
109909
109910
109911
109912
109913
109914
109915
109916
109917
109918
109919
115200
115201
115202
115203
115204
115205
115206
115207
115208
115209
115210
115211
115212
115213
115214
115215
115216
115217
115218
115219
115220
115221
115222
115223
115224
115225
115226
115227
115228
115229
115230
115231
115232
115233
115234
115235
115236
115237
115238
115239
115240
115241
115242
115243
115244
115245
115246
115247
115248
115249
115250
115251
115252
115253
115254
115255
115256
115257
115258
115259
115260
115261
115262
115263
115264
115265
115266
115267
115268
115269
115270
115271
115272
115273
115274
115275
115276
115277
115278
115279
115280
115281
115282
115283
115284
115285
115286
115287
115288
115289
115290
115291
115292
115293
115294
115295
115296
115297
115298
115299
115300
115301
115302
115303
115304
115305
115306
115307
115308
115309
115310
115311
115312
115313
115314
115315
115316
115317
115318
115319
115320
115321
115322
115323
115324
115325
115326
115327
115328
115329
115330
115331
115332
115333
115334
115335
115336
115337
115338
115339
115340
115341
115342
115343
115344
115345
115346
115347
115348
115349
115350
115351
115352
115353
115354
115355
115356
115357
115358
115359
115360
115361
115362
115363
115364
115365
115366
115367
115368
115369
115370
115371
115372
115373
115374
115375
115376
115377
115378
115379
115380
115381
115382
115383
115384
115385
115386
115387
115388
115389
115390
115391
115392
115393
115394
115395
115396
115397
115398
115399
115400
115401
115402
115403
115404
115405
115406
115407
115408
115409
115410
115411
115412
115413
115414
115415
115416
115417
115418
115419
115420
115421
115422
115423
115424
115425
115426
115427
115428
115429
115430
115431
115432
115433
115434
115435
115436
115437
115438
115439
115440
115441
115442
115443
115444
115445
115446
115447
115448
115449
115450
115451
115452
115453
115454
115455
115456
115457
115458
115459
115460
115461
115462
115463
115464
115465
115466
115467
115468
115469
115470
115471
115472
115473
115474
115475
115476
115477
115478
115479
115480
115481
115482
115483
115484
115485
115486
115487
115488
115489
115490
115491
115492
115493
115494
115495
115496
115497
115498
115499
115500
115501
115502
115503
115504
115505
115506
115507
115508
115509
115510
115511
115512
115513
115514
115515
115516
115517
115518
115519
115520
115521
115522
115523
115524
115525
115526
115527
115528
115529
115530
115531
115532
115533
115534
115535
115536
115537
115538
115539
115540
115541
115542
115543
115544
115545
115546
115547
115548
115549
115550
115551
115552
115553
115554
115555
115556
115557
115558
115559
115560
115561
115562
115563
115564
115565
115566
115567
115568
115569
115570
115571
115572
115573
115574
115575
115576
115577
115578
115579
115580
115581
115582
115583
115584
115585
115586
115587
115588
115589
115590
115591
115592
115593
115594
115595
115596
115597
115598
115599
115600
115601
115602
115603
115604
115605
115606
115607
115608
115609
115610
115611
115612
115613
115614
115615
115616
115617
115618
115619
115620
115621
115622
115623
115624
115625
115626
115627
115628
115629
115630
115631
115632
115633
115634
115635
115636
115637
115638
115639
115640
115641
115642
115643
115644
115645
115646
115647
115648
115649
115650
115651
115652
115653
115654
115655
115656
115657
115658
115659
115660
115661
115662
115663
115664
115665
115666
115667
115668
115669
115670
115671
115672
115673
115674
115675
115676
115677
115678
115679
115680
115681
115682
115683
115684
115685
115686
115687
115688
115689
115690
115691
115692
115693
115694
115695
115696
115697
115698
115699
115700
115701
115702
115703
115704
115705
115706
115707
115708
115709
115710
115711
115712
115713
115714
115715
115716
115717
115718
115719
115720
115721
115722
115723
115724
115725
115726
115727
115728
115729
115730
115731
115732
115733
115734
115735
115736
115737
115738
115739
115740
115741
115742
115743
115744
115745
115746
115747
115748
115749
115750
115751
115752
115753
115754
115755
115756
115757
115758
115759
115760
115761
115762
115763
115764
115765
115766
115767
115768
115769
115770
115771
115772
115773
115774
115775
115776
115777
115778
115779
115780
115781
115782
115783
115784
115785
115786
115787
115788
115789
115790
115791
115792
115793
115794
115795
115796
115797
115798
115799
115800
115801
115802
115803
115804
115805
115806
115807
115808
115809
115810
115811
115812
115813
115814
115815
115816
115817
115818
115819
115820
115821
115822
115823
115824
115825
115826
115827
115828
115829
115830
115831
115832
115833
115834
115835
115836
115837
115838
115839
115840
115841
115842
115843
115844
115845
115846
115847
115848
115849
115850
115851
115852
115853
115854
115855
115856
115857
115858
115859
115860
115861
115862
115863
115864
115865
115866
115867
115868
115869
115870
115871
115872
115873
115874
115875
115876
115877
115878
115879
115880
115881
115882
115883
115884
115885
115886
115887
115888
115889
115890
115891
115892
115893
115894
115895
115896
115897
115898
115899
115900
115901
115902
115903
115904
115905
115906
115907
115908
115909
115910
115911
115912
115913
115914
115915
115916
115917
115918
115919
115920
115921
115922
115923
115924
115925
115926
115927
115928
115929
115930
115931
115932
115933
115934
115935
115936
115937
115938
115939
115940
115941
115942
115943
115944
115945
115946
115947
115948
115949
115950
115951
115952
115953
115954
115955
115956
115957
115958
115959
115960
115961
115962
115963
115964
115965
115966
115967
115968
115969
115970
115971
115972
115973
115974
115975
115976
115977
115978
115979
115980
115981
115982
115983
115984
115985
115986
115987
115988
115989
115990
115991
115992
115993
115994
115995
115996
115997
115998
115999
116000
116001
116002
116003
116004
116005
116006
116007
116008
116009
116010
116011
116012
116013
116014
116015
116016
116017
116018
116019
116020
116021
116022
116023
116024
116025
116026
116027
116028
116029
116030
116031
116032
116033
116034
116035
116036
116037
116038
116039
116040
116041
116042
116043
116044
116045
116046
116047
116048
116049
116050
116051
116052
116053
116054
116055
116056
116057
116058
116059
116060
116061
116062
116063
116064
116065
116066
116067
116068
116069
116070
116071
116072
116073
116074
116075
116076
116077
116078
116079
116080
116081
116082
116083
116084
116085
116086
116087
116088
116089
116090
116091
116092
116093
116094
116095
116096
116097
116098
116099
116100
116101
116102
116103
116104
116105
116106
116107
116108
116109
116110
116111
116112
116113
116114
116115
116116
116117
116118
116119
116120
116121
116122
116123
116124
116125
116126
116127
116128
116129
116130
116131
116132
116133
116134
116135
116136
116137
116138
116139
116140
116141
116142
116143
116144
116145
116146
116147
116148
116149
116150
116151
116152
116153
116154
116155
116156
116157
116158
116159
116160
116161
116162
116163
116164
116165
116166
116167
116168
116169
116170
116171
116172
116173
116174
116175
116176
116177
116178
116179
116180
116181
116182
116183
116184
116185
116186
116187
116188
116189
116190
116191
116192
116193
116194
116195
116196
116197
116198
116199
116200
116201
116202
116203
116204
116205
116206
116207
116208
116209
116210
116211
116212
116213
116214
116215
116216
116217
116218
116219
116220
116221
116222
116223
116224
116225
116226
116227
116228
116229
116230
116231
116232
116233
116234
116235
116236
116237
116238
116239
116273
116274
116275
116276
116277
116278
116279
116280
116281
116282
116283
116284
116285
116286
116287
116288
116289
116290
116291
116292
116293
116294
116295
116296
116297
116298
116299
116300
116301
116302
116303
116304
116305
116306
116307
116308
116309
116310
116311
116312
116313
116314
116315
116316
116317
116318
116319
121600
121601
121602
121603
121604
121605
121606
121607
121608
121609
121610
121611
121612
121613
121614
121615
121616
121617
121618
121619
121620
121621
121622
121623
121624
121625
121626
121627
121628
121629
121630
121631
121632
121633
121634
121635
121636
121637
121638
121639
121640
121641
121642
121643
121644
121645
121646
121647
121648
121649
121650
121651
121652
121653
121654
121655
121656
121657
121658
121659
121660
121661
121662
121663
121664
121665
121666
121667
121668
121669
121670
121671
121672
121673
121674
121675
121676
121677
121678
121679
121680
121681
121682
121683
121684
121685
121686
121687
121688
121689
121690
121691
121692
121693
121694
121695
121696
121697
121698
121699
121700
121701
121702
121703
121704
121705
121706
121707
121708
121709
121710
121711
121712
121713
121714
121715
121716
121717
121718
121719
121720
121721
121722
121723
121724
121725
121726
121727
121728
121729
121730
121731
121732
121733
121734
121735
121736
121737
121738
121739
121740
121741
121742
121743
121744
121745
121746
121747
121748
121749
121750
121751
121752
121753
121754
121755
121756
121757
121758
121759
121760
121761
121762
121763
121764
121765
121766
121767
121768
121769
121770
121771
121772
121773
121774
121775
121776
121777
121778
121779
121780
121781
121782
121783
121784
121785
121786
121787
121788
121789
121790
121791
121792
121793
121794
121795
121796
121797
121798
121799
121800
121801
121802
121803
121804
121805
121806
121807
121808
121809
121810
121811
121812
121813
121814
121815
121816
121817
121818
121819
121820
121821
121822
121823
121824
121825
121826
121827
121828
121829
121830
121831
121832
121833
121834
121835
121836
121837
121838
121839
121840
121841
121842
121843
121844
121845
121846
121847
121848
121849
121850
121851
121852
121853
121854
121855
121856
121857
121858
121859
121860
121861
121862
121863
121864
121865
121866
121867
121868
121869
121870
121871
121872
121873
121874
121875
121876
121877
121878
121879
121880
121881
121882
121883
121884
121885
121886
121887
121888
121889
121890
121891
121892
121893
121894
121895
121896
121897
121898
121899
121900
121901
121902
121903
121904
121905
121906
121907
121908
121909
121910
121911
121912
121913
121914
121915
121916
121917
121918
121919
121920
121921
121922
121923
121924
121925
121926
121927
121928
121929
121930
121931
121932
121933
121934
121935
121936
121937
121938
121939
121940
121941
121942
121943
121944
121945
121946
121947
121948
121949
121950
121951
121952
121953
121954
121955
121956
121957
121958
121959
121960
121961
121962
121963
121964
121965
121966
121967
121968
121969
121970
121971
121972
121973
121974
121975
121976
121977
121978
121979
121980
121981
121982
121983
121984
121985
121986
121987
121988
121989
121990
121991
121992
121993
121994
121995
121996
121997
121998
121999
122000
122001
122002
122003
122004
122005
122006
122007
122008
122009
122010
122011
122012
122013
122014
122015
122016
122017
122018
122019
122020
122021
122022
122023
122024
122025
122026
122027
122028
122029
122030
122031
122032
122033
122034
122035
122036
122037
122038
122039
122040
122041
122042
122043
122044
122045
122046
122047
122048
122049
122050
122051
122052
122053
122054
122055
122056
122057
122058
122059
122060
122061
122062
122063
122064
122065
122066
122067
122068
122069
122070
122071
122072
122073
122074
122075
122076
122077
122078
122079
122080
122081
122082
122083
122084
122085
122086
122087
122088
122089
122090
122091
122092
122093
122094
122095
122096
122097
122098
122099
122100
122101
122102
122103
122104
122105
122106
122107
122108
122109
122110
122111
122112
122113
122114
122115
122116
122117
122118
122119
122120
122121
122122
122123
122124
122125
122126
122127
122128
122129
122130
122131
122132
122133
122134
122135
122136
122137
122138
122139
122140
122141
122142
122143
122144
122145
122146
122147
122148
122149
122150
122151
122152
122153
122154
122155
122156
122157
122158
122159
122160
122161
122162
122163
122164
122165
122166
122167
122168
122169
122170
122171
122172
122173
122174
122175
122176
122177
122178
122179
122180
122181
122182
122183
122184
122185
122186
122187
122188
122189
122190
122191
122192
122193
122194
122195
122196
122197
122198
122199
122200
122201
122202
122203
122204
122205
122206
122207
122208
122209
122210
122211
122212
122213
122214
122215
122216
122217
122218
122219
122220
122221
122222
122223
122224
122225
122226
122227
122228
122229
122230
122231
122232
122233
122234
122235
122236
122237
122238
122239
122240
122241
122242
122243
122244
122245
122246
122247
122248
122249
122250
122251
122252
122253
122254
122255
122256
122257
122258
122259
122260
122261
122262
122263
122264
122265
122266
122267
122268
122269
122270
122271
122272
122273
122274
122275
122276
122277
122278
122279
122280
122281
122282
122283
122284
122285
122286
122287
122288
122289
122290
122291
122292
122293
122294
122295
122296
122297
122298
122299
122300
122301
122302
122303
122304
122305
122306
122307
122308
122309
122310
122311
122312
122313
122314
122315
122316
122317
122318
122319
122320
122321
122322
122323
122324
122325
122326
122327
122328
122329
122330
122331
122332
122333
122334
122335
122336
122337
122338
122339
122340
122341
122342
122343
122344
122345
122346
122347
122348
122349
122350
122351
122352
122353
122354
122355
122356
122357
122358
122359
122360
122361
122362
122363
122364
122365
122366
122367
122368
122369
122370
122371
122372
122373
122374
122375
122376
122377
122378
122379
122380
122381
122382
122383
122384
122385
122386
122387
122388
122389
122390
122391
122392
122393
122394
122395
122396
122397
122398
122399
122400
122401
122402
122403
122404
122405
122406
122407
122408
122409
122410
122411
122412
122413
122414
122415
122416
122417
122418
122419
122420
122421
122422
122423
122424
122425
122426
122427
122428
122429
122430
122431
122432
122433
122434
122435
122436
122437
122438
122439
122440
122441
122442
122443
122444
122445
122446
122447
122448
122449
122450
122451
122452
122453
122454
122455
122456
122457
122458
122459
122460
122461
122462
122463
122464
122465
122466
122467
122468
122469
122470
122471
122472
122473
122474
122475
122476
122477
122478
122479
122480
122481
122482
122483
122484
122485
122486
122487
122488
122489
122490
122491
122492
122493
122494
122495
122496
122497
122498
122499
122500
122501
122502
122503
122504
122505
122506
122507
122508
122509
122510
122511
122512
122513
122514
122515
122516
122517
122518
122519
122520
122521
122522
122523
122524
122525
122526
122527
122528
122529
122530
122531
122532
122533
122534
122535
122536
122537
122538
122539
122540
122541
122542
122543
122544
122545
122546
122547
122548
122549
122550
122551
122552
122553
122554
122555
122556
122557
122558
122559
122560
122561
122562
122563
122564
122565
122566
122567
122568
122569
122570
122571
122572
122573
122574
122575
122576
122577
122578
122579
122580
122581
122582
122583
122584
122585
122586
122587
122588
122589
122590
122591
122592
122593
122594
122595
122596
122597
122598
122599
122600
122601
122602
122603
122604
122605
122606
122607
122608
122609
122610
122611
122612
122613
122614
122615
122616
122617
122618
122619
122620
122621
122622
122623
122624
122625
122626
122627
122628
122629
122630
122631
122632
122633
122634
122635
122636
122637
122638
122639
122674
122675
122676
122677
122678
122679
122680
122681
122682
122683
122684
122685
122686
122687
122688
122689
122690
122691
122692
122693
122694
122695
122696
122697
122698
122699
122700
122701
122702
122703
122704
122705
122706
122707
122708
122709
122710
122711
122712
122713
122714
122715
122716
122717
122718
122719
128000
128001
128002
128003
128004
128005
128006
128007
128008
128009
128010
128011
128012
128013
128014
128015
128016
128017
128018
128019
128020
128021
128022
128023
128024
128025
128026
128027
128028
128029
128030
128031
128032
128033
128034
128035
128036
128037
128038
128039
128040
128041
128042
128043
128044
128045
128046
128047
128048
128049
128050
128051
128052
128053
128054
128055
128056
128057
128058
128059
128060
128061
128062
128063
128064
128065
128066
128067
128068
128069
128070
128071
128072
128073
128074
128075
128076
128077
128078
128079
128080
128081
128082
128083
128084
128085
128086
128087
128088
128089
128090
128091
128092
128093
128094
128095
128096
128097
128098
128099
128100
128101
128102
128103
128104
128105
128106
128107
128108
128109
128110
128111
128112
128113
128114
128115
128116
128117
128118
128119
128120
128121
128122
128123
128124
128125
128126
128127
128128
128129
128130
128131
128132
128133
128134
128135
128136
128137
128138
128139
128140
128141
128142
128143
128144
128145
128146
128147
128148
128149
128150
128151
128152
128153
128154
128155
128156
128157
128158
128159
128160
128161
128162
128163
128164
128165
128166
128167
128168
128169
128170
128171
128172
128173
128174
128175
128176
128177
128178
128179
128180
128181
128182
128183
128184
128185
128186
128187
128188
128189
128190
128191
128192
128193
128194
128195
128196
128197
128198
128199
128200
128201
128202
128203
128204
128205
128206
128207
128208
128209
128210
128211
128212
128213
128214
128215
128216
128217
128218
128219
128220
128221
128222
128223
128224
128225
128226
128227
128228
128229
128230
128231
128232
128233
128234
128235
128236
128237
128238
128239
128240
128241
128242
128243
128244
128245
128246
128247
128248
128249
128250
128251
128252
128253
128254
128255
128256
128257
128258
128259
128260
128261
128262
128263
128264
128265
128266
128267
128268
128269
128270
128271
128272
128273
128274
128275
128276
128277
128278
128279
128280
128281
128282
128283
128284
128285
128286
128287
128288
128289
128290
128291
128292
128293
128294
128295
128296
128297
128298
128299
128300
128301
128302
128303
128304
128305
128306
128307
128308
128309
128310
128311
128312
128313
128314
128315
128316
128317
128318
128319
128320
128321
128322
128323
128324
128325
128326
128327
128328
128329
128330
128331
128332
128333
128334
128335
128336
128337
128338
128339
128340
128341
128342
128343
128344
128345
128346
128347
128348
128349
128350
128351
128352
128353
128354
128355
128356
128357
128358
128359
128360
128361
128362
128363
128364
128365
128366
128367
128368
128369
128370
128371
128372
128373
128374
128375
128376
128377
128378
128379
128380
128381
128382
128383
128384
128385
128386
128387
128388
128389
128390
128391
128392
128393
128394
128395
128396
128397
128398
128399
128400
128401
128402
128403
128404
128405
128406
128407
128408
128409
128410
128411
128412
128413
128414
128415
128416
128417
128418
128419
128420
128421
128422
128423
128424
128425
128426
128427
128428
128429
128430
128431
128432
128433
128434
128435
128436
128437
128438
128439
128440
128441
128442
128443
128444
128445
128446
128447
128448
128449
128450
128451
128452
128453
128454
128455
128456
128457
128458
128459
128460
128461
128462
128463
128464
128465
128466
128467
128468
128469
128470
128471
128472
128473
128474
128475
128476
128477
128478
128479
128480
128481
128482
128483
128484
128485
128486
128487
128488
128489
128490
128491
128492
128493
128494
128495
128496
128497
128498
128499
128500
128501
128502
128503
128504
128505
128506
128507
128508
128509
128510
128511
128512
128513
128514
128515
128516
128517
128518
128519
128520
128521
128522
128523
128524
128525
128526
128527
128528
128529
128530
128531
128532
128533
128534
128535
128536
128537
128538
128539
128540
128541
128542
128543
128544
128545
128546
128547
128548
128549
128550
128551
128552
128553
128554
128555
128556
128557
128558
128559
128560
128561
128562
128563
128564
128565
128566
128567
128568
128569
128570
128571
128572
128573
128574
128575
128576
128577
128578
128579
128580
128581
128582
128583
128584
128585
128586
128587
128588
128589
128590
128591
128592
128593
128594
128595
128596
128597
128598
128599
128600
128601
128602
128603
128604
128605
128606
128607
128608
128609
128610
128611
128612
128613
128614
128615
128616
128617
128618
128619
128620
128621
128622
128623
128624
128625
128626
128627
128628
128629
128630
128631
128632
128633
128634
128635
128636
128637
128638
128639
128640
128641
128642
128643
128644
128645
128646
128647
128648
128649
128650
128651
128652
128653
128654
128655
128656
128657
128658
128659
128660
128661
128662
128663
128664
128665
128666
128667
128668
128669
128670
128671
128672
128673
128674
128675
128676
128677
128678
128679
128680
128681
128682
128683
128684
128685
128686
128687
128688
128689
128690
128691
128692
128693
128694
128695
128696
128697
128698
128699
128700
128701
128702
128703
128704
128705
128706
128707
128708
128709
128710
128711
128712
128713
128714
128715
128716
128717
128718
128719
128720
128721
128722
128723
128724
128725
128726
128727
128728
128729
128730
128731
128732
128733
128734
128735
128736
128737
128738
128739
128740
128741
128742
128743
128744
128745
128746
128747
128748
128749
128750
128751
128752
128753
128754
128755
128756
128757
128758
128759
128760
128761
128762
128763
128764
128765
128766
128767
128768
128769
128770
128771
128772
128773
128774
128775
128776
128777
128778
128779
128780
128781
128782
128783
128784
128785
128786
128787
128788
128789
128790
128791
128792
128793
128794
128795
128796
128797
128798
128799
128800
128801
128802
128803
128804
128805
128806
128807
128808
128809
128810
128811
128812
128813
128814
128815
128816
128817
128818
128819
128820
128821
128822
128823
128824
128825
128826
128827
128828
128829
128830
128831
128832
128833
128834
128835
128836
128837
128838
128839
128840
128841
128842
128843
128844
128845
128846
128847
128848
128849
128850
128851
128852
128853
128854
128855
128856
128857
128858
128859
128860
128861
128862
128863
128864
128865
128866
128867
128868
128869
128870
128871
128872
128873
128874
128875
128876
128877
128878
128879
128880
128881
128882
128883
128884
128885
128886
128887
128888
128889
128890
128891
128892
128893
128894
128895
128896
128897
128898
128899
128900
128901
128902
128903
128904
128905
128906
128907
128908
128909
128910
128911
128912
128913
128914
128915
128916
128917
128918
128919
128920
128921
128922
128923
128924
128925
128926
128927
128928
128929
128930
128931
128932
128933
128934
128935
128936
128937
128938
128939
128940
128941
128942
128943
128944
128945
128946
128947
128948
128949
128950
128951
128952
128953
128954
128955
128956
128957
128958
128959
128960
128961
128962
128963
128964
128965
128966
128967
128968
128969
128970
128971
128972
128973
128974
128975
128976
128977
128978
128979
128980
128981
128982
128983
128984
128985
128986
128987
128988
128989
128990
128991
128992
128993
128994
128995
128996
128997
128998
128999
129000
129001
129002
129003
129004
129005
129006
129007
129008
129009
129010
129011
129012
129013
129014
129015
129016
129017
129018
129019
129020
129021
129022
129023
129024
129025
129026
129027
129028
129029
129030
129031
129032
129033
129034
129035
129036
129037
129038
129039
129075
129076
129077
129078
129079
129080
129081
129082
129083
129084
129085
129086
129087
129088
129089
129090
129091
129092
129093
129094
129095
129096
129097
129098
129099
129100
129101
129102
129103
129104
129105
129106
129107
129108
129109
129110
129111
129112
129113
129114
129115
129116
129117
129118
129119
134400
134401
134402
134403
134404
134405
134406
134407
134408
134409
134410
134411
134412
134413
134414
134415
134416
134417
134418
134419
134420
134421
134422
134423
134424
134425
134426
134427
134428
134429
134430
134431
134432
134433
134434
134435
134436
134437
134438
134439
134440
134441
134442
134443
134444
134445
134446
134447
134448
134449
134450
134451
134452
134453
134454
134455
134456
134457
134458
134459
134460
134461
134462
134463
134464
134465
134466
134467
134468
134469
134470
134471
134472
134473
134474
134475
134476
134477
134478
134479
134480
134481
134482
134483
134484
134485
134486
134487
134488
134489
134490
134491
134492
134493
134494
134495
134496
134497
134498
134499
134500
134501
134502
134503
134504
134505
134506
134507
134508
134509
134510
134511
134512
134513
134514
134515
134516
134517
134518
134519
134520
134521
134522
134523
134524
134525
134526
134527
134528
134529
134530
134531
134532
134533
134534
134535
134536
134537
134538
134539
134540
134541
134542
134543
134544
134545
134546
134547
134548
134549
134550
134551
134552
134553
134554
134555
134556
134557
134558
134559
134560
134561
134562
134563
134564
134565
134566
134567
134568
134569
134570
134571
134572
134573
134574
134575
134576
134577
134578
134579
134580
134581
134582
134583
134584
134585
134586
134587
134588
134589
134590
134591
134592
134593
134594
134595
134596
134597
134598
134599
134600
134601
134602
134603
134604
134605
134606
134607
134608
134609
134610
134611
134612
134613
134614
134615
134616
134617
134618
134619
134620
134621
134622
134623
134624
134625
134626
134627
134628
134629
134630
134631
134632
134633
134634
134635
134636
134637
134638
134639
134640
134641
134642
134643
134644
134645
134646
134647
134648
134649
134650
134651
134652
134653
134654
134655
134656
134657
134658
134659
134660
134661
134662
134663
134664
134665
134666
134667
134668
134669
134670
134671
134672
134673
134674
134675
134676
134677
134678
134679
134680
134681
134682
134683
134684
134685
134686
134687
134688
134689
134690
134691
134692
134693
134694
134695
134696
134697
134698
134699
134700
134701
134702
134703
134704
134705
134706
134707
134708
134709
134710
134711
134712
134713
134714
134715
134716
134717
134718
134719
134720
134721
134722
134723
134724
134725
134726
134727
134728
134729
134730
134731
134732
134733
134734
134735
134736
134737
134738
134739
134740
134741
134742
134743
134744
134745
134746
134747
134748
134749
134750
134751
134752
134753
134754
134755
134756
134757
134758
134759
134760
134761
134762
134763
134764
134765
134766
134767
134768
134769
134770
134771
134772
134773
134774
134775
134776
134777
134778
134779
134780
134781
134782
134783
134784
134785
134786
134787
134788
134789
134790
134791
134792
134793
134794
134795
134796
134797
134798
134799
134800
134801
134802
134803
134804
134805
134806
134807
134808
134809
134810
134811
134812
134813
134814
134815
134816
134817
134818
134819
134820
134821
134822
134823
134824
134825
134826
134827
134828
134829
134830
134831
134832
134833
134834
134835
134836
134837
134838
134839
134840
134841
134842
134843
134844
134845
134846
134847
134848
134849
134850
134851
134852
134853
134854
134855
134856
134857
134858
134859
134860
134861
134862
134863
134864
134865
134866
134867
134868
134869
134870
134871
134872
134873
134874
134875
134876
134877
134878
134879
134880
134881
134882
134883
134884
134885
134886
134887
134888
134889
134890
134891
134892
134893
134894
134895
134896
134897
134898
134899
134900
134901
134902
134903
134904
134905
134906
134907
134908
134909
134910
134911
134912
134913
134914
134915
134916
134917
134918
134919
134920
134921
134922
134923
134924
134925
134926
134927
134928
134929
134930
134931
134932
134933
134934
134935
134936
134937
134938
134939
134940
134941
134942
134943
134944
134945
134946
134947
134948
134949
134950
134951
134952
134953
134954
134955
134956
134957
134958
134959
134960
134961
134962
134963
134964
134965
134966
134967
134968
134969
134970
134971
134972
134973
134974
134975
134976
134977
134978
134979
134980
134981
134982
134983
134984
134985
134986
134987
134988
134989
134990
134991
134992
134993
134994
134995
134996
134997
134998
134999
135000
135001
135002
135003
135004
135005
135006
135007
135008
135009
135010
135011
135012
135013
135014
135015
135016
135017
135018
135019
135020
135021
135022
135023
135024
135025
135026
135027
135028
135029
135030
135031
135032
135033
135034
135035
135036
135037
135038
135039
135040
135041
135042
135043
135044
135045
135046
135047
135048
135049
135050
135051
135052
135053
135054
135055
135056
135057
135058
135059
135060
135061
135062
135063
135064
135065
135066
135067
135068
135069
135070
135071
135072
135073
135074
135075
135076
135077
135078
135079
135080
135081
135082
135083
135084
135085
135086
135087
135088
135089
135090
135091
135092
135093
135094
135095
135096
135097
135098
135099
135100
135101
135102
135103
135104
135105
135106
135107
135108
135109
135110
135111
135112
135113
135114
135115
135116
135117
135118
135119
135120
135121
135122
135123
135124
135125
135126
135127
135128
135129
135130
135131
135132
135133
135134
135135
135136
135137
135138
135139
135140
135141
135142
135143
135144
135145
135146
135147
135148
135149
135150
135151
135152
135153
135154
135155
135156
135157
135158
135159
135160
135161
135162
135163
135164
135165
135166
135167
135168
135169
135170
135171
135172
135173
135174
135175
135176
135177
135178
135179
135180
135181
135182
135183
135184
135185
135186
135187
135188
135189
135190
135191
135192
135193
135194
135195
135196
135197
135198
135199
135200
135201
135202
135203
135204
135205
135206
135207
135208
135209
135210
135211
135212
135213
135214
135215
135216
135217
135218
135219
135220
135221
135222
135223
135224
135225
135226
135227
135228
135229
135230
135231
135232
135233
135234
135235
135236
135237
135238
135239
135240
135241
135242
135243
135244
135245
135246
135247
135248
135249
135250
135251
135252
135253
135254
135255
135256
135257
135258
135259
135260
135261
135262
135263
135264
135265
135266
135267
135268
135269
135270
135271
135272
135273
135274
135275
135276
135277
135278
135279
135280
135281
135282
135283
135284
135285
135286
135287
135288
135289
135290
135291
135292
135293
135294
135295
135296
135297
135298
135299
135300
135301
135302
135303
135304
135305
135306
135307
135308
135309
135310
135311
135312
135313
135314
135315
135316
135317
135318
135319
135320
135321
135322
135323
135324
135325
135326
135327
135328
135329
135330
135331
135332
135333
135334
135335
135336
135337
135338
135339
135340
135341
135342
135343
135344
135345
135346
135347
135348
135349
135350
135351
135352
135353
135354
135355
135356
135357
135358
135359
135360
135361
135362
135363
135364
135365
135366
135367
135368
135369
135370
135371
135372
135373
135374
135375
135376
135377
135378
135379
135380
135381
135382
135383
135384
135385
135386
135387
135388
135389
135390
135391
135392
135393
135394
135395
135396
135397
135398
135399
135400
135401
135402
135403
135404
135405
135406
135407
135408
135409
135410
135411
135412
135413
135414
135415
135416
135417
135418
135419
135420
135421
135422
135423
135424
135425
135426
135427
135428
135429
135430
135431
135432
135433
135434
135435
135436
135437
135438
135439
135476
135477
135478
135479
135480
135481
135482
135483
135484
135485
135486
135487
135488
135489
135490
135491
135492
135493
135494
135495
135496
135497
135498
135499
135500
135501
135502
135503
135504
135505
135506
135507
135508
135509
135510
135511
135512
135513
135514
135515
135516
135517
135518
135519
140800
140801
140802
140803
140804
140805
140806
140807
140808
140809
140810
140811
140812
140813
140814
140815
140816
140817
140818
140819
140820
140821
140822
140823
140824
140825
140826
140827
140828
140829
140830
140831
140832
140833
140834
140835
140836
140837
140838
140839
140840
140841
140842
140843
140844
140845
140846
140847
140848
140849
140850
140851
140852
140853
140854
140855
140856
140857
140858
140859
140860
140861
140862
140863
140864
140865
140866
140867
140868
140869
140870
140871
140872
140873
140874
140875
140876
140877
140878
140879
140880
140881
140882
140883
140884
140885
140886
140887
140888
140889
140890
140891
140892
140893
140894
140895
140896
140897
140898
140899
140900
140901
140902
140903
140904
140905
140906
140907
140908
140909
140910
140911
140912
140913
140914
140915
140916
140917
140918
140919
140920
140921
140922
140923
140924
140925
140926
140927
140928
140929
140930
140931
140932
140933
140934
140935
140936
140937
140938
140939
140940
140941
140942
140943
140944
140945
140946
140947
140948
140949
140950
140951
140952
140953
140954
140955
140956
140957
140958
140959
140960
140961
140962
140963
140964
140965
140966
140967
140968
140969
140970
140971
140972
140973
140974
140975
140976
140977
140978
140979
140980
140981
140982
140983
140984
140985
140986
140987
140988
140989
140990
140991
140992
140993
140994
140995
140996
140997
140998
140999
141000
141001
141002
141003
141004
141005
141006
141007
141008
141009
141010
141011
141012
141013
141014
141015
141016
141017
141018
141019
141020
141021
141022
141023
141024
141025
141026
141027
141028
141029
141030
141031
141032
141033
141034
141035
141036
141037
141038
141039
141040
141041
141042
141043
141044
141045
141046
141047
141048
141049
141050
141051
141052
141053
141054
141055
141056
141057
141058
141059
141060
141061
141062
141063
141064
141065
141066
141067
141068
141069
141070
141071
141072
141073
141074
141075
141076
141077
141078
141079
141080
141081
141082
141083
141084
141085
141086
141087
141088
141089
141090
141091
141092
141093
141094
141095
141096
141097
141098
141099
141100
141101
141102
141103
141104
141105
141106
141107
141108
141109
141110
141111
141112
141113
141114
141115
141116
141117
141118
141119
141120
141121
141122
141123
141124
141125
141126
141127
141128
141129
141130
141131
141132
141133
141134
141135
141136
141137
141138
141139
141140
141141
141142
141143
141144
141145
141146
141147
141148
141149
141150
141151
141152
141153
141154
141155
141156
141157
141158
141159
141160
141161
141162
141163
141164
141165
141166
141167
141168
141169
141170
141171
141172
141173
141174
141175
141176
141177
141178
141179
141180
141181
141182
141183
141184
141185
141186
141187
141188
141189
141190
141191
141192
141193
141194
141195
141196
141197
141198
141199
141200
141201
141202
141203
141204
141205
141206
141207
141208
141209
141210
141211
141212
141213
141214
141215
141216
141217
141218
141219
141220
141221
141222
141223
141224
141225
141226
141227
141228
141229
141230
141231
141232
141233
141234
141235
141236
141237
141238
141239
141240
141241
141242
141243
141244
141245
141246
141247
141248
141249
141250
141251
141252
141253
141254
141255
141256
141257
141258
141259
141260
141261
141262
141263
141264
141265
141266
141267
141268
141269
141270
141271
141272
141273
141274
141275
141276
141277
141278
141279
141280
141281
141282
141283
141284
141285
141286
141287
141288
141289
141290
141291
141292
141293
141294
141295
141296
141297
141298
141299
141300
141301
141302
141303
141304
141305
141306
141307
141308
141309
141310
141311
141312
141313
141314
141315
141316
141317
141318
141319
141320
141321
141322
141323
141324
141325
141326
141327
141328
141329
141330
141331
141332
141333
141334
141335
141336
141337
141338
141339
141340
141341
141342
141343
141344
141345
141346
141347
141348
141349
141350
141351
141352
141353
141354
141355
141356
141357
141358
141359
141360
141361
141362
141363
141364
141365
141366
141367
141368
141369
141370
141371
141372
141373
141374
141375
141376
141377
141378
141379
141380
141381
141382
141383
141384
141385
141386
141387
141388
141389
141390
141391
141392
141393
141394
141395
141396
141397
141398
141399
141400
141401
141402
141403
141404
141405
141406
141407
141408
141409
141410
141411
141412
141413
141414
141415
141416
141417
141418
141419
141420
141421
141422
141423
141424
141425
141426
141427
141428
141429
141430
141431
141432
141433
141434
141435
141436
141437
141438
141439
141440
141441
141442
141443
141444
141445
141446
141447
141448
141449
141450
141451
141452
141453
141454
141455
141456
141457
141458
141459
141460
141461
141462
141463
141464
141465
141466
141467
141468
141469
141470
141471
141472
141473
141474
141475
141476
141477
141478
141479
141480
141481
141482
141483
141484
141485
141486
141487
141488
141489
141490
141491
141492
141493
141494
141495
141496
141497
141498
141499
141500
141501
141502
141503
141504
141505
141506
141507
141508
141509
141510
141511
141512
141513
141514
141515
141516
141517
141518
141519
141520
141521
141522
141523
141524
141525
141526
141527
141528
141529
141530
141531
141532
141533
141534
141535
141536
141537
141538
141539
141540
141541
141542
141543
141544
141545
141546
141547
141548
141549
141550
141551
141552
141553
141554
141555
141556
141557
141558
141559
141560
141561
141562
141563
141564
141565
141566
141567
141568
141569
141570
141571
141572
141573
141574
141575
141576
141577
141578
141579
141580
141581
141582
141583
141584
141585
141586
141587
141588
141589
141590
141591
141592
141593
141594
141595
141596
141597
141598
141599
141600
141601
141602
141603
141604
141605
141606
141607
141608
141609
141610
141611
141612
141613
141614
141615
141616
141617
141618
141619
141620
141621
141622
141623
141624
141625
141626
141627
141628
141629
141630
141631
141632
141633
141634
141635
141636
141637
141638
141639
141640
141641
141642
141643
141644
141645
141646
141647
141648
141649
141650
141651
141652
141653
141654
141655
141656
141657
141658
141659
141660
141661
141662
141663
141664
141665
141666
141667
141668
141669
141670
141671
141672
141673
141674
141675
141676
141677
141678
141679
141680
141681
141682
141683
141684
141685
141686
141687
141688
141689
141690
141691
141692
141693
141694
141695
141696
141697
141698
141699
141700
141701
141702
141703
141704
141705
141706
141707
141708
141709
141710
141711
141712
141713
141714
141715
141716
141717
141718
141719
141720
141721
141722
141723
141724
141725
141726
141727
141728
141729
141730
141731
141732
141733
141734
141735
141736
141737
141738
141739
141740
141741
141742
141743
141744
141745
141746
141747
141748
141749
141750
141751
141752
141753
141754
141755
141756
141757
141758
141759
141760
141761
141762
141763
141764
141765
141766
141767
141768
141769
141770
141771
141772
141773
141774
141775
141776
141777
141778
141779
141780
141781
141782
141783
141784
141785
141786
141787
141788
141789
141790
141791
141792
141793
141794
141795
141796
141797
141798
141799
141800
141801
141802
141803
141804
141805
141806
141807
141808
141809
141810
141811
141812
141813
141814
141815
141816
141817
141818
141819
141820
141821
141822
141823
141824
141825
141826
141827
141828
141829
141830
141831
141832
141833
141834
141835
141836
141837
141838
141839
141877
141878
141879
141880
141881
141882
141883
141884
141885
141886
141887
141888
141889
141890
141891
141892
141893
141894
141895
141896
141897
141898
141899
141900
141901
141902
141903
141904
141905
141906
141907
141908
141909
141910
141911
141912
141913
141914
141915
141916
141917
141918
141919
147200
147201
147202
147203
147204
147205
147206
147207
147208
147209
147210
147211
147212
147213
147214
147215
147216
147217
147218
147219
147220
147221
147222
147223
147224
147225
147226
147227
147228
147229
147230
147231
147232
147233
147234
147235
147236
147237
147238
147239
147240
147241
147242
147243
147244
147245
147246
147247
147248
147249
147250
147251
147252
147253
147254
147255
147256
147257
147258
147259
147260
147261
147262
147263
147264
147265
147266
147267
147268
147269
147270
147271
147272
147273
147274
147275
147276
147277
147278
147279
147280
147281
147282
147283
147284
147285
147286
147287
147288
147289
147290
147291
147292
147293
147294
147295
147296
147297
147298
147299
147300
147301
147302
147303
147304
147305
147306
147307
147308
147309
147310
147311
147312
147313
147314
147315
147316
147317
147318
147319
147320
147321
147322
147323
147324
147325
147326
147327
147328
147329
147330
147331
147332
147333
147334
147335
147336
147337
147338
147339
147340
147341
147342
147343
147344
147345
147346
147347
147348
147349
147350
147351
147352
147353
147354
147355
147356
147357
147358
147359
147360
147361
147362
147363
147364
147365
147366
147367
147368
147369
147370
147371
147372
147373
147374
147375
147376
147377
147378
147379
147380
147381
147382
147383
147384
147385
147386
147387
147388
147389
147390
147391
147392
147393
147394
147395
147396
147397
147398
147399
147400
147401
147402
147403
147404
147405
147406
147407
147408
147409
147410
147411
147412
147413
147414
147415
147416
147417
147418
147419
147420
147421
147422
147423
147424
147425
147426
147427
147428
147429
147430
147431
147432
147433
147434
147435
147436
147437
147438
147439
147440
147441
147442
147443
147444
147445
147446
147447
147448
147449
147450
147451
147452
147453
147454
147455
147456
147457
147458
147459
147460
147461
147462
147463
147464
147465
147466
147467
147468
147469
147470
147471
147472
147473
147474
147475
147476
147477
147478
147479
147480
147481
147482
147483
147484
147485
147486
147487
147488
147489
147490
147491
147492
147493
147494
147495
147496
147497
147498
147499
147500
147501
147502
147503
147504
147505
147506
147507
147508
147509
147510
147511
147512
147513
147514
147515
147516
147517
147518
147519
147520
147521
147522
147523
147524
147525
147526
147527
147528
147529
147530
147531
147532
147533
147534
147535
147536
147537
147538
147539
147540
147541
147542
147543
147544
147545
147546
147547
147548
147549
147550
147551
147552
147553
147554
147555
147556
147557
147558
147559
147560
147561
147562
147563
147564
147565
147566
147567
147568
147569
147570
147571
147572
147573
147574
147575
147576
147577
147578
147579
147580
147581
147582
147583
147584
147585
147586
147587
147588
147589
147590
147591
147592
147593
147594
147595
147596
147597
147598
147599
147600
147601
147602
147603
147604
147605
147606
147607
147608
147609
147610
147611
147612
147613
147614
147615
147616
147617
147618
147619
147620
147621
147622
147623
147624
147625
147626
147627
147628
147629
147630
147631
147632
147633
147634
147635
147636
147637
147638
147639
147640
147641
147642
147643
147644
147645
147646
147647
147648
147649
147650
147651
147652
147653
147654
147655
147656
147657
147658
147659
147660
147661
147662
147663
147664
147665
147666
147667
147668
147669
147670
147671
147672
147673
147674
147675
147676
147677
147678
147679
147680
147681
147682
147683
147684
147685
147686
147687
147688
147689
147690
147691
147692
147693
147694
147695
147696
147697
147698
147699
147700
147701
147702
147703
147704
147705
147706
147707
147708
147709
147710
147711
147712
147713
147714
147715
147716
147717
147718
147719
147720
147721
147722
147723
147724
147725
147726
147727
147728
147729
147730
147731
147732
147733
147734
147735
147736
147737
147738
147739
147740
147741
147742
147743
147744
147745
147746
147747
147748
147749
147750
147751
147752
147753
147754
147755
147756
147757
147758
147759
147760
147761
147762
147763
147764
147765
147766
147767
147768
147769
147770
147771
147772
147773
147774
147775
147776
147777
147778
147779
147780
147781
147782
147783
147784
147785
147786
147787
147788
147789
147790
147791
147792
147793
147794
147795
147796
147797
147798
147799
147800
147801
147802
147803
147804
147805
147806
147807
147808
147809
147810
147811
147812
147813
147814
147815
147816
147817
147818
147819
147820
147821
147822
147823
147824
147825
147826
147827
147828
147829
147830
147831
147832
147833
147834
147835
147836
147837
147838
147839
147840
147841
147842
147843
147844
147845
147846
147847
147848
147849
147850
147851
147852
147853
147854
147855
147856
147857
147858
147859
147860
147861
147862
147863
147864
147865
147866
147867
147868
147869
147870
147871
147872
147873
147874
147875
147876
147877
147878
147879
147880
147881
147882
147883
147884
147885
147886
147887
147888
147889
147890
147891
147892
147893
147894
147895
147896
147897
147898
147899
147900
147901
147902
147903
147904
147905
147906
147907
147908
147909
147910
147911
147912
147913
147914
147915
147916
147917
147918
147919
147920
147921
147922
147923
147924
147925
147926
147927
147928
147929
147930
147931
147932
147933
147934
147935
147936
147937
147938
147939
147940
147941
147942
147943
147944
147945
147946
147947
147948
147949
147950
147951
147952
147953
147954
147955
147956
147957
147958
147959
147960
147961
147962
147963
147964
147965
147966
147967
147968
147969
147970
147971
147972
147973
147974
147975
147976
147977
147978
147979
147980
147981
147982
147983
147984
147985
147986
147987
147988
147989
147990
147991
147992
147993
147994
147995
147996
147997
147998
147999
148000
148001
148002
148003
148004
148005
148006
148007
148008
148009
148010
148011
148012
148013
148014
148015
148016
148017
148018
148019
148020
148021
148022
148023
148024
148025
148026
148027
148028
148029
148030
148031
148032
148033
148034
148035
148036
148037
148038
148039
148040
148041
148042
148043
148044
148045
148046
148047
148048
148049
148050
148051
148052
148053
148054
148055
148056
148057
148058
148059
148060
148061
148062
148063
148064
148065
148066
148067
148068
148069
148070
148071
148072
148073
148074
148075
148076
148077
148078
148079
148080
148081
148082
148083
148084
148085
148086
148087
148088
148089
148090
148091
148092
148093
148094
148095
148096
148097
148098
148099
148100
148101
148102
148103
148104
148105
148106
148107
148108
148109
148110
148111
148112
148113
148114
148115
148116
148117
148118
148119
148120
148121
148122
148123
148124
148125
148126
148127
148128
148129
148130
148131
148132
148133
148134
148135
148136
148137
148138
148139
148140
148141
148142
148143
148144
148145
148146
148147
148148
148149
148150
148151
148152
148153
148154
148155
148156
148157
148158
148159
148160
148161
148162
148163
148164
148165
148166
148167
148168
148169
148170
148171
148172
148173
148174
148175
148176
148177
148178
148179
148180
148181
148182
148183
148184
148185
148186
148187
148188
148189
148190
148191
148192
148193
148194
148195
148196
148197
148198
148199
148200
148201
148202
148203
148204
148205
148206
148207
148208
148209
148210
148211
148212
148213
148214
148215
148216
148217
148218
148219
148220
148221
148222
148223
148224
148225
148226
148227
148228
148229
148230
148231
148232
148233
148234
148235
148236
148237
148238
148239
148278
148279
148280
148281
148282
148283
148284
148285
148286
148287
148288
148289
148290
148291
148292
148293
148294
148295
148296
148297
148298
148299
148300
148301
148302
148303
148304
148305
148306
148307
148308
148309
148310
148311
148312
148313
148314
148315
148316
148317
148318
148319
153600
153601
153602
153603
153604
153605
153606
153607
153608
153609
153610
153611
153612
153613
153614
153615
153616
153617
153618
153619
153620
153621
153622
153623
153624
153625
153626
153627
153628
153629
153630
153631
153632
153633
153634
153635
153636
153637
153638
153639
153640
153641
153642
153643
153644
153645
153646
153647
153648
153649
153650
153651
153652
153653
153654
153655
153656
153657
153658
153659
153660
153661
153662
153663
153664
153665
153666
153667
153668
153669
153670
153671
153672
153673
153674
153675
153676
153677
153678
153679
153680
153681
153682
153683
153684
153685
153686
153687
153688
153689
153690
153691
153692
153693
153694
153695
153696
153697
153698
153699
153700
153701
153702
153703
153704
153705
153706
153707
153708
153709
153710
153711
153712
153713
153714
153715
153716
153717
153718
153719
153720
153721
153722
153723
153724
153725
153726
153727
153728
153729
153730
153731
153732
153733
153734
153735
153736
153737
153738
153739
153740
153741
153742
153743
153744
153745
153746
153747
153748
153749
153750
153751
153752
153753
153754
153755
153756
153757
153758
153759
153760
153761
153762
153763
153764
153765
153766
153767
153768
153769
153770
153771
153772
153773
153774
153775
153776
153777
153778
153779
153780
153781
153782
153783
153784
153785
153786
153787
153788
153789
153790
153791
153792
153793
153794
153795
153796
153797
153798
153799
153800
153801
153802
153803
153804
153805
153806
153807
153808
153809
153810
153811
153812
153813
153814
153815
153816
153817
153818
153819
153820
153821
153822
153823
153824
153825
153826
153827
153828
153829
153830
153831
153832
153833
153834
153835
153836
153837
153838
153839
153840
153841
153842
153843
153844
153845
153846
153847
153848
153849
153850
153851
153852
153853
153854
153855
153856
153857
153858
153859
153860
153861
153862
153863
153864
153865
153866
153867
153868
153869
153870
153871
153872
153873
153874
153875
153876
153877
153878
153879
153880
153881
153882
153883
153884
153885
153886
153887
153888
153889
153890
153891
153892
153893
153894
153895
153896
153897
153898
153899
153900
153901
153902
153903
153904
153905
153906
153907
153908
153909
153910
153911
153912
153913
153914
153915
153916
153917
153918
153919
153920
153921
153922
153923
153924
153925
153926
153927
153928
153929
153930
153931
153932
153933
153934
153935
153936
153937
153938
153939
153940
153941
153942
153943
153944
153945
153946
153947
153948
153949
153950
153951
153952
153953
153954
153955
153956
153957
153958
153959
153960
153961
153962
153963
153964
153965
153966
153967
153968
153969
153970
153971
153972
153973
153974
153975
153976
153977
153978
153979
153980
153981
153982
153983
153984
153985
153986
153987
153988
153989
153990
153991
153992
153993
153994
153995
153996
153997
153998
153999
154000
154001
154002
154003
154004
154005
154006
154007
154008
154009
154010
154011
154012
154013
154014
154015
154016
154017
154018
154019
154020
154021
154022
154023
154024
154025
154026
154027
154028
154029
154030
154031
154032
154033
154034
154035
154036
154037
154038
154039
154040
154041
154042
154043
154044
154045
154046
154047
154048
154049
154050
154051
154052
154053
154054
154055
154056
154057
154058
154059
154060
154061
154062
154063
154064
154065
154066
154067
154068
154069
154070
154071
154072
154073
154074
154075
154076
154077
154078
154079
154080
154081
154082
154083
154084
154085
154086
154087
154088
154089
154090
154091
154092
154093
154094
154095
154096
154097
154098
154099
154100
154101
154102
154103
154104
154105
154106
154107
154108
154109
154110
154111
154112
154113
154114
154115
154116
154117
154118
154119
154120
154121
154122
154123
154124
154125
154126
154127
154128
154129
154130
154131
154132
154133
154134
154135
154136
154137
154138
154139
154140
154141
154142
154143
154144
154145
154146
154147
154148
154149
154150
154151
154152
154153
154154
154155
154156
154157
154158
154159
154160
154161
154162
154163
154164
154165
154166
154167
154168
154169
154170
154171
154172
154173
154174
154175
154176
154177
154178
154179
154180
154181
154182
154183
154184
154185
154186
154187
154188
154189
154190
154191
154192
154193
154194
154195
154196
154197
154198
154199
154200
154201
154202
154203
154204
154205
154206
154207
154208
154209
154210
154211
154212
154213
154214
154215
154216
154217
154218
154219
154220
154221
154222
154223
154224
154225
154226
154227
154228
154229
154230
154231
154232
154233
154234
154235
154236
154237
154238
154239
154240
154241
154242
154243
154244
154245
154246
154247
154248
154249
154250
154251
154252
154253
154254
154255
154256
154257
154258
154259
154260
154261
154262
154263
154264
154265
154266
154267
154268
154269
154270
154271
154272
154273
154274
154275
154276
154277
154278
154279
154280
154281
154282
154283
154284
154285
154286
154287
154288
154289
154290
154291
154292
154293
154294
154295
154296
154297
154298
154299
154300
154301
154302
154303
154304
154305
154306
154307
154308
154309
154310
154311
154312
154313
154314
154315
154316
154317
154318
154319
154320
154321
154322
154323
154324
154325
154326
154327
154328
154329
154330
154331
154332
154333
154334
154335
154336
154337
154338
154339
154340
154341
154342
154343
154344
154345
154346
154347
154348
154349
154350
154351
154352
154353
154354
154355
154356
154357
154358
154359
154360
154361
154362
154363
154364
154365
154366
154367
154368
154369
154370
154371
154372
154373
154374
154375
154376
154377
154378
154379
154380
154381
154382
154383
154384
154385
154386
154387
154388
154389
154390
154391
154392
154393
154394
154395
154396
154397
154398
154399
154400
154401
154402
154403
154404
154405
154406
154407
154408
154409
154410
154411
154412
154413
154414
154415
154416
154417
154418
154419
154420
154421
154422
154423
154424
154425
154426
154427
154428
154429
154430
154431
154432
154433
154434
154435
154436
154437
154438
154439
154440
154441
154442
154443
154444
154445
154446
154447
154448
154449
154450
154451
154452
154453
154454
154455
154456
154457
154458
154459
154460
154461
154462
154463
154464
154465
154466
154467
154468
154469
154470
154471
154472
154473
154474
154475
154476
154477
154478
154479
154480
154481
154482
154483
154484
154485
154486
154487
154488
154489
154490
154491
154492
154493
154494
154495
154496
154497
154498
154499
154500
154501
154502
154503
154504
154505
154506
154507
154508
154509
154510
154511
154512
154513
154514
154515
154516
154517
154518
154519
154520
154521
154522
154523
154524
154525
154526
154527
154528
154529
154530
154531
154532
154533
154534
154535
154536
154537
154538
154539
154540
154541
154542
154543
154544
154545
154546
154547
154548
154549
154550
154551
154552
154553
154554
154555
154556
154557
154558
154559
154560
154561
154562
154563
154564
154565
154566
154567
154568
154569
154570
154571
154572
154573
154574
154575
154576
154577
154578
154579
154580
154581
154582
154583
154584
154585
154586
154587
154588
154589
154590
154591
154592
154593
154594
154595
154596
154597
154598
154599
154600
154601
154602
154603
154604
154605
154606
154607
154608
154609
154610
154611
154612
154613
154614
154615
154616
154617
154618
154619
154620
154621
154622
154623
154624
154625
154626
154627
154628
154629
154630
154631
154632
154633
154634
154635
154636
154637
154638
154639
154679
154680
154681
154682
154683
154684
154685
154686
154687
154688
154689
154690
154691
154692
154693
154694
154695
154696
154697
154698
154699
154700
154701
154702
154703
154704
154705
154706
154707
154708
154709
154710
154711
154712
154713
154714
154715
154716
154717
154718
154719
160000
160001
160002
160003
160004
160005
160006
160007
160008
160009
160010
160011
160012
160013
160014
160015
160016
160017
160018
160019
160020
160021
160022
160023
160024
160025
160026
160027
160028
160029
160030
160031
160032
160033
160034
160035
160036
160037
160038
160039
160040
160041
160042
160043
160044
160045
160046
160047
160048
160049
160050
160051
160052
160053
160054
160055
160056
160057
160058
160059
160060
160061
160062
160063
160064
160065
160066
160067
160068
160069
160070
160071
160072
160073
160074
160075
160076
160077
160078
160079
160080
160081
160082
160083
160084
160085
160086
160087
160088
160089
160090
160091
160092
160093
160094
160095
160096
160097
160098
160099
160100
160101
160102
160103
160104
160105
160106
160107
160108
160109
160110
160111
160112
160113
160114
160115
160116
160117
160118
160119
160120
160121
160122
160123
160124
160125
160126
160127
160128
160129
160130
160131
160132
160133
160134
160135
160136
160137
160138
160139
160140
160141
160142
160143
160144
160145
160146
160147
160148
160149
160150
160151
160152
160153
160154
160155
160156
160157
160158
160159
160160
160161
160162
160163
160164
160165
160166
160167
160168
160169
160170
160171
160172
160173
160174
160175
160176
160177
160178
160179
160180
160181
160182
160183
160184
160185
160186
160187
160188
160189
160190
160191
160192
160193
160194
160195
160196
160197
160198
160199
160200
160201
160202
160203
160204
160205
160206
160207
160208
160209
160210
160211
160212
160213
160214
160215
160216
160217
160218
160219
160220
160221
160222
160223
160224
160225
160226
160227
160228
160229
160230
160231
160232
160233
160234
160235
160236
160237
160238
160239
160240
160241
160242
160243
160244
160245
160246
160247
160248
160249
160250
160251
160252
160253
160254
160255
160256
160257
160258
160259
160260
160261
160262
160263
160264
160265
160266
160267
160268
160269
160270
160271
160272
160273
160274
160275
160276
160277
160278
160279
160280
160281
160282
160283
160284
160285
160286
160287
160288
160289
160290
160291
160292
160293
160294
160295
160296
160297
160298
160299
160300
160301
160302
160303
160304
160305
160306
160307
160308
160309
160310
160311
160312
160313
160314
160315
160316
160317
160318
160319
160320
160321
160322
160323
160324
160325
160326
160327
160328
160329
160330
160331
160332
160333
160334
160335
160336
160337
160338
160339
160340
160341
160342
160343
160344
160345
160346
160347
160348
160349
160350
160351
160352
160353
160354
160355
160356
160357
160358
160359
160360
160361
160362
160363
160364
160365
160366
160367
160368
160369
160370
160371
160372
160373
160374
160375
160376
160377
160378
160379
160380
160381
160382
160383
160384
160385
160386
160387
160388
160389
160390
160391
160392
160393
160394
160395
160396
160397
160398
160399
160400
160401
160402
160403
160404
160405
160406
160407
160408
160409
160410
160411
160412
160413
160414
160415
160416
160417
160418
160419
160420
160421
160422
160423
160424
160425
160426
160427
160428
160429
160430
160431
160432
160433
160434
160435
160436
160437
160438
160439
160440
160441
160442
160443
160444
160445
160446
160447
160448
160449
160450
160451
160452
160453
160454
160455
160456
160457
160458
160459
160460
160461
160462
160463
160464
160465
160466
160467
160468
160469
160470
160471
160472
160473
160474
160475
160476
160477
160478
160479
160480
160481
160482
160483
160484
160485
160486
160487
160488
160489
160490
160491
160492
160493
160494
160495
160496
160497
160498
160499
160500
160501
160502
160503
160504
160505
160506
160507
160508
160509
160510
160511
160512
160513
160514
160515
160516
160517
160518
160519
160520
160521
160522
160523
160524
160525
160526
160527
160528
160529
160530
160531
160532
160533
160534
160535
160536
160537
160538
160539
160540
160541
160542
160543
160544
160545
160546
160547
160548
160549
160550
160551
160552
160553
160554
160555
160556
160557
160558
160559
160560
160561
160562
160563
160564
160565
160566
160567
160568
160569
160570
160571
160572
160573
160574
160575
160576
160577
160578
160579
160580
160581
160582
160583
160584
160585
160586
160587
160588
160589
160590
160591
160592
160593
160594
160595
160596
160597
160598
160599
160600
160601
160602
160603
160604
160605
160606
160607
160608
160609
160610
160611
160612
160613
160614
160615
160616
160617
160618
160619
160620
160621
160622
160623
160624
160625
160626
160627
160628
160629
160630
160631
160632
160633
160634
160635
160636
160637
160638
160639
160640
160641
160642
160643
160644
160645
160646
160647
160648
160649
160650
160651
160652
160653
160654
160655
160656
160657
160658
160659
160660
160661
160662
160663
160664
160665
160666
160667
160668
160669
160670
160671
160672
160673
160674
160675
160676
160677
160678
160679
160680
160681
160682
160683
160684
160685
160686
160687
160688
160689
160690
160691
160692
160693
160694
160695
160696
160697
160698
160699
160700
160701
160702
160703
160704
160705
160706
160707
160708
160709
160710
160711
160712
160713
160714
160715
160716
160717
160718
160719
160720
160721
160722
160723
160724
160725
160726
160727
160728
160729
160730
160731
160732
160733
160734
160735
160736
160737
160738
160739
160740
160741
160742
160743
160744
160745
160746
160747
160748
160749
160750
160751
160752
160753
160754
160755
160756
160757
160758
160759
160760
160761
160762
160763
160764
160765
160766
160767
160768
160769
160770
160771
160772
160773
160774
160775
160776
160777
160778
160779
160780
160781
160782
160783
160784
160785
160786
160787
160788
160789
160790
160791
160792
160793
160794
160795
160796
160797
160798
160799
160800
160801
160802
160803
160804
160805
160806
160807
160808
160809
160810
160811
160812
160813
160814
160815
160816
160817
160818
160819
160820
160821
160822
160823
160824
160825
160826
160827
160828
160829
160830
160831
160832
160833
160834
160835
160836
160837
160838
160839
160840
160841
160842
160843
160844
160845
160846
160847
160848
160849
160850
160851
160852
160853
160854
160855
160856
160857
160858
160859
160860
160861
160862
160863
160864
160865
160866
160867
160868
160869
160870
160871
160872
160873
160874
160875
160876
160877
160878
160879
160880
160881
160882
160883
160884
160885
160886
160887
160888
160889
160890
160891
160892
160893
160894
160895
160896
160897
160898
160899
160900
160901
160902
160903
160904
160905
160906
160907
160908
160909
160910
160911
160912
160913
160914
160915
160916
160917
160918
160919
160920
160921
160922
160923
160924
160925
160926
160927
160928
160929
160930
160931
160932
160933
160934
160935
160936
160937
160938
160939
160940
160941
160942
160943
160944
160945
160946
160947
160948
160949
160950
160951
160952
160953
160954
160955
160956
160957
160958
160959
160960
160961
160962
160963
160964
160965
160966
160967
160968
160969
160970
160971
160972
160973
160974
160975
160976
160977
160978
160979
160980
160981
160982
160983
160984
160985
160986
160987
160988
160989
160990
160991
160992
160993
160994
160995
160996
160997
160998
160999
161000
161001
161002
161003
161004
161005
161006
161007
161008
161009
161010
161011
161012
161013
161014
161015
161016
161017
161018
161019
161020
161021
161022
161023
161024
161025
161026
161027
161028
161029
161030
161031
161032
161033
161034
161035
161036
161037
161038
161039
161080
161081
161082
161083
161084
161085
161086
161087
161088
161089
161090
161091
161092
161093
161094
161095
161096
161097
161098
161099
161100
161101
161102
161103
161104
161105
161106
161107
161108
161109
161110
161111
161112
161113
161114
161115
161116
161117
161118
161119
166400
166401
166402
166403
166404
166405
166406
166407
166408
166409
166410
166411
166412
166413
166414
166415
166416
166417
166418
166419
166420
166421
166422
166423
166424
166425
166426
166427
166428
166429
166430
166431
166432
166433
166434
166435
166436
166437
166438
166439
166440
166441
166442
166443
166444
166445
166446
166447
166448
166449
166450
166451
166452
166453
166454
166455
166456
166457
166458
166459
166460
166461
166462
166463
166464
166465
166466
166467
166468
166469
166470
166471
166472
166473
166474
166475
166476
166477
166478
166479
166480
166481
166482
166483
166484
166485
166486
166487
166488
166489
166490
166491
166492
166493
166494
166495
166496
166497
166498
166499
166500
166501
166502
166503
166504
166505
166506
166507
166508
166509
166510
166511
166512
166513
166514
166515
166516
166517
166518
166519
166520
166521
166522
166523
166524
166525
166526
166527
166528
166529
166530
166531
166532
166533
166534
166535
166536
166537
166538
166539
166540
166541
166542
166543
166544
166545
166546
166547
166548
166549
166550
166551
166552
166553
166554
166555
166556
166557
166558
166559
166560
166561
166562
166563
166564
166565
166566
166567
166568
166569
166570
166571
166572
166573
166574
166575
166576
166577
166578
166579
166580
166581
166582
166583
166584
166585
166586
166587
166588
166589
166590
166591
166592
166593
166594
166595
166596
166597
166598
166599
166600
166601
166602
166603
166604
166605
166606
166607
166608
166609
166610
166611
166612
166613
166614
166615
166616
166617
166618
166619
166620
166621
166622
166623
166624
166625
166626
166627
166628
166629
166630
166631
166632
166633
166634
166635
166636
166637
166638
166639
166640
166641
166642
166643
166644
166645
166646
166647
166648
166649
166650
166651
166652
166653
166654
166655
166656
166657
166658
166659
166660
166661
166662
166663
166664
166665
166666
166667
166668
166669
166670
166671
166672
166673
166674
166675
166676
166677
166678
166679
166680
166681
166682
166683
166684
166685
166686
166687
166688
166689
166690
166691
166692
166693
166694
166695
166696
166697
166698
166699
166700
166701
166702
166703
166704
166705
166706
166707
166708
166709
166710
166711
166712
166713
166714
166715
166716
166717
166718
166719
166720
166721
166722
166723
166724
166725
166726
166727
166728
166729
166730
166731
166732
166733
166734
166735
166736
166737
166738
166739
166740
166741
166742
166743
166744
166745
166746
166747
166748
166749
166750
166751
166752
166753
166754
166755
166756
166757
166758
166759
166760
166761
166762
166763
166764
166765
166766
166767
166768
166769
166770
166771
166772
166773
166774
166775
166776
166777
166778
166779
166780
166781
166782
166783
166784
166785
166786
166787
166788
166789
166790
166791
166792
166793
166794
166795
166796
166797
166798
166799
166800
166801
166802
166803
166804
166805
166806
166807
166808
166809
166810
166811
166812
166813
166814
166815
166816
166817
166818
166819
166820
166821
166822
166823
166824
166825
166826
166827
166828
166829
166830
166831
166832
166833
166834
166835
166836
166837
166838
166839
166840
166841
166842
166843
166844
166845
166846
166847
166848
166849
166850
166851
166852
166853
166854
166855
166856
166857
166858
166859
166860
166861
166862
166863
166864
166865
166866
166867
166868
166869
166870
166871
166872
166873
166874
166875
166876
166877
166878
166879
166880
166881
166882
166883
166884
166885
166886
166887
166888
166889
166890
166891
166892
166893
166894
166895
166896
166897
166898
166899
166900
166901
166902
166903
166904
166905
166906
166907
166908
166909
166910
166911
166912
166913
166914
166915
166916
166917
166918
166919
166920
166921
166922
166923
166924
166925
166926
166927
166928
166929
166930
166931
166932
166933
166934
166935
166936
166937
166938
166939
166940
166941
166942
166943
166944
166945
166946
166947
166948
166949
166950
166951
166952
166953
166954
166955
166956
166957
166958
166959
166960
166961
166962
166963
166964
166965
166966
166967
166968
166969
166970
166971
166972
166973
166974
166975
166976
166977
166978
166979
166980
166981
166982
166983
166984
166985
166986
166987
166988
166989
166990
166991
166992
166993
166994
166995
166996
166997
166998
166999
167000
167001
167002
167003
167004
167005
167006
167007
167008
167009
167010
167011
167012
167013
167014
167015
167016
167017
167018
167019
167020
167021
167022
167023
167024
167025
167026
167027
167028
167029
167030
167031
167032
167033
167034
167035
167036
167037
167038
167039
167040
167041
167042
167043
167044
167045
167046
167047
167048
167049
167050
167051
167052
167053
167054
167055
167056
167057
167058
167059
167060
167061
167062
167063
167064
167065
167066
167067
167068
167069
167070
167071
167072
167073
167074
167075
167076
167077
167078
167079
167080
167081
167082
167083
167084
167085
167086
167087
167088
167089
167090
167091
167092
167093
167094
167095
167096
167097
167098
167099
167100
167101
167102
167103
167104
167105
167106
167107
167108
167109
167110
167111
167112
167113
167114
167115
167116
167117
167118
167119
167120
167121
167122
167123
167124
167125
167126
167127
167128
167129
167130
167131
167132
167133
167134
167135
167136
167137
167138
167139
167140
167141
167142
167143
167144
167145
167146
167147
167148
167149
167150
167151
167152
167153
167154
167155
167156
167157
167158
167159
167160
167161
167162
167163
167164
167165
167166
167167
167168
167169
167170
167171
167172
167173
167174
167175
167176
167177
167178
167179
167180
167181
167182
167183
167184
167185
167186
167187
167188
167189
167190
167191
167192
167193
167194
167195
167196
167197
167198
167199
167200
167201
167202
167203
167204
167205
167206
167207
167208
167209
167210
167211
167212
167213
167214
167215
167216
167217
167218
167219
167220
167221
167222
167223
167224
167225
167226
167227
167228
167229
167230
167231
167232
167233
167234
167235
167236
167237
167238
167239
167240
167241
167242
167243
167244
167245
167246
167247
167248
167249
167250
167251
167252
167253
167254
167255
167256
167257
167258
167259
167260
167261
167262
167263
167264
167265
167266
167267
167268
167269
167270
167271
167272
167273
167274
167275
167276
167277
167278
167279
167280
167281
167282
167283
167284
167285
167286
167287
167288
167289
167290
167291
167292
167293
167294
167295
167296
167297
167298
167299
167300
167301
167302
167303
167304
167305
167306
167307
167308
167309
167310
167311
167312
167313
167314
167315
167316
167317
167318
167319
167320
167321
167322
167323
167324
167325
167326
167327
167328
167329
167330
167331
167332
167333
167334
167335
167336
167337
167338
167339
167340
167341
167342
167343
167344
167345
167346
167347
167348
167349
167350
167351
167352
167353
167354
167355
167356
167357
167358
167359
167360
167361
167362
167363
167364
167365
167366
167367
167368
167369
167370
167371
167372
167373
167374
167375
167376
167377
167378
167379
167380
167381
167382
167383
167384
167385
167386
167387
167388
167389
167390
167391
167392
167393
167394
167395
167396
167397
167398
167399
167400
167401
167402
167403
167404
167405
167406
167407
167408
167409
167410
167411
167412
167413
167414
167415
167416
167417
167418
167419
167420
167421
167422
167423
167424
167425
167426
167427
167428
167429
167430
167431
167432
167433
167434
167435
167436
167437
167438
167439
167481
167482
167483
167484
167485
167486
167487
167488
167489
167490
167491
167492
167493
167494
167495
167496
167497
167498
167499
167500
167501
167502
167503
167504
167505
167506
167507
167508
167509
167510
167511
167512
167513
167514
167515
167516
167517
167518
167519
172800
172801
172802
172803
172804
172805
172806
172807
172808
172809
172810
172811
172812
172813
172814
172815
172816
172817
172818
172819
172820
172821
172822
172823
172824
172825
172826
172827
172828
172829
172830
172831
172832
172833
172834
172835
172836
172837
172838
172839
172840
172841
172842
172843
172844
172845
172846
172847
172848
172849
172850
172851
172852
172853
172854
172855
172856
172857
172858
172859
172860
172861
172862
172863
172864
172865
172866
172867
172868
172869
172870
172871
172872
172873
172874
172875
172876
172877
172878
172879
172880
172881
172882
172883
172884
172885
172886
172887
172888
172889
172890
172891
172892
172893
172894
172895
172896
172897
172898
172899
172900
172901
172902
172903
172904
172905
172906
172907
172908
172909
172910
172911
172912
172913
172914
172915
172916
172917
172918
172919
172920
172921
172922
172923
172924
172925
172926
172927
172928
172929
172930
172931
172932
172933
172934
172935
172936
172937
172938
172939
172940
172941
172942
172943
172944
172945
172946
172947
172948
172949
172950
172951
172952
172953
172954
172955
172956
172957
172958
172959
172960
172961
172962
172963
172964
172965
172966
172967
172968
172969
172970
172971
172972
172973
172974
172975
172976
172977
172978
172979
172980
172981
172982
172983
172984
172985
172986
172987
172988
172989
172990
172991
172992
172993
172994
172995
172996
172997
172998
172999
173000
173001
173002
173003
173004
173005
173006
173007
173008
173009
173010
173011
173012
173013
173014
173015
173016
173017
173018
173019
173020
173021
173022
173023
173024
173025
173026
173027
173028
173029
173030
173031
173032
173033
173034
173035
173036
173037
173038
173039
173040
173041
173042
173043
173044
173045
173046
173047
173048
173049
173050
173051
173052
173053
173054
173055
173056
173057
173058
173059
173060
173061
173062
173063
173064
173065
173066
173067
173068
173069
173070
173071
173072
173073
173074
173075
173076
173077
173078
173079
173080
173081
173082
173083
173084
173085
173086
173087
173088
173089
173090
173091
173092
173093
173094
173095
173096
173097
173098
173099
173100
173101
173102
173103
173104
173105
173106
173107
173108
173109
173110
173111
173112
173113
173114
173115
173116
173117
173118
173119
173120
173121
173122
173123
173124
173125
173126
173127
173128
173129
173130
173131
173132
173133
173134
173135
173136
173137
173138
173139
173140
173141
173142
173143
173144
173145
173146
173147
173148
173149
173150
173151
173152
173153
173154
173155
173156
173157
173158
173159
173160
173161
173162
173163
173164
173165
173166
173167
173168
173169
173170
173171
173172
173173
173174
173175
173176
173177
173178
173179
173180
173181
173182
173183
173184
173185
173186
173187
173188
173189
173190
173191
173192
173193
173194
173195
173196
173197
173198
173199
173200
173201
173202
173203
173204
173205
173206
173207
173208
173209
173210
173211
173212
173213
173214
173215
173216
173217
173218
173219
173220
173221
173222
173223
173224
173225
173226
173227
173228
173229
173230
173231
173232
173233
173234
173235
173236
173237
173238
173239
173240
173241
173242
173243
173244
173245
173246
173247
173248
173249
173250
173251
173252
173253
173254
173255
173256
173257
173258
173259
173260
173261
173262
173263
173264
173265
173266
173267
173268
173269
173270
173271
173272
173273
173274
173275
173276
173277
173278
173279
173280
173281
173282
173283
173284
173285
173286
173287
173288
173289
173290
173291
173292
173293
173294
173295
173296
173297
173298
173299
173300
173301
173302
173303
173304
173305
173306
173307
173308
173309
173310
173311
173312
173313
173314
173315
173316
173317
173318
173319
173320
173321
173322
173323
173324
173325
173326
173327
173328
173329
173330
173331
173332
173333
173334
173335
173336
173337
173338
173339
173340
173341
173342
173343
173344
173345
173346
173347
173348
173349
173350
173351
173352
173353
173354
173355
173356
173357
173358
173359
173360
173361
173362
173363
173364
173365
173366
173367
173368
173369
173370
173371
173372
173373
173374
173375
173376
173377
173378
173379
173380
173381
173382
173383
173384
173385
173386
173387
173388
173389
173390
173391
173392
173393
173394
173395
173396
173397
173398
173399
173400
173401
173402
173403
173404
173405
173406
173407
173408
173409
173410
173411
173412
173413
173414
173415
173416
173417
173418
173419
173420
173421
173422
173423
173424
173425
173426
173427
173428
173429
173430
173431
173432
173433
173434
173435
173436
173437
173438
173439
173440
173441
173442
173443
173444
173445
173446
173447
173448
173449
173450
173451
173452
173453
173454
173455
173456
173457
173458
173459
173460
173461
173462
173463
173464
173465
173466
173467
173468
173469
173470
173471
173472
173473
173474
173475
173476
173477
173478
173479
173480
173481
173482
173483
173484
173485
173486
173487
173488
173489
173490
173491
173492
173493
173494
173495
173496
173497
173498
173499
173500
173501
173502
173503
173504
173505
173506
173507
173508
173509
173510
173511
173512
173513
173514
173515
173516
173517
173518
173519
173520
173521
173522
173523
173524
173525
173526
173527
173528
173529
173530
173531
173532
173533
173534
173535
173536
173537
173538
173539
173540
173541
173542
173543
173544
173545
173546
173547
173548
173549
173550
173551
173552
173553
173554
173555
173556
173557
173558
173559
173560
173561
173562
173563
173564
173565
173566
173567
173568
173569
173570
173571
173572
173573
173574
173575
173576
173577
173578
173579
173580
173581
173582
173583
173584
173585
173586
173587
173588
173589
173590
173591
173592
173593
173594
173595
173596
173597
173598
173599
173600
173601
173602
173603
173604
173605
173606
173607
173608
173609
173610
173611
173612
173613
173614
173615
173616
173617
173618
173619
173620
173621
173622
173623
173624
173625
173626
173627
173628
173629
173630
173631
173632
173633
173634
173635
173636
173637
173638
173639
173640
173641
173642
173643
173644
173645
173646
173647
173648
173649
173650
173651
173652
173653
173654
173655
173656
173657
173658
173659
173660
173661
173662
173663
173664
173665
173666
173667
173668
173669
173670
173671
173672
173673
173674
173675
173676
173677
173678
173679
173680
173681
173682
173683
173684
173685
173686
173687
173688
173689
173690
173691
173692
173693
173694
173695
173696
173697
173698
173699
173700
173701
173702
173703
173704
173705
173706
173707
173708
173709
173710
173711
173712
173713
173714
173715
173716
173717
173718
173719
173720
173721
173722
173723
173724
173725
173726
173727
173728
173729
173730
173731
173732
173733
173734
173735
173736
173737
173738
173739
173740
173741
173742
173743
173744
173745
173746
173747
173748
173749
173750
173751
173752
173753
173754
173755
173756
173757
173758
173759
173760
173761
173762
173763
173764
173765
173766
173767
173768
173769
173770
173771
173772
173773
173774
173775
173776
173777
173778
173779
173780
173781
173782
173783
173784
173785
173786
173787
173788
173789
173790
173791
173792
173793
173794
173795
173796
173797
173798
173799
173800
173801
173802
173803
173804
173805
173806
173807
173808
173809
173810
173811
173812
173813
173814
173815
173816
173817
173818
173819
173820
173821
173822
173823
173824
173825
173826
173827
173828
173829
173830
173831
173832
173833
173834
173835
173836
173837
173838
173839
173882
173883
173884
173885
173886
173887
173888
173889
173890
173891
173892
173893
173894
173895
173896
173897
173898
173899
173900
173901
173902
173903
173904
173905
173906
173907
173908
173909
173910
173911
173912
173913
173914
173915
173916
173917
173918
173919
179200
179201
179202
179203
179204
179205
179206
179207
179208
179209
179210
179211
179212
179213
179214
179215
179216
179217
179218
179219
179220
179221
179222
179223
179224
179225
179226
179227
179228
179229
179230
179231
179232
179233
179234
179235
179236
179237
179238
179239
179240
179241
179242
179243
179244
179245
179246
179247
179248
179249
179250
179251
179252
179253
179254
179255
179256
179257
179258
179259
179260
179261
179262
179263
179264
179265
179266
179267
179268
179269
179270
179271
179272
179273
179274
179275
179276
179277
179278
179279
179280
179281
179282
179283
179284
179285
179286
179287
179288
179289
179290
179291
179292
179293
179294
179295
179296
179297
179298
179299
179300
179301
179302
179303
179304
179305
179306
179307
179308
179309
179310
179311
179312
179313
179314
179315
179316
179317
179318
179319
179320
179321
179322
179323
179324
179325
179326
179327
179328
179329
179330
179331
179332
179333
179334
179335
179336
179337
179338
179339
179340
179341
179342
179343
179344
179345
179346
179347
179348
179349
179350
179351
179352
179353
179354
179355
179356
179357
179358
179359
179360
179361
179362
179363
179364
179365
179366
179367
179368
179369
179370
179371
179372
179373
179374
179375
179376
179377
179378
179379
179380
179381
179382
179383
179384
179385
179386
179387
179388
179389
179390
179391
179392
179393
179394
179395
179396
179397
179398
179399
179400
179401
179402
179403
179404
179405
179406
179407
179408
179409
179410
179411
179412
179413
179414
179415
179416
179417
179418
179419
179420
179421
179422
179423
179424
179425
179426
179427
179428
179429
179430
179431
179432
179433
179434
179435
179436
179437
179438
179439
179440
179441
179442
179443
179444
179445
179446
179447
179448
179449
179450
179451
179452
179453
179454
179455
179456
179457
179458
179459
179460
179461
179462
179463
179464
179465
179466
179467
179468
179469
179470
179471
179472
179473
179474
179475
179476
179477
179478
179479
179480
179481
179482
179483
179484
179485
179486
179487
179488
179489
179490
179491
179492
179493
179494
179495
179496
179497
179498
179499
179500
179501
179502
179503
179504
179505
179506
179507
179508
179509
179510
179511
179512
179513
179514
179515
179516
179517
179518
179519
179520
179521
179522
179523
179524
179525
179526
179527
179528
179529
179530
179531
179532
179533
179534
179535
179536
179537
179538
179539
179540
179541
179542
179543
179544
179545
179546
179547
179548
179549
179550
179551
179552
179553
179554
179555
179556
179557
179558
179559
179560
179561
179562
179563
179564
179565
179566
179567
179568
179569
179570
179571
179572
179573
179574
179575
179576
179577
179578
179579
179580
179581
179582
179583
179584
179585
179586
179587
179588
179589
179590
179591
179592
179593
179594
179595
179596
179597
179598
179599
179600
179601
179602
179603
179604
179605
179606
179607
179608
179609
179610
179611
179612
179613
179614
179615
179616
179617
179618
179619
179620
179621
179622
179623
179624
179625
179626
179627
179628
179629
179630
179631
179632
179633
179634
179635
179636
179637
179638
179639
179640
179641
179642
179643
179644
179645
179646
179647
179648
179649
179650
179651
179652
179653
179654
179655
179656
179657
179658
179659
179660
179661
179662
179663
179664
179665
179666
179667
179668
179669
179670
179671
179672
179673
179674
179675
179676
179677
179678
179679
179680
179681
179682
179683
179684
179685
179686
179687
179688
179689
179690
179691
179692
179693
179694
179695
179696
179697
179698
179699
179700
179701
179702
179703
179704
179705
179706
179707
179708
179709
179710
179711
179712
179713
179714
179715
179716
179717
179718
179719
179720
179721
179722
179723
179724
179725
179726
179727
179728
179729
179730
179731
179732
179733
179734
179735
179736
179737
179738
179739
179740
179741
179742
179743
179744
179745
179746
179747
179748
179749
179750
179751
179752
179753
179754
179755
179756
179757
179758
179759
179760
179761
179762
179763
179764
179765
179766
179767
179768
179769
179770
179771
179772
179773
179774
179775
179776
179777
179778
179779
179780
179781
179782
179783
179784
179785
179786
179787
179788
179789
179790
179791
179792
179793
179794
179795
179796
179797
179798
179799
179800
179801
179802
179803
179804
179805
179806
179807
179808
179809
179810
179811
179812
179813
179814
179815
179816
179817
179818
179819
179820
179821
179822
179823
179824
179825
179826
179827
179828
179829
179830
179831
179832
179833
179834
179835
179836
179837
179838
179839
179840
179841
179842
179843
179844
179845
179846
179847
179848
179849
179850
179851
179852
179853
179854
179855
179856
179857
179858
179859
179860
179861
179862
179863
179864
179865
179866
179867
179868
179869
179870
179871
179872
179873
179874
179875
179876
179877
179878
179879
179880
179881
179882
179883
179884
179885
179886
179887
179888
179889
179890
179891
179892
179893
179894
179895
179896
179897
179898
179899
179900
179901
179902
179903
179904
179905
179906
179907
179908
179909
179910
179911
179912
179913
179914
179915
179916
179917
179918
179919
179920
179921
179922
179923
179924
179925
179926
179927
179928
179929
179930
179931
179932
179933
179934
179935
179936
179937
179938
179939
179940
179941
179942
179943
179944
179945
179946
179947
179948
179949
179950
179951
179952
179953
179954
179955
179956
179957
179958
179959
179960
179961
179962
179963
179964
179965
179966
179967
179968
179969
179970
179971
179972
179973
179974
179975
179976
179977
179978
179979
179980
179981
179982
179983
179984
179985
179986
179987
179988
179989
179990
179991
179992
179993
179994
179995
179996
179997
179998
179999
180000
180001
180002
180003
180004
180005
180006
180007
180008
180009
180010
180011
180012
180013
180014
180015
180016
180017
180018
180019
180020
180021
180022
180023
180024
180025
180026
180027
180028
180029
180030
180031
180032
180033
180034
180035
180036
180037
180038
180039
180040
180041
180042
180043
180044
180045
180046
180047
180048
180049
180050
180051
180052
180053
180054
180055
180056
180057
180058
180059
180060
180061
180062
180063
180064
180065
180066
180067
180068
180069
180070
180071
180072
180073
180074
180075
180076
180077
180078
180079
180080
180081
180082
180083
180084
180085
180086
180087
180088
180089
180090
180091
180092
180093
180094
180095
180096
180097
180098
180099
180100
180101
180102
180103
180104
180105
180106
180107
180108
180109
180110
180111
180112
180113
180114
180115
180116
180117
180118
180119
180120
180121
180122
180123
180124
180125
180126
180127
180128
180129
180130
180131
180132
180133
180134
180135
180136
180137
180138
180139
180140
180141
180142
180143
180144
180145
180146
180147
180148
180149
180150
180151
180152
180153
180154
180155
180156
180157
180158
180159
180160
180161
180162
180163
180164
180165
180166
180167
180168
180169
180170
180171
180172
180173
180174
180175
180176
180177
180178
180179
180180
180181
180182
180183
180184
180185
180186
180187
180188
180189
180190
180191
180192
180193
180194
180195
180196
180197
180198
180199
180200
180201
180202
180203
180204
180205
180206
180207
180208
180209
180210
180211
180212
180213
180214
180215
180216
180217
180218
180219
180220
180221
180222
180223
180224
180225
180226
180227
180228
180229
180230
180231
180232
180233
180234
180235
180236
180237
180238
180239
180283
180284
180285
180286
180287
180288
180289
180290
180291
180292
180293
180294
180295
180296
180297
180298
180299
180300
180301
180302
180303
180304
180305
180306
180307
180308
180309
180310
180311
180312
180313
180314
180315
180316
180317
180318
180319
185600
185601
185602
185603
185604
185605
185606
185607
185608
185609
185610
185611
185612
185613
185614
185615
185616
185617
185618
185619
185620
185621
185622
185623
185624
185625
185626
185627
185628
185629
185630
185631
185632
185633
185634
185635
185636
185637
185638
185639
185640
185641
185642
185643
185644
185645
185646
185647
185648
185649
185650
185651
185652
185653
185654
185655
185656
185657
185658
185659
185660
185661
185662
185663
185664
185665
185666
185667
185668
185669
185670
185671
185672
185673
185674
185675
185676
185677
185678
185679
185680
185681
185682
185683
185684
185685
185686
185687
185688
185689
185690
185691
185692
185693
185694
185695
185696
185697
185698
185699
185700
185701
185702
185703
185704
185705
185706
185707
185708
185709
185710
185711
185712
185713
185714
185715
185716
185717
185718
185719
185720
185721
185722
185723
185724
185725
185726
185727
185728
185729
185730
185731
185732
185733
185734
185735
185736
185737
185738
185739
185740
185741
185742
185743
185744
185745
185746
185747
185748
185749
185750
185751
185752
185753
185754
185755
185756
185757
185758
185759
185760
185761
185762
185763
185764
185765
185766
185767
185768
185769
185770
185771
185772
185773
185774
185775
185776
185777
185778
185779
185780
185781
185782
185783
185784
185785
185786
185787
185788
185789
185790
185791
185792
185793
185794
185795
185796
185797
185798
185799
185800
185801
185802
185803
185804
185805
185806
185807
185808
185809
185810
185811
185812
185813
185814
185815
185816
185817
185818
185819
185820
185821
185822
185823
185824
185825
185826
185827
185828
185829
185830
185831
185832
185833
185834
185835
185836
185837
185838
185839
185840
185841
185842
185843
185844
185845
185846
185847
185848
185849
185850
185851
185852
185853
185854
185855
185856
185857
185858
185859
185860
185861
185862
185863
185864
185865
185866
185867
185868
185869
185870
185871
185872
185873
185874
185875
185876
185877
185878
185879
185880
185881
185882
185883
185884
185885
185886
185887
185888
185889
185890
185891
185892
185893
185894
185895
185896
185897
185898
185899
185900
185901
185902
185903
185904
185905
185906
185907
185908
185909
185910
185911
185912
185913
185914
185915
185916
185917
185918
185919
185920
185921
185922
185923
185924
185925
185926
185927
185928
185929
185930
185931
185932
185933
185934
185935
185936
185937
185938
185939
185940
185941
185942
185943
185944
185945
185946
185947
185948
185949
185950
185951
185952
185953
185954
185955
185956
185957
185958
185959
185960
185961
185962
185963
185964
185965
185966
185967
185968
185969
185970
185971
185972
185973
185974
185975
185976
185977
185978
185979
185980
185981
185982
185983
185984
185985
185986
185987
185988
185989
185990
185991
185992
185993
185994
185995
185996
185997
185998
185999
186000
186001
186002
186003
186004
186005
186006
186007
186008
186009
186010
186011
186012
186013
186014
186015
186016
186017
186018
186019
186020
186021
186022
186023
186024
186025
186026
186027
186028
186029
186030
186031
186032
186033
186034
186035
186036
186037
186038
186039
186040
186041
186042
186043
186044
186045
186046
186047
186048
186049
186050
186051
186052
186053
186054
186055
186056
186057
186058
186059
186060
186061
186062
186063
186064
186065
186066
186067
186068
186069
186070
186071
186072
186073
186074
186075
186076
186077
186078
186079
186080
186081
186082
186083
186084
186085
186086
186087
186088
186089
186090
186091
186092
186093
186094
186095
186096
186097
186098
186099
186100
186101
186102
186103
186104
186105
186106
186107
186108
186109
186110
186111
186112
186113
186114
186115
186116
186117
186118
186119
186120
186121
186122
186123
186124
186125
186126
186127
186128
186129
186130
186131
186132
186133
186134
186135
186136
186137
186138
186139
186140
186141
186142
186143
186144
186145
186146
186147
186148
186149
186150
186151
186152
186153
186154
186155
186156
186157
186158
186159
186160
186161
186162
186163
186164
186165
186166
186167
186168
186169
186170
186171
186172
186173
186174
186175
186176
186177
186178
186179
186180
186181
186182
186183
186184
186185
186186
186187
186188
186189
186190
186191
186192
186193
186194
186195
186196
186197
186198
186199
186200
186201
186202
186203
186204
186205
186206
186207
186208
186209
186210
186211
186212
186213
186214
186215
186216
186217
186218
186219
186220
186221
186222
186223
186224
186225
186226
186227
186228
186229
186230
186231
186232
186233
186234
186235
186236
186237
186238
186239
186240
186241
186242
186243
186244
186245
186246
186247
186248
186249
186250
186251
186252
186253
186254
186255
186256
186257
186258
186259
186260
186261
186262
186263
186264
186265
186266
186267
186268
186269
186270
186271
186272
186273
186274
186275
186276
186277
186278
186279
186280
186281
186282
186283
186284
186285
186286
186287
186288
186289
186290
186291
186292
186293
186294
186295
186296
186297
186298
186299
186300
186301
186302
186303
186304
186305
186306
186307
186308
186309
186310
186311
186312
186313
186314
186315
186316
186317
186318
186319
186320
186321
186322
186323
186324
186325
186326
186327
186328
186329
186330
186331
186332
186333
186334
186335
186336
186337
186338
186339
186340
186341
186342
186343
186344
186345
186346
186347
186348
186349
186350
186351
186352
186353
186354
186355
186356
186357
186358
186359
186360
186361
186362
186363
186364
186365
186366
186367
186368
186369
186370
186371
186372
186373
186374
186375
186376
186377
186378
186379
186380
186381
186382
186383
186384
186385
186386
186387
186388
186389
186390
186391
186392
186393
186394
186395
186396
186397
186398
186399
186400
186401
186402
186403
186404
186405
186406
186407
186408
186409
186410
186411
186412
186413
186414
186415
186416
186417
186418
186419
186420
186421
186422
186423
186424
186425
186426
186427
186428
186429
186430
186431
186432
186433
186434
186435
186436
186437
186438
186439
186440
186441
186442
186443
186444
186445
186446
186447
186448
186449
186450
186451
186452
186453
186454
186455
186456
186457
186458
186459
186460
186461
186462
186463
186464
186465
186466
186467
186468
186469
186470
186471
186472
186473
186474
186475
186476
186477
186478
186479
186480
186481
186482
186483
186484
186485
186486
186487
186488
186489
186490
186491
186492
186493
186494
186495
186496
186497
186498
186499
186500
186501
186502
186503
186504
186505
186506
186507
186508
186509
186510
186511
186512
186513
186514
186515
186516
186517
186518
186519
186520
186521
186522
186523
186524
186525
186526
186527
186528
186529
186530
186531
186532
186533
186534
186535
186536
186537
186538
186539
186540
186541
186542
186543
186544
186545
186546
186547
186548
186549
186550
186551
186552
186553
186554
186555
186556
186557
186558
186559
186560
186561
186562
186563
186564
186565
186566
186567
186568
186569
186570
186571
186572
186573
186574
186575
186576
186577
186578
186579
186580
186581
186582
186583
186584
186585
186586
186587
186588
186589
186590
186591
186592
186593
186594
186595
186596
186597
186598
186599
186600
186601
186602
186603
186604
186605
186606
186607
186608
186609
186610
186611
186612
186613
186614
186615
186616
186617
186618
186619
186620
186621
186622
186623
186624
186625
186626
186627
186628
186629
186630
186631
186632
186633
186634
186635
186636
186637
186638
186639
186684
186685
186686
186687
186688
186689
186690
186691
186692
186693
186694
186695
186696
186697
186698
186699
186700
186701
186702
186703
186704
186705
186706
186707
186708
186709
186710
186711
186712
186713
186714
186715
186716
186717
186718
186719
192000
192001
192002
192003
192004
192005
192006
192007
192008
192009
192010
192011
192012
192013
192014
192015
192016
192017
192018
192019
192020
192021
192022
192023
192024
192025
192026
192027
192028
192029
192030
192031
192032
192033
192034
192035
192036
192037
192038
192039
192040
192041
192042
192043
192044
192045
192046
192047
192048
192049
192050
192051
192052
192053
192054
192055
192056
192057
192058
192059
192060
192061
192062
192063
192064
192065
192066
192067
192068
192069
192070
192071
192072
192073
192074
192075
192076
192077
192078
192079
192080
192081
192082
192083
192084
192085
192086
192087
192088
192089
192090
192091
192092
192093
192094
192095
192096
192097
192098
192099
192100
192101
192102
192103
192104
192105
192106
192107
192108
192109
192110
192111
192112
192113
192114
192115
192116
192117
192118
192119
192120
192121
192122
192123
192124
192125
192126
192127
192128
192129
192130
192131
192132
192133
192134
192135
192136
192137
192138
192139
192140
192141
192142
192143
192144
192145
192146
192147
192148
192149
192150
192151
192152
192153
192154
192155
192156
192157
192158
192159
192160
192161
192162
192163
192164
192165
192166
192167
192168
192169
192170
192171
192172
192173
192174
192175
192176
192177
192178
192179
192180
192181
192182
192183
192184
192185
192186
192187
192188
192189
192190
192191
192192
192193
192194
192195
192196
192197
192198
192199
192200
192201
192202
192203
192204
192205
192206
192207
192208
192209
192210
192211
192212
192213
192214
192215
192216
192217
192218
192219
192220
192221
192222
192223
192224
192225
192226
192227
192228
192229
192230
192231
192232
192233
192234
192235
192236
192237
192238
192239
192240
192241
192242
192243
192244
192245
192246
192247
192248
192249
192250
192251
192252
192253
192254
192255
192256
192257
192258
192259
192260
192261
192262
192263
192264
192265
192266
192267
192268
192269
192270
192271
192272
192273
192274
192275
192276
192277
192278
192279
192280
192281
192282
192283
192284
192285
192286
192287
192288
192289
192290
192291
192292
192293
192294
192295
192296
192297
192298
192299
192300
192301
192302
192303
192304
192305
192306
192307
192308
192309
192310
192311
192312
192313
192314
192315
192316
192317
192318
192319
192320
192321
192322
192323
192324
192325
192326
192327
192328
192329
192330
192331
192332
192333
192334
192335
192336
192337
192338
192339
192340
192341
192342
192343
192344
192345
192346
192347
192348
192349
192350
192351
192352
192353
192354
192355
192356
192357
192358
192359
192360
192361
192362
192363
192364
192365
192366
192367
192368
192369
192370
192371
192372
192373
192374
192375
192376
192377
192378
192379
192380
192381
192382
192383
192384
192385
192386
192387
192388
192389
192390
192391
192392
192393
192394
192395
192396
192397
192398
192399
192400
192401
192402
192403
192404
192405
192406
192407
192408
192409
192410
192411
192412
192413
192414
192415
192416
192417
192418
192419
192420
192421
192422
192423
192424
192425
192426
192427
192428
192429
192430
192431
192432
192433
192434
192435
192436
192437
192438
192439
192440
192441
192442
192443
192444
192445
192446
192447
192448
192449
192450
192451
192452
192453
192454
192455
192456
192457
192458
192459
192460
192461
192462
192463
192464
192465
192466
192467
192468
192469
192470
192471
192472
192473
192474
192475
192476
192477
192478
192479
192480
192481
192482
192483
192484
192485
192486
192487
192488
192489
192490
192491
192492
192493
192494
192495
192496
192497
192498
192499
192500
192501
192502
192503
192504
192505
192506
192507
192508
192509
192510
192511
192512
192513
192514
192515
192516
192517
192518
192519
192520
192521
192522
192523
192524
192525
192526
192527
192528
192529
192530
192531
192532
192533
192534
192535
192536
192537
192538
192539
192540
192541
192542
192543
192544
192545
192546
192547
192548
192549
192550
192551
192552
192553
192554
192555
192556
192557
192558
192559
192560
192561
192562
192563
192564
192565
192566
192567
192568
192569
192570
192571
192572
192573
192574
192575
192576
192577
192578
192579
192580
192581
192582
192583
192584
192585
192586
192587
192588
192589
192590
192591
192592
192593
192594
192595
192596
192597
192598
192599
192600
192601
192602
192603
192604
192605
192606
192607
192608
192609
192610
192611
192612
192613
192614
192615
192616
192617
192618
192619
192620
192621
192622
192623
192624
192625
192626
192627
192628
192629
192630
192631
192632
192633
192634
192635
192636
192637
192638
192639
192640
192641
192642
192643
192644
192645
192646
192647
192648
192649
192650
192651
192652
192653
192654
192655
192656
192657
192658
192659
192660
192661
192662
192663
192664
192665
192666
192667
192668
192669
192670
192671
192672
192673
192674
192675
192676
192677
192678
192679
192680
192681
192682
192683
192684
192685
192686
192687
192688
192689
192690
192691
192692
192693
192694
192695
192696
192697
192698
192699
192700
192701
192702
192703
192704
192705
192706
192707
192708
192709
192710
192711
192712
192713
192714
192715
192716
192717
192718
192719
192720
192721
192722
192723
192724
192725
192726
192727
192728
192729
192730
192731
192732
192733
192734
192735
192736
192737
192738
192739
192740
192741
192742
192743
192744
192745
192746
192747
192748
192749
192750
192751
192752
192753
192754
192755
192756
192757
192758
192759
192760
192761
192762
192763
192764
192765
192766
192767
192768
192769
192770
192771
192772
192773
192774
192775
192776
192777
192778
192779
192780
192781
192782
192783
192784
192785
192786
192787
192788
192789
192790
192791
192792
192793
192794
192795
192796
192797
192798
192799
192800
192801
192802
192803
192804
192805
192806
192807
192808
192809
192810
192811
192812
192813
192814
192815
192816
192817
192818
192819
192820
192821
192822
192823
192824
192825
192826
192827
192828
192829
192830
192831
192832
192833
192834
192835
192836
192837
192838
192839
192840
192841
192842
192843
192844
192845
192846
192847
192848
192849
192850
192851
192852
192853
192854
192855
192856
192857
192858
192859
192860
192861
192862
192863
192864
192865
192866
192867
192868
192869
192870
192871
192872
192873
192874
192875
192876
192877
192878
192879
192880
192881
192882
192883
192884
192885
192886
192887
192888
192889
192890
192891
192892
192893
192894
192895
192896
192897
192898
192899
192900
192901
192902
192903
192904
192905
192906
192907
192908
192909
192910
192911
192912
192913
192914
192915
192916
192917
192918
192919
192920
192921
192922
192923
192924
192925
192926
192927
192928
192929
192930
192931
192932
192933
192934
192935
192936
192937
192938
192939
192940
192941
192942
192943
192944
192945
192946
192947
192948
192949
192950
192951
192952
192953
192954
192955
192956
192957
192958
192959
192960
192961
192962
192963
192964
192965
192966
192967
192968
192969
192970
192971
192972
192973
192974
192975
192976
192977
192978
192979
192980
192981
192982
192983
192984
192985
192986
192987
192988
192989
192990
192991
192992
192993
192994
192995
192996
192997
192998
192999
193000
193001
193002
193003
193004
193005
193006
193007
193008
193009
193010
193011
193012
193013
193014
193015
193016
193017
193018
193019
193020
193021
193022
193023
193024
193025
193026
193027
193028
193029
193030
193031
193032
193033
193034
193035
193036
193037
193038
193039
193085
193086
193087
193088
193089
193090
193091
193092
193093
193094
193095
193096
193097
193098
193099
193100
193101
193102
193103
193104
193105
193106
193107
193108
193109
193110
193111
193112
193113
193114
193115
193116
193117
193118
193119
198400
198401
198402
198403
198404
198405
198406
198407
198408
198409
198410
198411
198412
198413
198414
198415
198416
198417
198418
198419
198420
198421
198422
198423
198424
198425
198426
198427
198428
198429
198430
198431
198432
198433
198434
198435
198436
198437
198438
198439
198440
198441
198442
198443
198444
198445
198446
198447
198448
198449
198450
198451
198452
198453
198454
198455
198456
198457
198458
198459
198460
198461
198462
198463
198464
198465
198466
198467
198468
198469
198470
198471
198472
198473
198474
198475
198476
198477
198478
198479
198480
198481
198482
198483
198484
198485
198486
198487
198488
198489
198490
198491
198492
198493
198494
198495
198496
198497
198498
198499
198500
198501
198502
198503
198504
198505
198506
198507
198508
198509
198510
198511
198512
198513
198514
198515
198516
198517
198518
198519
198520
198521
198522
198523
198524
198525
198526
198527
198528
198529
198530
198531
198532
198533
198534
198535
198536
198537
198538
198539
198540
198541
198542
198543
198544
198545
198546
198547
198548
198549
198550
198551
198552
198553
198554
198555
198556
198557
198558
198559
198560
198561
198562
198563
198564
198565
198566
198567
198568
198569
198570
198571
198572
198573
198574
198575
198576
198577
198578
198579
198580
198581
198582
198583
198584
198585
198586
198587
198588
198589
198590
198591
198592
198593
198594
198595
198596
198597
198598
198599
198600
198601
198602
198603
198604
198605
198606
198607
198608
198609
198610
198611
198612
198613
198614
198615
198616
198617
198618
198619
198620
198621
198622
198623
198624
198625
198626
198627
198628
198629
198630
198631
198632
198633
198634
198635
198636
198637
198638
198639
198640
198641
198642
198643
198644
198645
198646
198647
198648
198649
198650
198651
198652
198653
198654
198655
198656
198657
198658
198659
198660
198661
198662
198663
198664
198665
198666
198667
198668
198669
198670
198671
198672
198673
198674
198675
198676
198677
198678
198679
198680
198681
198682
198683
198684
198685
198686
198687
198688
198689
198690
198691
198692
198693
198694
198695
198696
198697
198698
198699
198700
198701
198702
198703
198704
198705
198706
198707
198708
198709
198710
198711
198712
198713
198714
198715
198716
198717
198718
198719
198720
198721
198722
198723
198724
198725
198726
198727
198728
198729
198730
198731
198732
198733
198734
198735
198736
198737
198738
198739
198740
198741
198742
198743
198744
198745
198746
198747
198748
198749
198750
198751
198752
198753
198754
198755
198756
198757
198758
198759
198760
198761
198762
198763
198764
198765
198766
198767
198768
198769
198770
198771
198772
198773
198774
198775
198776
198777
198778
198779
198780
198781
198782
198783
198784
198785
198786
198787
198788
198789
198790
198791
198792
198793
198794
198795
198796
198797
198798
198799
198800
198801
198802
198803
198804
198805
198806
198807
198808
198809
198810
198811
198812
198813
198814
198815
198816
198817
198818
198819
198820
198821
198822
198823
198824
198825
198826
198827
198828
198829
198830
198831
198832
198833
198834
198835
198836
198837
198838
198839
198840
198841
198842
198843
198844
198845
198846
198847
198848
198849
198850
198851
198852
198853
198854
198855
198856
198857
198858
198859
198860
198861
198862
198863
198864
198865
198866
198867
198868
198869
198870
198871
198872
198873
198874
198875
198876
198877
198878
198879
198880
198881
198882
198883
198884
198885
198886
198887
198888
198889
198890
198891
198892
198893
198894
198895
198896
198897
198898
198899
198900
198901
198902
198903
198904
198905
198906
198907
198908
198909
198910
198911
198912
198913
198914
198915
198916
198917
198918
198919
198920
198921
198922
198923
198924
198925
198926
198927
198928
198929
198930
198931
198932
198933
198934
198935
198936
198937
198938
198939
198940
198941
198942
198943
198944
198945
198946
198947
198948
198949
198950
198951
198952
198953
198954
198955
198956
198957
198958
198959
198960
198961
198962
198963
198964
198965
198966
198967
198968
198969
198970
198971
198972
198973
198974
198975
198976
198977
198978
198979
198980
198981
198982
198983
198984
198985
198986
198987
198988
198989
198990
198991
198992
198993
198994
198995
198996
198997
198998
198999
199000
199001
199002
199003
199004
199005
199006
199007
199008
199009
199010
199011
199012
199013
199014
199015
199016
199017
199018
199019
199020
199021
199022
199023
199024
199025
199026
199027
199028
199029
199030
199031
199032
199033
199034
199035
199036
199037
199038
199039
199040
199041
199042
199043
199044
199045
199046
199047
199048
199049
199050
199051
199052
199053
199054
199055
199056
199057
199058
199059
199060
199061
199062
199063
199064
199065
199066
199067
199068
199069
199070
199071
199072
199073
199074
199075
199076
199077
199078
199079
199080
199081
199082
199083
199084
199085
199086
199087
199088
199089
199090
199091
199092
199093
199094
199095
199096
199097
199098
199099
199100
199101
199102
199103
199104
199105
199106
199107
199108
199109
199110
199111
199112
199113
199114
199115
199116
199117
199118
199119
199120
199121
199122
199123
199124
199125
199126
199127
199128
199129
199130
199131
199132
199133
199134
199135
199136
199137
199138
199139
199140
199141
199142
199143
199144
199145
199146
199147
199148
199149
199150
199151
199152
199153
199154
199155
199156
199157
199158
199159
199160
199161
199162
199163
199164
199165
199166
199167
199168
199169
199170
199171
199172
199173
199174
199175
199176
199177
199178
199179
199180
199181
199182
199183
199184
199185
199186
199187
199188
199189
199190
199191
199192
199193
199194
199195
199196
199197
199198
199199
199200
199201
199202
199203
199204
199205
199206
199207
199208
199209
199210
199211
199212
199213
199214
199215
199216
199217
199218
199219
199220
199221
199222
199223
199224
199225
199226
199227
199228
199229
199230
199231
199232
199233
199234
199235
199236
199237
199238
199239
199240
199241
199242
199243
199244
199245
199246
199247
199248
199249
199250
199251
199252
199253
199254
199255
199256
199257
199258
199259
199260
199261
199262
199263
199264
199265
199266
199267
199268
199269
199270
199271
199272
199273
199274
199275
199276
199277
199278
199279
199280
199281
199282
199283
199284
199285
199286
199287
199288
199289
199290
199291
199292
199293
199294
199295
199296
199297
199298
199299
199300
199301
199302
199303
199304
199305
199306
199307
199308
199309
199310
199311
199312
199313
199314
199315
199316
199317
199318
199319
199320
199321
199322
199323
199324
199325
199326
199327
199328
199329
199330
199331
199332
199333
199334
199335
199336
199337
199338
199339
199340
199341
199342
199343
199344
199345
199346
199347
199348
199349
199350
199351
199352
199353
199354
199355
199356
199357
199358
199359
199360
199361
199362
199363
199364
199365
199366
199367
199368
199369
199370
199371
199372
199373
199374
199375
199376
199377
199378
199379
199380
199381
199382
199383
199384
199385
199386
199387
199388
199389
199390
199391
199392
199393
199394
199395
199396
199397
199398
199399
199400
199401
199402
199403
199404
199405
199406
199407
199408
199409
199410
199411
199412
199413
199414
199415
199416
199417
199418
199419
199420
199421
199422
199423
199424
199425
199426
199427
199428
199429
199430
199431
199432
199433
199434
199435
199436
199437
199438
199439
199486
199487
199488
199489
199490
199491
199492
199493
199494
199495
199496
199497
199498
199499
199500
199501
199502
199503
199504
199505
199506
199507
199508
199509
199510
199511
199512
199513
199514
199515
199516
199517
199518
199519
204800
204801
204802
204803
204804
204805
204806
204807
204808
204809
204810
204811
204812
204813
204814
204815
204816
204817
204818
204819
204820
204821
204822
204823
204824
204825
204826
204827
204828
204829
204830
204831
204832
204833
204834
204835
204836
204837
204838
204839
204840
204841
204842
204843
204844
204845
204846
204847
204848
204849
204850
204851
204852
204853
204854
204855
204856
204857
204858
204859
204860
204861
204862
204863
204864
204865
204866
204867
204868
204869
204870
204871
204872
204873
204874
204875
204876
204877
204878
204879
204880
204881
204882
204883
204884
204885
204886
204887
204888
204889
204890
204891
204892
204893
204894
204895
204896
204897
204898
204899
204900
204901
204902
204903
204904
204905
204906
204907
204908
204909
204910
204911
204912
204913
204914
204915
204916
204917
204918
204919
204920
204921
204922
204923
204924
204925
204926
204927
204928
204929
204930
204931
204932
204933
204934
204935
204936
204937
204938
204939
204940
204941
204942
204943
204944
204945
204946
204947
204948
204949
204950
204951
204952
204953
204954
204955
204956
204957
204958
204959
204960
204961
204962
204963
204964
204965
204966
204967
204968
204969
204970
204971
204972
204973
204974
204975
204976
204977
204978
204979
204980
204981
204982
204983
204984
204985
204986
204987
204988
204989
204990
204991
204992
204993
204994
204995
204996
204997
204998
204999
205000
205001
205002
205003
205004
205005
205006
205007
205008
205009
205010
205011
205012
205013
205014
205015
205016
205017
205018
205019
205020
205021
205022
205023
205024
205025
205026
205027
205028
205029
205030
205031
205032
205033
205034
205035
205036
205037
205038
205039
205040
205041
205042
205043
205044
205045
205046
205047
205048
205049
205050
205051
205052
205053
205054
205055
205056
205057
205058
205059
205060
205061
205062
205063
205064
205065
205066
205067
205068
205069
205070
205071
205072
205073
205074
205075
205076
205077
205078
205079
205080
205081
205082
205083
205084
205085
205086
205087
205088
205089
205090
205091
205092
205093
205094
205095
205096
205097
205098
205099
205100
205101
205102
205103
205104
205105
205106
205107
205108
205109
205110
205111
205112
205113
205114
205115
205116
205117
205118
205119
205120
205121
205122
205123
205124
205125
205126
205127
205128
205129
205130
205131
205132
205133
205134
205135
205136
205137
205138
205139
205140
205141
205142
205143
205144
205145
205146
205147
205148
205149
205150
205151
205152
205153
205154
205155
205156
205157
205158
205159
205160
205161
205162
205163
205164
205165
205166
205167
205168
205169
205170
205171
205172
205173
205174
205175
205176
205177
205178
205179
205180
205181
205182
205183
205184
205185
205186
205187
205188
205189
205190
205191
205192
205193
205194
205195
205196
205197
205198
205199
205200
205201
205202
205203
205204
205205
205206
205207
205208
205209
205210
205211
205212
205213
205214
205215
205216
205217
205218
205219
205220
205221
205222
205223
205224
205225
205226
205227
205228
205229
205230
205231
205232
205233
205234
205235
205236
205237
205238
205239
205240
205241
205242
205243
205244
205245
205246
205247
205248
205249
205250
205251
205252
205253
205254
205255
205256
205257
205258
205259
205260
205261
205262
205263
205264
205265
205266
205267
205268
205269
205270
205271
205272
205273
205274
205275
205276
205277
205278
205279
205280
205281
205282
205283
205284
205285
205286
205287
205288
205289
205290
205291
205292
205293
205294
205295
205296
205297
205298
205299
205300
205301
205302
205303
205304
205305
205306
205307
205308
205309
205310
205311
205312
205313
205314
205315
205316
205317
205318
205319
205320
205321
205322
205323
205324
205325
205326
205327
205328
205329
205330
205331
205332
205333
205334
205335
205336
205337
205338
205339
205340
205341
205342
205343
205344
205345
205346
205347
205348
205349
205350
205351
205352
205353
205354
205355
205356
205357
205358
205359
205360
205361
205362
205363
205364
205365
205366
205367
205368
205369
205370
205371
205372
205373
205374
205375
205376
205377
205378
205379
205380
205381
205382
205383
205384
205385
205386
205387
205388
205389
205390
205391
205392
205393
205394
205395
205396
205397
205398
205399
205400
205401
205402
205403
205404
205405
205406
205407
205408
205409
205410
205411
205412
205413
205414
205415
205416
205417
205418
205419
205420
205421
205422
205423
205424
205425
205426
205427
205428
205429
205430
205431
205432
205433
205434
205435
205436
205437
205438
205439
205440
205441
205442
205443
205444
205445
205446
205447
205448
205449
205450
205451
205452
205453
205454
205455
205456
205457
205458
205459
205460
205461
205462
205463
205464
205465
205466
205467
205468
205469
205470
205471
205472
205473
205474
205475
205476
205477
205478
205479
205480
205481
205482
205483
205484
205485
205486
205487
205488
205489
205490
205491
205492
205493
205494
205495
205496
205497
205498
205499
205500
205501
205502
205503
205504
205505
205506
205507
205508
205509
205510
205511
205512
205513
205514
205515
205516
205517
205518
205519
205520
205521
205522
205523
205524
205525
205526
205527
205528
205529
205530
205531
205532
205533
205534
205535
205536
205537
205538
205539
205540
205541
205542
205543
205544
205545
205546
205547
205548
205549
205550
205551
205552
205553
205554
205555
205556
205557
205558
205559
205560
205561
205562
205563
205564
205565
205566
205567
205568
205569
205570
205571
205572
205573
205574
205575
205576
205577
205578
205579
205580
205581
205582
205583
205584
205585
205586
205587
205588
205589
205590
205591
205592
205593
205594
205595
205596
205597
205598
205599
205600
205601
205602
205603
205604
205605
205606
205607
205608
205609
205610
205611
205612
205613
205614
205615
205616
205617
205618
205619
205620
205621
205622
205623
205624
205625
205626
205627
205628
205629
205630
205631
205632
205633
205634
205635
205636
205637
205638
205639
205640
205641
205642
205643
205644
205645
205646
205647
205648
205649
205650
205651
205652
205653
205654
205655
205656
205657
205658
205659
205660
205661
205662
205663
205664
205665
205666
205667
205668
205669
205670
205671
205672
205673
205674
205675
205676
205677
205678
205679
205680
205681
205682
205683
205684
205685
205686
205687
205688
205689
205690
205691
205692
205693
205694
205695
205696
205697
205698
205699
205700
205701
205702
205703
205704
205705
205706
205707
205708
205709
205710
205711
205712
205713
205714
205715
205716
205717
205718
205719
205720
205721
205722
205723
205724
205725
205726
205727
205728
205729
205730
205731
205732
205733
205734
205735
205736
205737
205738
205739
205740
205741
205742
205743
205744
205745
205746
205747
205748
205749
205750
205751
205752
205753
205754
205755
205756
205757
205758
205759
205760
205761
205762
205763
205764
205765
205766
205767
205768
205769
205770
205771
205772
205773
205774
205775
205776
205777
205778
205779
205780
205781
205782
205783
205784
205785
205786
205787
205788
205789
205790
205791
205792
205793
205794
205795
205796
205797
205798
205799
205800
205801
205802
205803
205804
205805
205806
205807
205808
205809
205810
205811
205812
205813
205814
205815
205816
205817
205818
205819
205820
205821
205822
205823
205824
205825
205826
205827
205828
205829
205830
205831
205832
205833
205834
205835
205836
205837
205838
205839
205887
205888
205889
205890
205891
205892
205893
205894
205895
205896
205897
205898
205899
205900
205901
205902
205903
205904
205905
205906
205907
205908
205909
205910
205911
205912
205913
205914
205915
205916
205917
205918
205919
211200
211201
211202
211203
211204
211205
211206
211207
211208
211209
211210
211211
211212
211213
211214
211215
211216
211217
211218
211219
211220
211221
211222
211223
211224
211225
211226
211227
211228
211229
211230
211231
211232
211233
211234
211235
211236
211237
211238
211239
211240
211241
211242
211243
211244
211245
211246
211247
211248
211249
211250
211251
211252
211253
211254
211255
211256
211257
211258
211259
211260
211261
211262
211263
211264
211265
211266
211267
211268
211269
211270
211271
211272
211273
211274
211275
211276
211277
211278
211279
211280
211281
211282
211283
211284
211285
211286
211287
211288
211289
211290
211291
211292
211293
211294
211295
211296
211297
211298
211299
211300
211301
211302
211303
211304
211305
211306
211307
211308
211309
211310
211311
211312
211313
211314
211315
211316
211317
211318
211319
211320
211321
211322
211323
211324
211325
211326
211327
211328
211329
211330
211331
211332
211333
211334
211335
211336
211337
211338
211339
211340
211341
211342
211343
211344
211345
211346
211347
211348
211349
211350
211351
211352
211353
211354
211355
211356
211357
211358
211359
211360
211361
211362
211363
211364
211365
211366
211367
211368
211369
211370
211371
211372
211373
211374
211375
211376
211377
211378
211379
211380
211381
211382
211383
211384
211385
211386
211387
211388
211389
211390
211391
211392
211393
211394
211395
211396
211397
211398
211399
211400
211401
211402
211403
211404
211405
211406
211407
211408
211409
211410
211411
211412
211413
211414
211415
211416
211417
211418
211419
211420
211421
211422
211423
211424
211425
211426
211427
211428
211429
211430
211431
211432
211433
211434
211435
211436
211437
211438
211439
211440
211441
211442
211443
211444
211445
211446
211447
211448
211449
211450
211451
211452
211453
211454
211455
211456
211457
211458
211459
211460
211461
211462
211463
211464
211465
211466
211467
211468
211469
211470
211471
211472
211473
211474
211475
211476
211477
211478
211479
211480
211481
211482
211483
211484
211485
211486
211487
211488
211489
211490
211491
211492
211493
211494
211495
211496
211497
211498
211499
211500
211501
211502
211503
211504
211505
211506
211507
211508
211509
211510
211511
211512
211513
211514
211515
211516
211517
211518
211519
211520
211521
211522
211523
211524
211525
211526
211527
211528
211529
211530
211531
211532
211533
211534
211535
211536
211537
211538
211539
211540
211541
211542
211543
211544
211545
211546
211547
211548
211549
211550
211551
211552
211553
211554
211555
211556
211557
211558
211559
211560
211561
211562
211563
211564
211565
211566
211567
211568
211569
211570
211571
211572
211573
211574
211575
211576
211577
211578
211579
211580
211581
211582
211583
211584
211585
211586
211587
211588
211589
211590
211591
211592
211593
211594
211595
211596
211597
211598
211599
211600
211601
211602
211603
211604
211605
211606
211607
211608
211609
211610
211611
211612
211613
211614
211615
211616
211617
211618
211619
211620
211621
211622
211623
211624
211625
211626
211627
211628
211629
211630
211631
211632
211633
211634
211635
211636
211637
211638
211639
211640
211641
211642
211643
211644
211645
211646
211647
211648
211649
211650
211651
211652
211653
211654
211655
211656
211657
211658
211659
211660
211661
211662
211663
211664
211665
211666
211667
211668
211669
211670
211671
211672
211673
211674
211675
211676
211677
211678
211679
211680
211681
211682
211683
211684
211685
211686
211687
211688
211689
211690
211691
211692
211693
211694
211695
211696
211697
211698
211699
211700
211701
211702
211703
211704
211705
211706
211707
211708
211709
211710
211711
211712
211713
211714
211715
211716
211717
211718
211719
211720
211721
211722
211723
211724
211725
211726
211727
211728
211729
211730
211731
211732
211733
211734
211735
211736
211737
211738
211739
211740
211741
211742
211743
211744
211745
211746
211747
211748
211749
211750
211751
211752
211753
211754
211755
211756
211757
211758
211759
211760
211761
211762
211763
211764
211765
211766
211767
211768
211769
211770
211771
211772
211773
211774
211775
211776
211777
211778
211779
211780
211781
211782
211783
211784
211785
211786
211787
211788
211789
211790
211791
211792
211793
211794
211795
211796
211797
211798
211799
211800
211801
211802
211803
211804
211805
211806
211807
211808
211809
211810
211811
211812
211813
211814
211815
211816
211817
211818
211819
211820
211821
211822
211823
211824
211825
211826
211827
211828
211829
211830
211831
211832
211833
211834
211835
211836
211837
211838
211839
211840
211841
211842
211843
211844
211845
211846
211847
211848
211849
211850
211851
211852
211853
211854
211855
211856
211857
211858
211859
211860
211861
211862
211863
211864
211865
211866
211867
211868
211869
211870
211871
211872
211873
211874
211875
211876
211877
211878
211879
211880
211881
211882
211883
211884
211885
211886
211887
211888
211889
211890
211891
211892
211893
211894
211895
211896
211897
211898
211899
211900
211901
211902
211903
211904
211905
211906
211907
211908
211909
211910
211911
211912
211913
211914
211915
211916
211917
211918
211919
211920
211921
211922
211923
211924
211925
211926
211927
211928
211929
211930
211931
211932
211933
211934
211935
211936
211937
211938
211939
211940
211941
211942
211943
211944
211945
211946
211947
211948
211949
211950
211951
211952
211953
211954
211955
211956
211957
211958
211959
211960
211961
211962
211963
211964
211965
211966
211967
211968
211969
211970
211971
211972
211973
211974
211975
211976
211977
211978
211979
211980
211981
211982
211983
211984
211985
211986
211987
211988
211989
211990
211991
211992
211993
211994
211995
211996
211997
211998
211999
212000
212001
212002
212003
212004
212005
212006
212007
212008
212009
212010
212011
212012
212013
212014
212015
212016
212017
212018
212019
212020
212021
212022
212023
212024
212025
212026
212027
212028
212029
212030
212031
212032
212033
212034
212035
212036
212037
212038
212039
212040
212041
212042
212043
212044
212045
212046
212047
212048
212049
212050
212051
212052
212053
212054
212055
212056
212057
212058
212059
212060
212061
212062
212063
212064
212065
212066
212067
212068
212069
212070
212071
212072
212073
212074
212075
212076
212077
212078
212079
212080
212081
212082
212083
212084
212085
212086
212087
212088
212089
212090
212091
212092
212093
212094
212095
212096
212097
212098
212099
212100
212101
212102
212103
212104
212105
212106
212107
212108
212109
212110
212111
212112
212113
212114
212115
212116
212117
212118
212119
212120
212121
212122
212123
212124
212125
212126
212127
212128
212129
212130
212131
212132
212133
212134
212135
212136
212137
212138
212139
212140
212141
212142
212143
212144
212145
212146
212147
212148
212149
212150
212151
212152
212153
212154
212155
212156
212157
212158
212159
212160
212161
212162
212163
212164
212165
212166
212167
212168
212169
212170
212171
212172
212173
212174
212175
212176
212177
212178
212179
212180
212181
212182
212183
212184
212185
212186
212187
212188
212189
212190
212191
212192
212193
212194
212195
212196
212197
212198
212199
212200
212201
212202
212203
212204
212205
212206
212207
212208
212209
212210
212211
212212
212213
212214
212215
212216
212217
212218
212219
212220
212221
212222
212223
212224
212225
212226
212227
212228
212229
212230
212231
212232
212233
212234
212235
212236
212237
212238
212239
212288
212289
212290
212291
212292
212293
212294
212295
212296
212297
212298
212299
212300
212301
212302
212303
212304
212305
212306
212307
212308
212309
212310
212311
212312
212313
212314
212315
212316
212317
212318
212319
217600
217601
217602
217603
217604
217605
217606
217607
217608
217609
217610
217611
217612
217613
217614
217615
217616
217617
217618
217619
217620
217621
217622
217623
217624
217625
217626
217627
217628
217629
217630
217631
217632
217633
217634
217635
217636
217637
217638
217639
217640
217641
217642
217643
217644
217645
217646
217647
217648
217649
217650
217651
217652
217653
217654
217655
217656
217657
217658
217659
217660
217661
217662
217663
217664
217665
217666
217667
217668
217669
217670
217671
217672
217673
217674
217675
217676
217677
217678
217679
217680
217681
217682
217683
217684
217685
217686
217687
217688
217689
217690
217691
217692
217693
217694
217695
217696
217697
217698
217699
217700
217701
217702
217703
217704
217705
217706
217707
217708
217709
217710
217711
217712
217713
217714
217715
217716
217717
217718
217719
217720
217721
217722
217723
217724
217725
217726
217727
217728
217729
217730
217731
217732
217733
217734
217735
217736
217737
217738
217739
217740
217741
217742
217743
217744
217745
217746
217747
217748
217749
217750
217751
217752
217753
217754
217755
217756
217757
217758
217759
217760
217761
217762
217763
217764
217765
217766
217767
217768
217769
217770
217771
217772
217773
217774
217775
217776
217777
217778
217779
217780
217781
217782
217783
217784
217785
217786
217787
217788
217789
217790
217791
217792
217793
217794
217795
217796
217797
217798
217799
217800
217801
217802
217803
217804
217805
217806
217807
217808
217809
217810
217811
217812
217813
217814
217815
217816
217817
217818
217819
217820
217821
217822
217823
217824
217825
217826
217827
217828
217829
217830
217831
217832
217833
217834
217835
217836
217837
217838
217839
217840
217841
217842
217843
217844
217845
217846
217847
217848
217849
217850
217851
217852
217853
217854
217855
217856
217857
217858
217859
217860
217861
217862
217863
217864
217865
217866
217867
217868
217869
217870
217871
217872
217873
217874
217875
217876
217877
217878
217879
217880
217881
217882
217883
217884
217885
217886
217887
217888
217889
217890
217891
217892
217893
217894
217895
217896
217897
217898
217899
217900
217901
217902
217903
217904
217905
217906
217907
217908
217909
217910
217911
217912
217913
217914
217915
217916
217917
217918
217919
217920
217921
217922
217923
217924
217925
217926
217927
217928
217929
217930
217931
217932
217933
217934
217935
217936
217937
217938
217939
217940
217941
217942
217943
217944
217945
217946
217947
217948
217949
217950
217951
217952
217953
217954
217955
217956
217957
217958
217959
217960
217961
217962
217963
217964
217965
217966
217967
217968
217969
217970
217971
217972
217973
217974
217975
217976
217977
217978
217979
217980
217981
217982
217983
217984
217985
217986
217987
217988
217989
217990
217991
217992
217993
217994
217995
217996
217997
217998
217999
218000
218001
218002
218003
218004
218005
218006
218007
218008
218009
218010
218011
218012
218013
218014
218015
218016
218017
218018
218019
218020
218021
218022
218023
218024
218025
218026
218027
218028
218029
218030
218031
218032
218033
218034
218035
218036
218037
218038
218039
218040
218041
218042
218043
218044
218045
218046
218047
218048
218049
218050
218051
218052
218053
218054
218055
218056
218057
218058
218059
218060
218061
218062
218063
218064
218065
218066
218067
218068
218069
218070
218071
218072
218073
218074
218075
218076
218077
218078
218079
218080
218081
218082
218083
218084
218085
218086
218087
218088
218089
218090
218091
218092
218093
218094
218095
218096
218097
218098
218099
218100
218101
218102
218103
218104
218105
218106
218107
218108
218109
218110
218111
218112
218113
218114
218115
218116
218117
218118
218119
218120
218121
218122
218123
218124
218125
218126
218127
218128
218129
218130
218131
218132
218133
218134
218135
218136
218137
218138
218139
218140
218141
218142
218143
218144
218145
218146
218147
218148
218149
218150
218151
218152
218153
218154
218155
218156
218157
218158
218159
218160
218161
218162
218163
218164
218165
218166
218167
218168
218169
218170
218171
218172
218173
218174
218175
218176
218177
218178
218179
218180
218181
218182
218183
218184
218185
218186
218187
218188
218189
218190
218191
218192
218193
218194
218195
218196
218197
218198
218199
218200
218201
218202
218203
218204
218205
218206
218207
218208
218209
218210
218211
218212
218213
218214
218215
218216
218217
218218
218219
218220
218221
218222
218223
218224
218225
218226
218227
218228
218229
218230
218231
218232
218233
218234
218235
218236
218237
218238
218239
218240
218241
218242
218243
218244
218245
218246
218247
218248
218249
218250
218251
218252
218253
218254
218255
218256
218257
218258
218259
218260
218261
218262
218263
218264
218265
218266
218267
218268
218269
218270
218271
218272
218273
218274
218275
218276
218277
218278
218279
218280
218281
218282
218283
218284
218285
218286
218287
218288
218289
218290
218291
218292
218293
218294
218295
218296
218297
218298
218299
218300
218301
218302
218303
218304
218305
218306
218307
218308
218309
218310
218311
218312
218313
218314
218315
218316
218317
218318
218319
218320
218321
218322
218323
218324
218325
218326
218327
218328
218329
218330
218331
218332
218333
218334
218335
218336
218337
218338
218339
218340
218341
218342
218343
218344
218345
218346
218347
218348
218349
218350
218351
218352
218353
218354
218355
218356
218357
218358
218359
218360
218361
218362
218363
218364
218365
218366
218367
218368
218369
218370
218371
218372
218373
218374
218375
218376
218377
218378
218379
218380
218381
218382
218383
218384
218385
218386
218387
218388
218389
218390
218391
218392
218393
218394
218395
218396
218397
218398
218399
218400
218401
218402
218403
218404
218405
218406
218407
218408
218409
218410
218411
218412
218413
218414
218415
218416
218417
218418
218419
218420
218421
218422
218423
218424
218425
218426
218427
218428
218429
218430
218431
218432
218433
218434
218435
218436
218437
218438
218439
218440
218441
218442
218443
218444
218445
218446
218447
218448
218449
218450
218451
218452
218453
218454
218455
218456
218457
218458
218459
218460
218461
218462
218463
218464
218465
218466
218467
218468
218469
218470
218471
218472
218473
218474
218475
218476
218477
218478
218479
218480
218481
218482
218483
218484
218485
218486
218487
218488
218489
218490
218491
218492
218493
218494
218495
218496
218497
218498
218499
218500
218501
218502
218503
218504
218505
218506
218507
218508
218509
218510
218511
218512
218513
218514
218515
218516
218517
218518
218519
218520
218521
218522
218523
218524
218525
218526
218527
218528
218529
218530
218531
218532
218533
218534
218535
218536
218537
218538
218539
218540
218541
218542
218543
218544
218545
218546
218547
218548
218549
218550
218551
218552
218553
218554
218555
218556
218557
218558
218559
218560
218561
218562
218563
218564
218565
218566
218567
218568
218569
218570
218571
218572
218573
218574
218575
218576
218577
218578
218579
218580
218581
218582
218583
218584
218585
218586
218587
218588
218589
218590
218591
218592
218593
218594
218595
218596
218597
218598
218599
218600
218601
218602
218603
218604
218605
218606
218607
218608
218609
218610
218611
218612
218613
218614
218615
218616
218617
218618
218619
218620
218621
218622
218623
218624
218625
218626
218627
218628
218629
218630
218631
218632
218633
218634
218635
218636
218637
218638
218639
218689
218690
218691
218692
218693
218694
218695
218696
218697
218698
218699
218700
218701
218702
218703
218704
218705
218706
218707
218708
218709
218710
218711
218712
218713
218714
218715
218716
218717
218718
218719
224000
224001
224002
224003
224004
224005
224006
224007
224008
224009
224010
224011
224012
224013
224014
224015
224016
224017
224018
224019
224020
224021
224022
224023
224024
224025
224026
224027
224028
224029
224030
224031
224032
224033
224034
224035
224036
224037
224038
224039
224040
224041
224042
224043
224044
224045
224046
224047
224048
224049
224050
224051
224052
224053
224054
224055
224056
224057
224058
224059
224060
224061
224062
224063
224064
224065
224066
224067
224068
224069
224070
224071
224072
224073
224074
224075
224076
224077
224078
224079
224080
224081
224082
224083
224084
224085
224086
224087
224088
224089
224090
224091
224092
224093
224094
224095
224096
224097
224098
224099
224100
224101
224102
224103
224104
224105
224106
224107
224108
224109
224110
224111
224112
224113
224114
224115
224116
224117
224118
224119
224120
224121
224122
224123
224124
224125
224126
224127
224128
224129
224130
224131
224132
224133
224134
224135
224136
224137
224138
224139
224140
224141
224142
224143
224144
224145
224146
224147
224148
224149
224150
224151
224152
224153
224154
224155
224156
224157
224158
224159
224160
224161
224162
224163
224164
224165
224166
224167
224168
224169
224170
224171
224172
224173
224174
224175
224176
224177
224178
224179
224180
224181
224182
224183
224184
224185
224186
224187
224188
224189
224190
224191
224192
224193
224194
224195
224196
224197
224198
224199
224200
224201
224202
224203
224204
224205
224206
224207
224208
224209
224210
224211
224212
224213
224214
224215
224216
224217
224218
224219
224220
224221
224222
224223
224224
224225
224226
224227
224228
224229
224230
224231
224232
224233
224234
224235
224236
224237
224238
224239
224240
224241
224242
224243
224244
224245
224246
224247
224248
224249
224250
224251
224252
224253
224254
224255
224256
224257
224258
224259
224260
224261
224262
224263
224264
224265
224266
224267
224268
224269
224270
224271
224272
224273
224274
224275
224276
224277
224278
224279
224280
224281
224282
224283
224284
224285
224286
224287
224288
224289
224290
224291
224292
224293
224294
224295
224296
224297
224298
224299
224300
224301
224302
224303
224304
224305
224306
224307
224308
224309
224310
224311
224312
224313
224314
224315
224316
224317
224318
224319
224320
224321
224322
224323
224324
224325
224326
224327
224328
224329
224330
224331
224332
224333
224334
224335
224336
224337
224338
224339
224340
224341
224342
224343
224344
224345
224346
224347
224348
224349
224350
224351
224352
224353
224354
224355
224356
224357
224358
224359
224360
224361
224362
224363
224364
224365
224366
224367
224368
224369
224370
224371
224372
224373
224374
224375
224376
224377
224378
224379
224380
224381
224382
224383
224384
224385
224386
224387
224388
224389
224390
224391
224392
224393
224394
224395
224396
224397
224398
224399
224400
224401
224402
224403
224404
224405
224406
224407
224408
224409
224410
224411
224412
224413
224414
224415
224416
224417
224418
224419
224420
224421
224422
224423
224424
224425
224426
224427
224428
224429
224430
224431
224432
224433
224434
224435
224436
224437
224438
224439
224440
224441
224442
224443
224444
224445
224446
224447
224448
224449
224450
224451
224452
224453
224454
224455
224456
224457
224458
224459
224460
224461
224462
224463
224464
224465
224466
224467
224468
224469
224470
224471
224472
224473
224474
224475
224476
224477
224478
224479
224480
224481
224482
224483
224484
224485
224486
224487
224488
224489
224490
224491
224492
224493
224494
224495
224496
224497
224498
224499
224500
224501
224502
224503
224504
224505
224506
224507
224508
224509
224510
224511
224512
224513
224514
224515
224516
224517
224518
224519
224520
224521
224522
224523
224524
224525
224526
224527
224528
224529
224530
224531
224532
224533
224534
224535
224536
224537
224538
224539
224540
224541
224542
224543
224544
224545
224546
224547
224548
224549
224550
224551
224552
224553
224554
224555
224556
224557
224558
224559
224560
224561
224562
224563
224564
224565
224566
224567
224568
224569
224570
224571
224572
224573
224574
224575
224576
224577
224578
224579
224580
224581
224582
224583
224584
224585
224586
224587
224588
224589
224590
224591
224592
224593
224594
224595
224596
224597
224598
224599
224600
224601
224602
224603
224604
224605
224606
224607
224608
224609
224610
224611
224612
224613
224614
224615
224616
224617
224618
224619
224620
224621
224622
224623
224624
224625
224626
224627
224628
224629
224630
224631
224632
224633
224634
224635
224636
224637
224638
224639
224640
224641
224642
224643
224644
224645
224646
224647
224648
224649
224650
224651
224652
224653
224654
224655
224656
224657
224658
224659
224660
224661
224662
224663
224664
224665
224666
224667
224668
224669
224670
224671
224672
224673
224674
224675
224676
224677
224678
224679
224680
224681
224682
224683
224684
224685
224686
224687
224688
224689
224690
224691
224692
224693
224694
224695
224696
224697
224698
224699
224700
224701
224702
224703
224704
224705
224706
224707
224708
224709
224710
224711
224712
224713
224714
224715
224716
224717
224718
224719
224720
224721
224722
224723
224724
224725
224726
224727
224728
224729
224730
224731
224732
224733
224734
224735
224736
224737
224738
224739
224740
224741
224742
224743
224744
224745
224746
224747
224748
224749
224750
224751
224752
224753
224754
224755
224756
224757
224758
224759
224760
224761
224762
224763
224764
224765
224766
224767
224768
224769
224770
224771
224772
224773
224774
224775
224776
224777
224778
224779
224780
224781
224782
224783
224784
224785
224786
224787
224788
224789
224790
224791
224792
224793
224794
224795
224796
224797
224798
224799
224800
224801
224802
224803
224804
224805
224806
224807
224808
224809
224810
224811
224812
224813
224814
224815
224816
224817
224818
224819
224820
224821
224822
224823
224824
224825
224826
224827
224828
224829
224830
224831
224832
224833
224834
224835
224836
224837
224838
224839
224840
224841
224842
224843
224844
224845
224846
224847
224848
224849
224850
224851
224852
224853
224854
224855
224856
224857
224858
224859
224860
224861
224862
224863
224864
224865
224866
224867
224868
224869
224870
224871
224872
224873
224874
224875
224876
224877
224878
224879
224880
224881
224882
224883
224884
224885
224886
224887
224888
224889
224890
224891
224892
224893
224894
224895
224896
224897
224898
224899
224900
224901
224902
224903
224904
224905
224906
224907
224908
224909
224910
224911
224912
224913
224914
224915
224916
224917
224918
224919
224920
224921
224922
224923
224924
224925
224926
224927
224928
224929
224930
224931
224932
224933
224934
224935
224936
224937
224938
224939
224940
224941
224942
224943
224944
224945
224946
224947
224948
224949
224950
224951
224952
224953
224954
224955
224956
224957
224958
224959
224960
224961
224962
224963
224964
224965
224966
224967
224968
224969
224970
224971
224972
224973
224974
224975
224976
224977
224978
224979
224980
224981
224982
224983
224984
224985
224986
224987
224988
224989
224990
224991
224992
224993
224994
224995
224996
224997
224998
224999
225000
225001
225002
225003
225004
225005
225006
225007
225008
225009
225010
225011
225012
225013
225014
225015
225016
225017
225018
225019
225020
225021
225022
225023
225024
225025
225026
225027
225028
225029
225030
225031
225032
225033
225034
225035
225036
225037
225038
225039
225090
225091
225092
225093
225094
225095
225096
225097
225098
225099
225100
225101
225102
225103
225104
225105
225106
225107
225108
225109
225110
225111
225112
225113
225114
225115
225116
225117
225118
225119
230400
230401
230402
230403
230404
230405
230406
230407
230408
230409
230410
230411
230412
230413
230414
230415
230416
230417
230418
230419
230420
230421
230422
230423
230424
230425
230426
230427
230428
230429
230430
230431
230432
230433
230434
230435
230436
230437
230438
230439
230440
230441
230442
230443
230444
230445
230446
230447
230448
230449
230450
230451
230452
230453
230454
230455
230456
230457
230458
230459
230460
230461
230462
230463
230464
230465
230466
230467
230468
230469
230470
230471
230472
230473
230474
230475
230476
230477
230478
230479
230480
230481
230482
230483
230484
230485
230486
230487
230488
230489
230490
230491
230492
230493
230494
230495
230496
230497
230498
230499
230500
230501
230502
230503
230504
230505
230506
230507
230508
230509
230510
230511
230512
230513
230514
230515
230516
230517
230518
230519
230520
230521
230522
230523
230524
230525
230526
230527
230528
230529
230530
230531
230532
230533
230534
230535
230536
230537
230538
230539
230540
230541
230542
230543
230544
230545
230546
230547
230548
230549
230550
230551
230552
230553
230554
230555
230556
230557
230558
230559
230560
230561
230562
230563
230564
230565
230566
230567
230568
230569
230570
230571
230572
230573
230574
230575
230576
230577
230578
230579
230580
230581
230582
230583
230584
230585
230586
230587
230588
230589
230590
230591
230592
230593
230594
230595
230596
230597
230598
230599
230600
230601
230602
230603
230604
230605
230606
230607
230608
230609
230610
230611
230612
230613
230614
230615
230616
230617
230618
230619
230620
230621
230622
230623
230624
230625
230626
230627
230628
230629
230630
230631
230632
230633
230634
230635
230636
230637
230638
230639
230640
230641
230642
230643
230644
230645
230646
230647
230648
230649
230650
230651
230652
230653
230654
230655
230656
230657
230658
230659
230660
230661
230662
230663
230664
230665
230666
230667
230668
230669
230670
230671
230672
230673
230674
230675
230676
230677
230678
230679
230680
230681
230682
230683
230684
230685
230686
230687
230688
230689
230690
230691
230692
230693
230694
230695
230696
230697
230698
230699
230700
230701
230702
230703
230704
230705
230706
230707
230708
230709
230710
230711
230712
230713
230714
230715
230716
230717
230718
230719
230720
230721
230722
230723
230724
230725
230726
230727
230728
230729
230730
230731
230732
230733
230734
230735
230736
230737
230738
230739
230740
230741
230742
230743
230744
230745
230746
230747
230748
230749
230750
230751
230752
230753
230754
230755
230756
230757
230758
230759
230760
230761
230762
230763
230764
230765
230766
230767
230768
230769
230770
230771
230772
230773
230774
230775
230776
230777
230778
230779
230780
230781
230782
230783
230784
230785
230786
230787
230788
230789
230790
230791
230792
230793
230794
230795
230796
230797
230798
230799
230800
230801
230802
230803
230804
230805
230806
230807
230808
230809
230810
230811
230812
230813
230814
230815
230816
230817
230818
230819
230820
230821
230822
230823
230824
230825
230826
230827
230828
230829
230830
230831
230832
230833
230834
230835
230836
230837
230838
230839
230840
230841
230842
230843
230844
230845
230846
230847
230848
230849
230850
230851
230852
230853
230854
230855
230856
230857
230858
230859
230860
230861
230862
230863
230864
230865
230866
230867
230868
230869
230870
230871
230872
230873
230874
230875
230876
230877
230878
230879
230880
230881
230882
230883
230884
230885
230886
230887
230888
230889
230890
230891
230892
230893
230894
230895
230896
230897
230898
230899
230900
230901
230902
230903
230904
230905
230906
230907
230908
230909
230910
230911
230912
230913
230914
230915
230916
230917
230918
230919
230920
230921
230922
230923
230924
230925
230926
230927
230928
230929
230930
230931
230932
230933
230934
230935
230936
230937
230938
230939
230940
230941
230942
230943
230944
230945
230946
230947
230948
230949
230950
230951
230952
230953
230954
230955
230956
230957
230958
230959
230960
230961
230962
230963
230964
230965
230966
230967
230968
230969
230970
230971
230972
230973
230974
230975
230976
230977
230978
230979
230980
230981
230982
230983
230984
230985
230986
230987
230988
230989
230990
230991
230992
230993
230994
230995
230996
230997
230998
230999
231000
231001
231002
231003
231004
231005
231006
231007
231008
231009
231010
231011
231012
231013
231014
231015
231016
231017
231018
231019
231020
231021
231022
231023
231024
231025
231026
231027
231028
231029
231030
231031
231032
231033
231034
231035
231036
231037
231038
231039
231040
231041
231042
231043
231044
231045
231046
231047
231048
231049
231050
231051
231052
231053
231054
231055
231056
231057
231058
231059
231060
231061
231062
231063
231064
231065
231066
231067
231068
231069
231070
231071
231072
231073
231074
231075
231076
231077
231078
231079
231080
231081
231082
231083
231084
231085
231086
231087
231088
231089
231090
231091
231092
231093
231094
231095
231096
231097
231098
231099
231100
231101
231102
231103
231104
231105
231106
231107
231108
231109
231110
231111
231112
231113
231114
231115
231116
231117
231118
231119
231120
231121
231122
231123
231124
231125
231126
231127
231128
231129
231130
231131
231132
231133
231134
231135
231136
231137
231138
231139
231140
231141
231142
231143
231144
231145
231146
231147
231148
231149
231150
231151
231152
231153
231154
231155
231156
231157
231158
231159
231160
231161
231162
231163
231164
231165
231166
231167
231168
231169
231170
231171
231172
231173
231174
231175
231176
231177
231178
231179
231180
231181
231182
231183
231184
231185
231186
231187
231188
231189
231190
231191
231192
231193
231194
231195
231196
231197
231198
231199
231200
231201
231202
231203
231204
231205
231206
231207
231208
231209
231210
231211
231212
231213
231214
231215
231216
231217
231218
231219
231220
231221
231222
231223
231224
231225
231226
231227
231228
231229
231230
231231
231232
231233
231234
231235
231236
231237
231238
231239
231240
231241
231242
231243
231244
231245
231246
231247
231248
231249
231250
231251
231252
231253
231254
231255
231256
231257
231258
231259
231260
231261
231262
231263
231264
231265
231266
231267
231268
231269
231270
231271
231272
231273
231274
231275
231276
231277
231278
231279
231280
231281
231282
231283
231284
231285
231286
231287
231288
231289
231290
231291
231292
231293
231294
231295
231296
231297
231298
231299
231300
231301
231302
231303
231304
231305
231306
231307
231308
231309
231310
231311
231312
231313
231314
231315
231316
231317
231318
231319
231320
231321
231322
231323
231324
231325
231326
231327
231328
231329
231330
231331
231332
231333
231334
231335
231336
231337
231338
231339
231340
231341
231342
231343
231344
231345
231346
231347
231348
231349
231350
231351
231352
231353
231354
231355
231356
231357
231358
231359
231360
231361
231362
231363
231364
231365
231366
231367
231368
231369
231370
231371
231372
231373
231374
231375
231376
231377
231378
231379
231380
231381
231382
231383
231384
231385
231386
231387
231388
231389
231390
231391
231392
231393
231394
231395
231396
231397
231398
231399
231400
231401
231402
231403
231404
231405
231406
231407
231408
231409
231410
231411
231412
231413
231414
231415
231416
231417
231418
231419
231420
231421
231422
231423
231424
231425
231426
231427
231428
231429
231430
231431
231432
231433
231434
231435
231436
231437
231438
231439
231491
231492
231493
231494
231495
231496
231497
231498
231499
231500
231501
231502
231503
231504
231505
231506
231507
231508
231509
231510
231511
231512
231513
231514
231515
231516
231517
231518
231519
236800
236801
236802
236803
236804
236805
236806
236807
236808
236809
236810
236811
236812
236813
236814
236815
236816
236817
236818
236819
236820
236821
236822
236823
236824
236825
236826
236827
236828
236829
236830
236831
236832
236833
236834
236835
236836
236837
236838
236839
236840
236841
236842
236843
236844
236845
236846
236847
236848
236849
236850
236851
236852
236853
236854
236855
236856
236857
236858
236859
236860
236861
236862
236863
236864
236865
236866
236867
236868
236869
236870
236871
236872
236873
236874
236875
236876
236877
236878
236879
236880
236881
236882
236883
236884
236885
236886
236887
236888
236889
236890
236891
236892
236893
236894
236895
236896
236897
236898
236899
236900
236901
236902
236903
236904
236905
236906
236907
236908
236909
236910
236911
236912
236913
236914
236915
236916
236917
236918
236919
236920
236921
236922
236923
236924
236925
236926
236927
236928
236929
236930
236931
236932
236933
236934
236935
236936
236937
236938
236939
236940
236941
236942
236943
236944
236945
236946
236947
236948
236949
236950
236951
236952
236953
236954
236955
236956
236957
236958
236959
236960
236961
236962
236963
236964
236965
236966
236967
236968
236969
236970
236971
236972
236973
236974
236975
236976
236977
236978
236979
236980
236981
236982
236983
236984
236985
236986
236987
236988
236989
236990
236991
236992
236993
236994
236995
236996
236997
236998
236999
237000
237001
237002
237003
237004
237005
237006
237007
237008
237009
237010
237011
237012
237013
237014
237015
237016
237017
237018
237019
237020
237021
237022
237023
237024
237025
237026
237027
237028
237029
237030
237031
237032
237033
237034
237035
237036
237037
237038
237039
237040
237041
237042
237043
237044
237045
237046
237047
237048
237049
237050
237051
237052
237053
237054
237055
237056
237057
237058
237059
237060
237061
237062
237063
237064
237065
237066
237067
237068
237069
237070
237071
237072
237073
237074
237075
237076
237077
237078
237079
237080
237081
237082
237083
237084
237085
237086
237087
237088
237089
237090
237091
237092
237093
237094
237095
237096
237097
237098
237099
237100
237101
237102
237103
237104
237105
237106
237107
237108
237109
237110
237111
237112
237113
237114
237115
237116
237117
237118
237119
237120
237121
237122
237123
237124
237125
237126
237127
237128
237129
237130
237131
237132
237133
237134
237135
237136
237137
237138
237139
237140
237141
237142
237143
237144
237145
237146
237147
237148
237149
237150
237151
237152
237153
237154
237155
237156
237157
237158
237159
237160
237161
237162
237163
237164
237165
237166
237167
237168
237169
237170
237171
237172
237173
237174
237175
237176
237177
237178
237179
237180
237181
237182
237183
237184
237185
237186
237187
237188
237189
237190
237191
237192
237193
237194
237195
237196
237197
237198
237199
237200
237201
237202
237203
237204
237205
237206
237207
237208
237209
237210
237211
237212
237213
237214
237215
237216
237217
237218
237219
237220
237221
237222
237223
237224
237225
237226
237227
237228
237229
237230
237231
237232
237233
237234
237235
237236
237237
237238
237239
237240
237241
237242
237243
237244
237245
237246
237247
237248
237249
237250
237251
237252
237253
237254
237255
237256
237257
237258
237259
237260
237261
237262
237263
237264
237265
237266
237267
237268
237269
237270
237271
237272
237273
237274
237275
237276
237277
237278
237279
237280
237281
237282
237283
237284
237285
237286
237287
237288
237289
237290
237291
237292
237293
237294
237295
237296
237297
237298
237299
237300
237301
237302
237303
237304
237305
237306
237307
237308
237309
237310
237311
237312
237313
237314
237315
237316
237317
237318
237319
237320
237321
237322
237323
237324
237325
237326
237327
237328
237329
237330
237331
237332
237333
237334
237335
237336
237337
237338
237339
237340
237341
237342
237343
237344
237345
237346
237347
237348
237349
237350
237351
237352
237353
237354
237355
237356
237357
237358
237359
237360
237361
237362
237363
237364
237365
237366
237367
237368
237369
237370
237371
237372
237373
237374
237375
237376
237377
237378
237379
237380
237381
237382
237383
237384
237385
237386
237387
237388
237389
237390
237391
237392
237393
237394
237395
237396
237397
237398
237399
237400
237401
237402
237403
237404
237405
237406
237407
237408
237409
237410
237411
237412
237413
237414
237415
237416
237417
237418
237419
237420
237421
237422
237423
237424
237425
237426
237427
237428
237429
237430
237431
237432
237433
237434
237435
237436
237437
237438
237439
237440
237441
237442
237443
237444
237445
237446
237447
237448
237449
237450
237451
237452
237453
237454
237455
237456
237457
237458
237459
237460
237461
237462
237463
237464
237465
237466
237467
237468
237469
237470
237471
237472
237473
237474
237475
237476
237477
237478
237479
237480
237481
237482
237483
237484
237485
237486
237487
237488
237489
237490
237491
237492
237493
237494
237495
237496
237497
237498
237499
237500
237501
237502
237503
237504
237505
237506
237507
237508
237509
237510
237511
237512
237513
237514
237515
237516
237517
237518
237519
237520
237521
237522
237523
237524
237525
237526
237527
237528
237529
237530
237531
237532
237533
237534
237535
237536
237537
237538
237539
237540
237541
237542
237543
237544
237545
237546
237547
237548
237549
237550
237551
237552
237553
237554
237555
237556
237557
237558
237559
237560
237561
237562
237563
237564
237565
237566
237567
237568
237569
237570
237571
237572
237573
237574
237575
237576
237577
237578
237579
237580
237581
237582
237583
237584
237585
237586
237587
237588
237589
237590
237591
237592
237593
237594
237595
237596
237597
237598
237599
237600
237601
237602
237603
237604
237605
237606
237607
237608
237609
237610
237611
237612
237613
237614
237615
237616
237617
237618
237619
237620
237621
237622
237623
237624
237625
237626
237627
237628
237629
237630
237631
237632
237633
237634
237635
237636
237637
237638
237639
237640
237641
237642
237643
237644
237645
237646
237647
237648
237649
237650
237651
237652
237653
237654
237655
237656
237657
237658
237659
237660
237661
237662
237663
237664
237665
237666
237667
237668
237669
237670
237671
237672
237673
237674
237675
237676
237677
237678
237679
237680
237681
237682
237683
237684
237685
237686
237687
237688
237689
237690
237691
237692
237693
237694
237695
237696
237697
237698
237699
237700
237701
237702
237703
237704
237705
237706
237707
237708
237709
237710
237711
237712
237713
237714
237715
237716
237717
237718
237719
237720
237721
237722
237723
237724
237725
237726
237727
237728
237729
237730
237731
237732
237733
237734
237735
237736
237737
237738
237739
237740
237741
237742
237743
237744
237745
237746
237747
237748
237749
237750
237751
237752
237753
237754
237755
237756
237757
237758
237759
237760
237761
237762
237763
237764
237765
237766
237767
237768
237769
237770
237771
237772
237773
237774
237775
237776
237777
237778
237779
237780
237781
237782
237783
237784
237785
237786
237787
237788
237789
237790
237791
237792
237793
237794
237795
237796
237797
237798
237799
237800
237801
237802
237803
237804
237805
237806
237807
237808
237809
237810
237811
237812
237813
237814
237815
237816
237817
237818
237819
237820
237821
237822
237823
237824
237825
237826
237827
237828
237829
237830
237831
237832
237833
237834
237835
237836
237837
237838
237839
237892
237893
237894
237895
237896
237897
237898
237899
237900
237901
237902
237903
237904
237905
237906
237907
237908
237909
237910
237911
237912
237913
237914
237915
237916
237917
237918
237919
243200
243201
243202
243203
243204
243205
243206
243207
243208
243209
243210
243211
243212
243213
243214
243215
243216
243217
243218
243219
243220
243221
243222
243223
243224
243225
243226
243227
243228
243229
243230
243231
243232
243233
243234
243235
243236
243237
243238
243239
243240
243241
243242
243243
243244
243245
243246
243247
243248
243249
243250
243251
243252
243253
243254
243255
243256
243257
243258
243259
243260
243261
243262
243263
243264
243265
243266
243267
243268
243269
243270
243271
243272
243273
243274
243275
243276
243277
243278
243279
243280
243281
243282
243283
243284
243285
243286
243287
243288
243289
243290
243291
243292
243293
243294
243295
243296
243297
243298
243299
243300
243301
243302
243303
243304
243305
243306
243307
243308
243309
243310
243311
243312
243313
243314
243315
243316
243317
243318
243319
243320
243321
243322
243323
243324
243325
243326
243327
243328
243329
243330
243331
243332
243333
243334
243335
243336
243337
243338
243339
243340
243341
243342
243343
243344
243345
243346
243347
243348
243349
243350
243351
243352
243353
243354
243355
243356
243357
243358
243359
243360
243361
243362
243363
243364
243365
243366
243367
243368
243369
243370
243371
243372
243373
243374
243375
243376
243377
243378
243379
243380
243381
243382
243383
243384
243385
243386
243387
243388
243389
243390
243391
243392
243393
243394
243395
243396
243397
243398
243399
243400
243401
243402
243403
243404
243405
243406
243407
243408
243409
243410
243411
243412
243413
243414
243415
243416
243417
243418
243419
243420
243421
243422
243423
243424
243425
243426
243427
243428
243429
243430
243431
243432
243433
243434
243435
243436
243437
243438
243439
243440
243441
243442
243443
243444
243445
243446
243447
243448
243449
243450
243451
243452
243453
243454
243455
243456
243457
243458
243459
243460
243461
243462
243463
243464
243465
243466
243467
243468
243469
243470
243471
243472
243473
243474
243475
243476
243477
243478
243479
243480
243481
243482
243483
243484
243485
243486
243487
243488
243489
243490
243491
243492
243493
243494
243495
243496
243497
243498
243499
243500
243501
243502
243503
243504
243505
243506
243507
243508
243509
243510
243511
243512
243513
243514
243515
243516
243517
243518
243519
243520
243521
243522
243523
243524
243525
243526
243527
243528
243529
243530
243531
243532
243533
243534
243535
243536
243537
243538
243539
243540
243541
243542
243543
243544
243545
243546
243547
243548
243549
243550
243551
243552
243553
243554
243555
243556
243557
243558
243559
243560
243561
243562
243563
243564
243565
243566
243567
243568
243569
243570
243571
243572
243573
243574
243575
243576
243577
243578
243579
243580
243581
243582
243583
243584
243585
243586
243587
243588
243589
243590
243591
243592
243593
243594
243595
243596
243597
243598
243599
243600
243601
243602
243603
243604
243605
243606
243607
243608
243609
243610
243611
243612
243613
243614
243615
243616
243617
243618
243619
243620
243621
243622
243623
243624
243625
243626
243627
243628
243629
243630
243631
243632
243633
243634
243635
243636
243637
243638
243639
243640
243641
243642
243643
243644
243645
243646
243647
243648
243649
243650
243651
243652
243653
243654
243655
243656
243657
243658
243659
243660
243661
243662
243663
243664
243665
243666
243667
243668
243669
243670
243671
243672
243673
243674
243675
243676
243677
243678
243679
243680
243681
243682
243683
243684
243685
243686
243687
243688
243689
243690
243691
243692
243693
243694
243695
243696
243697
243698
243699
243700
243701
243702
243703
243704
243705
243706
243707
243708
243709
243710
243711
243712
243713
243714
243715
243716
243717
243718
243719
243720
243721
243722
243723
243724
243725
243726
243727
243728
243729
243730
243731
243732
243733
243734
243735
243736
243737
243738
243739
243740
243741
243742
243743
243744
243745
243746
243747
243748
243749
243750
243751
243752
243753
243754
243755
243756
243757
243758
243759
243760
243761
243762
243763
243764
243765
243766
243767
243768
243769
243770
243771
243772
243773
243774
243775
243776
243777
243778
243779
243780
243781
243782
243783
243784
243785
243786
243787
243788
243789
243790
243791
243792
243793
243794
243795
243796
243797
243798
243799
243800
243801
243802
243803
243804
243805
243806
243807
243808
243809
243810
243811
243812
243813
243814
243815
243816
243817
243818
243819
243820
243821
243822
243823
243824
243825
243826
243827
243828
243829
243830
243831
243832
243833
243834
243835
243836
243837
243838
243839
243840
243841
243842
243843
243844
243845
243846
243847
243848
243849
243850
243851
243852
243853
243854
243855
243856
243857
243858
243859
243860
243861
243862
243863
243864
243865
243866
243867
243868
243869
243870
243871
243872
243873
243874
243875
243876
243877
243878
243879
243880
243881
243882
243883
243884
243885
243886
243887
243888
243889
243890
243891
243892
243893
243894
243895
243896
243897
243898
243899
243900
243901
243902
243903
243904
243905
243906
243907
243908
243909
243910
243911
243912
243913
243914
243915
243916
243917
243918
243919
243920
243921
243922
243923
243924
243925
243926
243927
243928
243929
243930
243931
243932
243933
243934
243935
243936
243937
243938
243939
243940
243941
243942
243943
243944
243945
243946
243947
243948
243949
243950
243951
243952
243953
243954
243955
243956
243957
243958
243959
243960
243961
243962
243963
243964
243965
243966
243967
243968
243969
243970
243971
243972
243973
243974
243975
243976
243977
243978
243979
243980
243981
243982
243983
243984
243985
243986
243987
243988
243989
243990
243991
243992
243993
243994
243995
243996
243997
243998
243999
244000
244001
244002
244003
244004
244005
244006
244007
244008
244009
244010
244011
244012
244013
244014
244015
244016
244017
244018
244019
244020
244021
244022
244023
244024
244025
244026
244027
244028
244029
244030
244031
244032
244033
244034
244035
244036
244037
244038
244039
244040
244041
244042
244043
244044
244045
244046
244047
244048
244049
244050
244051
244052
244053
244054
244055
244056
244057
244058
244059
244060
244061
244062
244063
244064
244065
244066
244067
244068
244069
244070
244071
244072
244073
244074
244075
244076
244077
244078
244079
244080
244081
244082
244083
244084
244085
244086
244087
244088
244089
244090
244091
244092
244093
244094
244095
244096
244097
244098
244099
244100
244101
244102
244103
244104
244105
244106
244107
244108
244109
244110
244111
244112
244113
244114
244115
244116
244117
244118
244119
244120
244121
244122
244123
244124
244125
244126
244127
244128
244129
244130
244131
244132
244133
244134
244135
244136
244137
244138
244139
244140
244141
244142
244143
244144
244145
244146
244147
244148
244149
244150
244151
244152
244153
244154
244155
244156
244157
244158
244159
244160
244161
244162
244163
244164
244165
244166
244167
244168
244169
244170
244171
244172
244173
244174
244175
244176
244177
244178
244179
244180
244181
244182
244183
244184
244185
244186
244187
244188
244189
244190
244191
244192
244193
244194
244195
244196
244197
244198
244199
244200
244201
244202
244203
244204
244205
244206
244207
244208
244209
244210
244211
244212
244213
244214
244215
244216
244217
244218
244219
244220
244221
244222
244223
244224
244225
244226
244227
244228
244229
244230
244231
244232
244233
244234
244235
244236
244237
244238
244239
244293
244294
244295
244296
244297
244298
244299
244300
244301
244302
244303
244304
244305
244306
244307
244308
244309
244310
244311
244312
244313
244314
244315
244316
244317
244318
244319
249600
249601
249602
249603
249604
249605
249606
249607
249608
249609
249610
249611
249612
249613
249614
249615
249616
249617
249618
249619
249620
249621
249622
249623
249624
249625
249626
249627
249628
249629
249630
249631
249632
249633
249634
249635
249636
249637
249638
249639
249640
249641
249642
249643
249644
249645
249646
249647
249648
249649
249650
249651
249652
249653
249654
249655
249656
249657
249658
249659
249660
249661
249662
249663
249664
249665
249666
249667
249668
249669
249670
249671
249672
249673
249674
249675
249676
249677
249678
249679
249680
249681
249682
249683
249684
249685
249686
249687
249688
249689
249690
249691
249692
249693
249694
249695
249696
249697
249698
249699
249700
249701
249702
249703
249704
249705
249706
249707
249708
249709
249710
249711
249712
249713
249714
249715
249716
249717
249718
249719
249720
249721
249722
249723
249724
249725
249726
249727
249728
249729
249730
249731
249732
249733
249734
249735
249736
249737
249738
249739
249740
249741
249742
249743
249744
249745
249746
249747
249748
249749
249750
249751
249752
249753
249754
249755
249756
249757
249758
249759
249760
249761
249762
249763
249764
249765
249766
249767
249768
249769
249770
249771
249772
249773
249774
249775
249776
249777
249778
249779
249780
249781
249782
249783
249784
249785
249786
249787
249788
249789
249790
249791
249792
249793
249794
249795
249796
249797
249798
249799
249800
249801
249802
249803
249804
249805
249806
249807
249808
249809
249810
249811
249812
249813
249814
249815
249816
249817
249818
249819
249820
249821
249822
249823
249824
249825
249826
249827
249828
249829
249830
249831
249832
249833
249834
249835
249836
249837
249838
249839
249840
249841
249842
249843
249844
249845
249846
249847
249848
249849
249850
249851
249852
249853
249854
249855
249856
249857
249858
249859
249860
249861
249862
249863
249864
249865
249866
249867
249868
249869
249870
249871
249872
249873
249874
249875
249876
249877
249878
249879
249880
249881
249882
249883
249884
249885
249886
249887
249888
249889
249890
249891
249892
249893
249894
249895
249896
249897
249898
249899
249900
249901
249902
249903
249904
249905
249906
249907
249908
249909
249910
249911
249912
249913
249914
249915
249916
249917
249918
249919
249920
249921
249922
249923
249924
249925
249926
249927
249928
249929
249930
249931
249932
249933
249934
249935
249936
249937
249938
249939
249940
249941
249942
249943
249944
249945
249946
249947
249948
249949
249950
249951
249952
249953
249954
249955
249956
249957
249958
249959
249960
249961
249962
249963
249964
249965
249966
249967
249968
249969
249970
249971
249972
249973
249974
249975
249976
249977
249978
249979
249980
249981
249982
249983
249984
249985
249986
249987
249988
249989
249990
249991
249992
249993
249994
249995
249996
249997
249998
249999
250000
250001
250002
250003
250004
250005
250006
250007
250008
250009
250010
250011
250012
250013
250014
250015
250016
250017
250018
250019
250020
250021
250022
250023
250024
250025
250026
250027
250028
250029
250030
250031
250032
250033
250034
250035
250036
250037
250038
250039
250040
250041
250042
250043
250044
250045
250046
250047
250048
250049
250050
250051
250052
250053
250054
250055
250056
250057
250058
250059
250060
250061
250062
250063
250064
250065
250066
250067
250068
250069
250070
250071
250072
250073
250074
250075
250076
250077
250078
250079
250080
250081
250082
250083
250084
250085
250086
250087
250088
250089
250090
250091
250092
250093
250094
250095
250096
250097
250098
250099
250100
250101
250102
250103
250104
250105
250106
250107
250108
250109
250110
250111
250112
250113
250114
250115
250116
250117
250118
250119
250120
250121
250122
250123
250124
250125
250126
250127
250128
250129
250130
250131
250132
250133
250134
250135
250136
250137
250138
250139
250140
250141
250142
250143
250144
250145
250146
250147
250148
250149
250150
250151
250152
250153
250154
250155
250156
250157
250158
250159
250160
250161
250162
250163
250164
250165
250166
250167
250168
250169
250170
250171
250172
250173
250174
250175
250176
250177
250178
250179
250180
250181
250182
250183
250184
250185
250186
250187
250188
250189
250190
250191
250192
250193
250194
250195
250196
250197
250198
250199
250200
250201
250202
250203
250204
250205
250206
250207
250208
250209
250210
250211
250212
250213
250214
250215
250216
250217
250218
250219
250220
250221
250222
250223
250224
250225
250226
250227
250228
250229
250230
250231
250232
250233
250234
250235
250236
250237
250238
250239
250240
250241
250242
250243
250244
250245
250246
250247
250248
250249
250250
250251
250252
250253
250254
250255
250256
250257
250258
250259
250260
250261
250262
250263
250264
250265
250266
250267
250268
250269
250270
250271
250272
250273
250274
250275
250276
250277
250278
250279
250280
250281
250282
250283
250284
250285
250286
250287
250288
250289
250290
250291
250292
250293
250294
250295
250296
250297
250298
250299
250300
250301
250302
250303
250304
250305
250306
250307
250308
250309
250310
250311
250312
250313
250314
250315
250316
250317
250318
250319
250320
250321
250322
250323
250324
250325
250326
250327
250328
250329
250330
250331
250332
250333
250334
250335
250336
250337
250338
250339
250340
250341
250342
250343
250344
250345
250346
250347
250348
250349
250350
250351
250352
250353
250354
250355
250356
250357
250358
250359
250360
250361
250362
250363
250364
250365
250366
250367
250368
250369
250370
250371
250372
250373
250374
250375
250376
250377
250378
250379
250380
250381
250382
250383
250384
250385
250386
250387
250388
250389
250390
250391
250392
250393
250394
250395
250396
250397
250398
250399
250400
250401
250402
250403
250404
250405
250406
250407
250408
250409
250410
250411
250412
250413
250414
250415
250416
250417
250418
250419
250420
250421
250422
250423
250424
250425
250426
250427
250428
250429
250430
250431
250432
250433
250434
250435
250436
250437
250438
250439
250440
250441
250442
250443
250444
250445
250446
250447
250448
250449
250450
250451
250452
250453
250454
250455
250456
250457
250458
250459
250460
250461
250462
250463
250464
250465
250466
250467
250468
250469
250470
250471
250472
250473
250474
250475
250476
250477
250478
250479
250480
250481
250482
250483
250484
250485
250486
250487
250488
250489
250490
250491
250492
250493
250494
250495
250496
250497
250498
250499
250500
250501
250502
250503
250504
250505
250506
250507
250508
250509
250510
250511
250512
250513
250514
250515
250516
250517
250518
250519
250520
250521
250522
250523
250524
250525
250526
250527
250528
250529
250530
250531
250532
250533
250534
250535
250536
250537
250538
250539
250540
250541
250542
250543
250544
250545
250546
250547
250548
250549
250550
250551
250552
250553
250554
250555
250556
250557
250558
250559
250560
250561
250562
250563
250564
250565
250566
250567
250568
250569
250570
250571
250572
250573
250574
250575
250576
250577
250578
250579
250580
250581
250582
250583
250584
250585
250586
250587
250588
250589
250590
250591
250592
250593
250594
250595
250596
250597
250598
250599
250600
250601
250602
250603
250604
250605
250606
250607
250608
250609
250610
250611
250612
250613
250614
250615
250616
250617
250618
250619
250620
250621
250622
250623
250624
250625
250626
250627
250628
250629
250630
250631
250632
250633
250634
250635
250636
250637
250638
250639
250694
250695
250696
250697
250698
250699
250700
250701
250702
250703
250704
250705
250706
250707
250708
250709
250710
250711
250712
250713
250714
250715
250716
250717
250718
250719
256000
256001
256002
256003
256004
256005
256006
256007
256008
256009
256010
256011
256012
256013
256014
256015
256016
256017
256018
256019
256020
256021
256022
256023
256024
256025
256026
256027
256028
256029
256030
256031
256032
256033
256034
256035
256036
256037
256038
256039
256040
256041
256042
256043
256044
256045
256046
256047
256048
256049
256050
256051
256052
256053
256054
256055
256056
256057
256058
256059
256060
256061
256062
256063
256064
256065
256066
256067
256068
256069
256070
256071
256072
256073
256074
256075
256076
256077
256078
256079
256080
256081
256082
256083
256084
256085
256086
256087
256088
256089
256090
256091
256092
256093
256094
256095
256096
256097
256098
256099
256100
256101
256102
256103
256104
256105
256106
256107
256108
256109
256110
256111
256112
256113
256114
256115
256116
256117
256118
256119
256120
256121
256122
256123
256124
256125
256126
256127
256128
256129
256130
256131
256132
256133
256134
256135
256136
256137
256138
256139
256140
256141
256142
256143
256144
256145
256146
256147
256148
256149
256150
256151
256152
256153
256154
256155
256156
256157
256158
256159
256160
256161
256162
256163
256164
256165
256166
256167
256168
256169
256170
256171
256172
256173
256174
256175
256176
256177
256178
256179
256180
256181
256182
256183
256184
256185
256186
256187
256188
256189
256190
256191
256192
256193
256194
256195
256196
256197
256198
256199
256200
256201
256202
256203
256204
256205
256206
256207
256208
256209
256210
256211
256212
256213
256214
256215
256216
256217
256218
256219
256220
256221
256222
256223
256224
256225
256226
256227
256228
256229
256230
256231
256232
256233
256234
256235
256236
256237
256238
256239
256240
256241
256242
256243
256244
256245
256246
256247
256248
256249
256250
256251
256252
256253
256254
256255
256256
256257
256258
256259
256260
256261
256262
256263
256264
256265
256266
256267
256268
256269
256270
256271
256272
256273
256274
256275
256276
256277
256278
256279
256280
256281
256282
256283
256284
256285
256286
256287
256288
256289
256290
256291
256292
256293
256294
256295
256296
256297
256298
256299
256300
256301
256302
256303
256304
256305
256306
256307
256308
256309
256310
256311
256312
256313
256314
256315
256316
256317
256318
256319
256320
256321
256322
256323
256324
256325
256326
256327
256328
256329
256330
256331
256332
256333
256334
256335
256336
256337
256338
256339
256340
256341
256342
256343
256344
256345
256346
256347
256348
256349
256350
256351
256352
256353
256354
256355
256356
256357
256358
256359
256360
256361
256362
256363
256364
256365
256366
256367
256368
256369
256370
256371
256372
256373
256374
256375
256376
256377
256378
256379
256380
256381
256382
256383
256384
256385
256386
256387
256388
256389
256390
256391
256392
256393
256394
256395
256396
256397
256398
256399
256400
256401
256402
256403
256404
256405
256406
256407
256408
256409
256410
256411
256412
256413
256414
256415
256416
256417
256418
256419
256420
256421
256422
256423
256424
256425
256426
256427
256428
256429
256430
256431
256432
256433
256434
256435
256436
256437
256438
256439
256440
256441
256442
256443
256444
256445
256446
256447
256448
256449
256450
256451
256452
256453
256454
256455
256456
256457
256458
256459
256460
256461
256462
256463
256464
256465
256466
256467
256468
256469
256470
256471
256472
256473
256474
256475
256476
256477
256478
256479
256480
256481
256482
256483
256484
256485
256486
256487
256488
256489
256490
256491
256492
256493
256494
256495
256496
256497
256498
256499
256500
256501
256502
256503
256504
256505
256506
256507
256508
256509
256510
256511
256512
256513
256514
256515
256516
256517
256518
256519
256520
256521
256522
256523
256524
256525
256526
256527
256528
256529
256530
256531
256532
256533
256534
256535
256536
256537
256538
256539
256540
256541
256542
256543
256544
256545
256546
256547
256548
256549
256550
256551
256552
256553
256554
256555
256556
256557
256558
256559
256560
256561
256562
256563
256564
256565
256566
256567
256568
256569
256570
256571
256572
256573
256574
256575
256576
256577
256578
256579
256580
256581
256582
256583
256584
256585
256586
256587
256588
256589
256590
256591
256592
256593
256594
256595
256596
256597
256598
256599
256600
256601
256602
256603
256604
256605
256606
256607
256608
256609
256610
256611
256612
256613
256614
256615
256616
256617
256618
256619
256620
256621
256622
256623
256624
256625
256626
256627
256628
256629
256630
256631
256632
256633
256634
256635
256636
256637
256638
256639
256640
256641
256642
256643
256644
256645
256646
256647
256648
256649
256650
256651
256652
256653
256654
256655
256656
256657
256658
256659
256660
256661
256662
256663
256664
256665
256666
256667
256668
256669
256670
256671
256672
256673
256674
256675
256676
256677
256678
256679
256680
256681
256682
256683
256684
256685
256686
256687
256688
256689
256690
256691
256692
256693
256694
256695
256696
256697
256698
256699
256700
256701
256702
256703
256704
256705
256706
256707
256708
256709
256710
256711
256712
256713
256714
256715
256716
256717
256718
256719
256720
256721
256722
256723
256724
256725
256726
256727
256728
256729
256730
256731
256732
256733
256734
256735
256736
256737
256738
256739
256740
256741
256742
256743
256744
256745
256746
256747
256748
256749
256750
256751
256752
256753
256754
256755
256756
256757
256758
256759
256760
256761
256762
256763
256764
256765
256766
256767
256768
256769
256770
256771
256772
256773
256774
256775
256776
256777
256778
256779
256780
256781
256782
256783
256784
256785
256786
256787
256788
256789
256790
256791
256792
256793
256794
256795
256796
256797
256798
256799
256800
256801
256802
256803
256804
256805
256806
256807
256808
256809
256810
256811
256812
256813
256814
256815
256816
256817
256818
256819
256820
256821
256822
256823
256824
256825
256826
256827
256828
256829
256830
256831
256832
256833
256834
256835
256836
256837
256838
256839
256840
256841
256842
256843
256844
256845
256846
256847
256848
256849
256850
256851
256852
256853
256854
256855
256856
256857
256858
256859
256860
256861
256862
256863
256864
256865
256866
256867
256868
256869
256870
256871
256872
256873
256874
256875
256876
256877
256878
256879
256880
256881
256882
256883
256884
256885
256886
256887
256888
256889
256890
256891
256892
256893
256894
256895
256896
256897
256898
256899
256900
256901
256902
256903
256904
256905
256906
256907
256908
256909
256910
256911
256912
256913
256914
256915
256916
256917
256918
256919
256920
256921
256922
256923
256924
256925
256926
256927
256928
256929
256930
256931
256932
256933
256934
256935
256936
256937
256938
256939
256940
256941
256942
256943
256944
256945
256946
256947
256948
256949
256950
256951
256952
256953
256954
256955
256956
256957
256958
256959
256960
256961
256962
256963
256964
256965
256966
256967
256968
256969
256970
256971
256972
256973
256974
256975
256976
256977
256978
256979
256980
256981
256982
256983
256984
256985
256986
256987
256988
256989
256990
256991
256992
256993
256994
256995
256996
256997
256998
256999
257000
257001
257002
257003
257004
257005
257006
257007
257008
257009
257010
257011
257012
257013
257014
257015
257016
257017
257018
257019
257020
257021
257022
257023
257024
257025
257026
257027
257028
257029
257030
257031
257032
257033
257034
257035
257036
257037
257038
257039
257095
257096
257097
257098
257099
257100
257101
257102
257103
257104
257105
257106
257107
257108
257109
257110
257111
257112
257113
257114
257115
257116
257117
257118
257119
262400
262401
262402
262403
262404
262405
262406
262407
262408
262409
262410
262411
262412
262413
262414
262415
262416
262417
262418
262419
262420
262421
262422
262423
262424
262425
262426
262427
262428
262429
262430
262431
262432
262433
262434
262435
262436
262437
262438
262439
262440
262441
262442
262443
262444
262445
262446
262447
262448
262449
262450
262451
262452
262453
262454
262455
262456
262457
262458
262459
262460
262461
262462
262463
262464
262465
262466
262467
262468
262469
262470
262471
262472
262473
262474
262475
262476
262477
262478
262479
262480
262481
262482
262483
262484
262485
262486
262487
262488
262489
262490
262491
262492
262493
262494
262495
262496
262497
262498
262499
262500
262501
262502
262503
262504
262505
262506
262507
262508
262509
262510
262511
262512
262513
262514
262515
262516
262517
262518
262519
262520
262521
262522
262523
262524
262525
262526
262527
262528
262529
262530
262531
262532
262533
262534
262535
262536
262537
262538
262539
262540
262541
262542
262543
262544
262545
262546
262547
262548
262549
262550
262551
262552
262553
262554
262555
262556
262557
262558
262559
262560
262561
262562
262563
262564
262565
262566
262567
262568
262569
262570
262571
262572
262573
262574
262575
262576
262577
262578
262579
262580
262581
262582
262583
262584
262585
262586
262587
262588
262589
262590
262591
262592
262593
262594
262595
262596
262597
262598
262599
262600
262601
262602
262603
262604
262605
262606
262607
262608
262609
262610
262611
262612
262613
262614
262615
262616
262617
262618
262619
262620
262621
262622
262623
262624
262625
262626
262627
262628
262629
262630
262631
262632
262633
262634
262635
262636
262637
262638
262639
262640
262641
262642
262643
262644
262645
262646
262647
262648
262649
262650
262651
262652
262653
262654
262655
262656
262657
262658
262659
262660
262661
262662
262663
262664
262665
262666
262667
262668
262669
262670
262671
262672
262673
262674
262675
262676
262677
262678
262679
262680
262681
262682
262683
262684
262685
262686
262687
262688
262689
262690
262691
262692
262693
262694
262695
262696
262697
262698
262699
262700
262701
262702
262703
262704
262705
262706
262707
262708
262709
262710
262711
262712
262713
262714
262715
262716
262717
262718
262719
262720
262721
262722
262723
262724
262725
262726
262727
262728
262729
262730
262731
262732
262733
262734
262735
262736
262737
262738
262739
262740
262741
262742
262743
262744
262745
262746
262747
262748
262749
262750
262751
262752
262753
262754
262755
262756
262757
262758
262759
262760
262761
262762
262763
262764
262765
262766
262767
262768
262769
262770
262771
262772
262773
262774
262775
262776
262777
262778
262779
262780
262781
262782
262783
262784
262785
262786
262787
262788
262789
262790
262791
262792
262793
262794
262795
262796
262797
262798
262799
262800
262801
262802
262803
262804
262805
262806
262807
262808
262809
262810
262811
262812
262813
262814
262815
262816
262817
262818
262819
262820
262821
262822
262823
262824
262825
262826
262827
262828
262829
262830
262831
262832
262833
262834
262835
262836
262837
262838
262839
262840
262841
262842
262843
262844
262845
262846
262847
262848
262849
262850
262851
262852
262853
262854
262855
262856
262857
262858
262859
262860
262861
262862
262863
262864
262865
262866
262867
262868
262869
262870
262871
262872
262873
262874
262875
262876
262877
262878
262879
262880
262881
262882
262883
262884
262885
262886
262887
262888
262889
262890
262891
262892
262893
262894
262895
262896
262897
262898
262899
262900
262901
262902
262903
262904
262905
262906
262907
262908
262909
262910
262911
262912
262913
262914
262915
262916
262917
262918
262919
262920
262921
262922
262923
262924
262925
262926
262927
262928
262929
262930
262931
262932
262933
262934
262935
262936
262937
262938
262939
262940
262941
262942
262943
262944
262945
262946
262947
262948
262949
262950
262951
262952
262953
262954
262955
262956
262957
262958
262959
262960
262961
262962
262963
262964
262965
262966
262967
262968
262969
262970
262971
262972
262973
262974
262975
262976
262977
262978
262979
262980
262981
262982
262983
262984
262985
262986
262987
262988
262989
262990
262991
262992
262993
262994
262995
262996
262997
262998
262999
263000
263001
263002
263003
263004
263005
263006
263007
263008
263009
263010
263011
263012
263013
263014
263015
263016
263017
263018
263019
263020
263021
263022
263023
263024
263025
263026
263027
263028
263029
263030
263031
263032
263033
263034
263035
263036
263037
263038
263039
263040
263041
263042
263043
263044
263045
263046
263047
263048
263049
263050
263051
263052
263053
263054
263055
263056
263057
263058
263059
263060
263061
263062
263063
263064
263065
263066
263067
263068
263069
263070
263071
263072
263073
263074
263075
263076
263077
263078
263079
263080
263081
263082
263083
263084
263085
263086
263087
263088
263089
263090
263091
263092
263093
263094
263095
263096
263097
263098
263099
263100
263101
263102
263103
263104
263105
263106
263107
263108
263109
263110
263111
263112
263113
263114
263115
263116
263117
263118
263119
263120
263121
263122
263123
263124
263125
263126
263127
263128
263129
263130
263131
263132
263133
263134
263135
263136
263137
263138
263139
263140
263141
263142
263143
263144
263145
263146
263147
263148
263149
263150
263151
263152
263153
263154
263155
263156
263157
263158
263159
263160
263161
263162
263163
263164
263165
263166
263167
263168
263169
263170
263171
263172
263173
263174
263175
263176
263177
263178
263179
263180
263181
263182
263183
263184
263185
263186
263187
263188
263189
263190
263191
263192
263193
263194
263195
263196
263197
263198
263199
263200
263201
263202
263203
263204
263205
263206
263207
263208
263209
263210
263211
263212
263213
263214
263215
263216
263217
263218
263219
263220
263221
263222
263223
263224
263225
263226
263227
263228
263229
263230
263231
263232
263233
263234
263235
263236
263237
263238
263239
263240
263241
263242
263243
263244
263245
263246
263247
263248
263249
263250
263251
263252
263253
263254
263255
263256
263257
263258
263259
263260
263261
263262
263263
263264
263265
263266
263267
263268
263269
263270
263271
263272
263273
263274
263275
263276
263277
263278
263279
263280
263281
263282
263283
263284
263285
263286
263287
263288
263289
263290
263291
263292
263293
263294
263295
263296
263297
263298
263299
263300
263301
263302
263303
263304
263305
263306
263307
263308
263309
263310
263311
263312
263313
263314
263315
263316
263317
263318
263319
263320
263321
263322
263323
263324
263325
263326
263327
263328
263329
263330
263331
263332
263333
263334
263335
263336
263337
263338
263339
263340
263341
263342
263343
263344
263345
263346
263347
263348
263349
263350
263351
263352
263353
263354
263355
263356
263357
263358
263359
263360
263361
263362
263363
263364
263365
263366
263367
263368
263369
263370
263371
263372
263373
263374
263375
263376
263377
263378
263379
263380
263381
263382
263383
263384
263385
263386
263387
263388
263389
263390
263391
263392
263393
263394
263395
263396
263397
263398
263399
263400
263401
263402
263403
263404
263405
263406
263407
263408
263409
263410
263411
263412
263413
263414
263415
263416
263417
263418
263419
263420
263421
263422
263423
263424
263425
263426
263427
263428
263429
263430
263431
263432
263433
263434
263435
263436
263437
263438
263439
263496
263497
263498
263499
263500
263501
263502
263503
263504
263505
263506
263507
263508
263509
263510
263511
263512
263513
263514
263515
263516
263517
263518
263519
268800
268801
268802
268803
268804
268805
268806
268807
268808
268809
268810
268811
268812
268813
268814
268815
268816
268817
268818
268819
268820
268821
268822
268823
268824
268825
268826
268827
268828
268829
268830
268831
268832
268833
268834
268835
268836
268837
268838
268839
268840
268841
268842
268843
268844
268845
268846
268847
268848
268849
268850
268851
268852
268853
268854
268855
268856
268857
268858
268859
268860
268861
268862
268863
268864
268865
268866
268867
268868
268869
268870
268871
268872
268873
268874
268875
268876
268877
268878
268879
268880
268881
268882
268883
268884
268885
268886
268887
268888
268889
268890
268891
268892
268893
268894
268895
268896
268897
268898
268899
268900
268901
268902
268903
268904
268905
268906
268907
268908
268909
268910
268911
268912
268913
268914
268915
268916
268917
268918
268919
268920
268921
268922
268923
268924
268925
268926
268927
268928
268929
268930
268931
268932
268933
268934
268935
268936
268937
268938
268939
268940
268941
268942
268943
268944
268945
268946
268947
268948
268949
268950
268951
268952
268953
268954
268955
268956
268957
268958
268959
268960
268961
268962
268963
268964
268965
268966
268967
268968
268969
268970
268971
268972
268973
268974
268975
268976
268977
268978
268979
268980
268981
268982
268983
268984
268985
268986
268987
268988
268989
268990
268991
268992
268993
268994
268995
268996
268997
268998
268999
269000
269001
269002
269003
269004
269005
269006
269007
269008
269009
269010
269011
269012
269013
269014
269015
269016
269017
269018
269019
269020
269021
269022
269023
269024
269025
269026
269027
269028
269029
269030
269031
269032
269033
269034
269035
269036
269037
269038
269039
269040
269041
269042
269043
269044
269045
269046
269047
269048
269049
269050
269051
269052
269053
269054
269055
269056
269057
269058
269059
269060
269061
269062
269063
269064
269065
269066
269067
269068
269069
269070
269071
269072
269073
269074
269075
269076
269077
269078
269079
269080
269081
269082
269083
269084
269085
269086
269087
269088
269089
269090
269091
269092
269093
269094
269095
269096
269097
269098
269099
269100
269101
269102
269103
269104
269105
269106
269107
269108
269109
269110
269111
269112
269113
269114
269115
269116
269117
269118
269119
269120
269121
269122
269123
269124
269125
269126
269127
269128
269129
269130
269131
269132
269133
269134
269135
269136
269137
269138
269139
269140
269141
269142
269143
269144
269145
269146
269147
269148
269149
269150
269151
269152
269153
269154
269155
269156
269157
269158
269159
269160
269161
269162
269163
269164
269165
269166
269167
269168
269169
269170
269171
269172
269173
269174
269175
269176
269177
269178
269179
269180
269181
269182
269183
269184
269185
269186
269187
269188
269189
269190
269191
269192
269193
269194
269195
269196
269197
269198
269199
269200
269201
269202
269203
269204
269205
269206
269207
269208
269209
269210
269211
269212
269213
269214
269215
269216
269217
269218
269219
269220
269221
269222
269223
269224
269225
269226
269227
269228
269229
269230
269231
269232
269233
269234
269235
269236
269237
269238
269239
269240
269241
269242
269243
269244
269245
269246
269247
269248
269249
269250
269251
269252
269253
269254
269255
269256
269257
269258
269259
269260
269261
269262
269263
269264
269265
269266
269267
269268
269269
269270
269271
269272
269273
269274
269275
269276
269277
269278
269279
269280
269281
269282
269283
269284
269285
269286
269287
269288
269289
269290
269291
269292
269293
269294
269295
269296
269297
269298
269299
269300
269301
269302
269303
269304
269305
269306
269307
269308
269309
269310
269311
269312
269313
269314
269315
269316
269317
269318
269319
269320
269321
269322
269323
269324
269325
269326
269327
269328
269329
269330
269331
269332
269333
269334
269335
269336
269337
269338
269339
269340
269341
269342
269343
269344
269345
269346
269347
269348
269349
269350
269351
269352
269353
269354
269355
269356
269357
269358
269359
269360
269361
269362
269363
269364
269365
269366
269367
269368
269369
269370
269371
269372
269373
269374
269375
269376
269377
269378
269379
269380
269381
269382
269383
269384
269385
269386
269387
269388
269389
269390
269391
269392
269393
269394
269395
269396
269397
269398
269399
269400
269401
269402
269403
269404
269405
269406
269407
269408
269409
269410
269411
269412
269413
269414
269415
269416
269417
269418
269419
269420
269421
269422
269423
269424
269425
269426
269427
269428
269429
269430
269431
269432
269433
269434
269435
269436
269437
269438
269439
269440
269441
269442
269443
269444
269445
269446
269447
269448
269449
269450
269451
269452
269453
269454
269455
269456
269457
269458
269459
269460
269461
269462
269463
269464
269465
269466
269467
269468
269469
269470
269471
269472
269473
269474
269475
269476
269477
269478
269479
269480
269481
269482
269483
269484
269485
269486
269487
269488
269489
269490
269491
269492
269493
269494
269495
269496
269497
269498
269499
269500
269501
269502
269503
269504
269505
269506
269507
269508
269509
269510
269511
269512
269513
269514
269515
269516
269517
269518
269519
269520
269521
269522
269523
269524
269525
269526
269527
269528
269529
269530
269531
269532
269533
269534
269535
269536
269537
269538
269539
269540
269541
269542
269543
269544
269545
269546
269547
269548
269549
269550
269551
269552
269553
269554
269555
269556
269557
269558
269559
269560
269561
269562
269563
269564
269565
269566
269567
269568
269569
269570
269571
269572
269573
269574
269575
269576
269577
269578
269579
269580
269581
269582
269583
269584
269585
269586
269587
269588
269589
269590
269591
269592
269593
269594
269595
269596
269597
269598
269599
269600
269601
269602
269603
269604
269605
269606
269607
269608
269609
269610
269611
269612
269613
269614
269615
269616
269617
269618
269619
269620
269621
269622
269623
269624
269625
269626
269627
269628
269629
269630
269631
269632
269633
269634
269635
269636
269637
269638
269639
269640
269641
269642
269643
269644
269645
269646
269647
269648
269649
269650
269651
269652
269653
269654
269655
269656
269657
269658
269659
269660
269661
269662
269663
269664
269665
269666
269667
269668
269669
269670
269671
269672
269673
269674
269675
269676
269677
269678
269679
269680
269681
269682
269683
269684
269685
269686
269687
269688
269689
269690
269691
269692
269693
269694
269695
269696
269697
269698
269699
269700
269701
269702
269703
269704
269705
269706
269707
269708
269709
269710
269711
269712
269713
269714
269715
269716
269717
269718
269719
269720
269721
269722
269723
269724
269725
269726
269727
269728
269729
269730
269731
269732
269733
269734
269735
269736
269737
269738
269739
269740
269741
269742
269743
269744
269745
269746
269747
269748
269749
269750
269751
269752
269753
269754
269755
269756
269757
269758
269759
269760
269761
269762
269763
269764
269765
269766
269767
269768
269769
269770
269771
269772
269773
269774
269775
269776
269777
269778
269779
269780
269781
269782
269783
269784
269785
269786
269787
269788
269789
269790
269791
269792
269793
269794
269795
269796
269797
269798
269799
269800
269801
269802
269803
269804
269805
269806
269807
269808
269809
269810
269811
269812
269813
269814
269815
269816
269817
269818
269819
269820
269821
269822
269823
269824
269825
269826
269827
269828
269829
269830
269831
269832
269833
269834
269835
269836
269837
269838
269839
269897
269898
269899
269900
269901
269902
269903
269904
269905
269906
269907
269908
269909
269910
269911
269912
269913
269914
269915
269916
269917
269918
269919
275200
275201
275202
275203
275204
275205
275206
275207
275208
275209
275210
275211
275212
275213
275214
275215
275216
275217
275218
275219
275220
275221
275222
275223
275224
275225
275226
275227
275228
275229
275230
275231
275232
275233
275234
275235
275236
275237
275238
275239
275240
275241
275242
275243
275244
275245
275246
275247
275248
275249
275250
275251
275252
275253
275254
275255
275256
275257
275258
275259
275260
275261
275262
275263
275264
275265
275266
275267
275268
275269
275270
275271
275272
275273
275274
275275
275276
275277
275278
275279
275280
275281
275282
275283
275284
275285
275286
275287
275288
275289
275290
275291
275292
275293
275294
275295
275296
275297
275298
275299
275300
275301
275302
275303
275304
275305
275306
275307
275308
275309
275310
275311
275312
275313
275314
275315
275316
275317
275318
275319
275320
275321
275322
275323
275324
275325
275326
275327
275328
275329
275330
275331
275332
275333
275334
275335
275336
275337
275338
275339
275340
275341
275342
275343
275344
275345
275346
275347
275348
275349
275350
275351
275352
275353
275354
275355
275356
275357
275358
275359
275360
275361
275362
275363
275364
275365
275366
275367
275368
275369
275370
275371
275372
275373
275374
275375
275376
275377
275378
275379
275380
275381
275382
275383
275384
275385
275386
275387
275388
275389
275390
275391
275392
275393
275394
275395
275396
275397
275398
275399
275400
275401
275402
275403
275404
275405
275406
275407
275408
275409
275410
275411
275412
275413
275414
275415
275416
275417
275418
275419
275420
275421
275422
275423
275424
275425
275426
275427
275428
275429
275430
275431
275432
275433
275434
275435
275436
275437
275438
275439
275440
275441
275442
275443
275444
275445
275446
275447
275448
275449
275450
275451
275452
275453
275454
275455
275456
275457
275458
275459
275460
275461
275462
275463
275464
275465
275466
275467
275468
275469
275470
275471
275472
275473
275474
275475
275476
275477
275478
275479
275480
275481
275482
275483
275484
275485
275486
275487
275488
275489
275490
275491
275492
275493
275494
275495
275496
275497
275498
275499
275500
275501
275502
275503
275504
275505
275506
275507
275508
275509
275510
275511
275512
275513
275514
275515
275516
275517
275518
275519
275520
275521
275522
275523
275524
275525
275526
275527
275528
275529
275530
275531
275532
275533
275534
275535
275536
275537
275538
275539
275540
275541
275542
275543
275544
275545
275546
275547
275548
275549
275550
275551
275552
275553
275554
275555
275556
275557
275558
275559
275560
275561
275562
275563
275564
275565
275566
275567
275568
275569
275570
275571
275572
275573
275574
275575
275576
275577
275578
275579
275580
275581
275582
275583
275584
275585
275586
275587
275588
275589
275590
275591
275592
275593
275594
275595
275596
275597
275598
275599
275600
275601
275602
275603
275604
275605
275606
275607
275608
275609
275610
275611
275612
275613
275614
275615
275616
275617
275618
275619
275620
275621
275622
275623
275624
275625
275626
275627
275628
275629
275630
275631
275632
275633
275634
275635
275636
275637
275638
275639
275640
275641
275642
275643
275644
275645
275646
275647
275648
275649
275650
275651
275652
275653
275654
275655
275656
275657
275658
275659
275660
275661
275662
275663
275664
275665
275666
275667
275668
275669
275670
275671
275672
275673
275674
275675
275676
275677
275678
275679
275680
275681
275682
275683
275684
275685
275686
275687
275688
275689
275690
275691
275692
275693
275694
275695
275696
275697
275698
275699
275700
275701
275702
275703
275704
275705
275706
275707
275708
275709
275710
275711
275712
275713
275714
275715
275716
275717
275718
275719
275720
275721
275722
275723
275724
275725
275726
275727
275728
275729
275730
275731
275732
275733
275734
275735
275736
275737
275738
275739
275740
275741
275742
275743
275744
275745
275746
275747
275748
275749
275750
275751
275752
275753
275754
275755
275756
275757
275758
275759
275760
275761
275762
275763
275764
275765
275766
275767
275768
275769
275770
275771
275772
275773
275774
275775
275776
275777
275778
275779
275780
275781
275782
275783
275784
275785
275786
275787
275788
275789
275790
275791
275792
275793
275794
275795
275796
275797
275798
275799
275800
275801
275802
275803
275804
275805
275806
275807
275808
275809
275810
275811
275812
275813
275814
275815
275816
275817
275818
275819
275820
275821
275822
275823
275824
275825
275826
275827
275828
275829
275830
275831
275832
275833
275834
275835
275836
275837
275838
275839
275840
275841
275842
275843
275844
275845
275846
275847
275848
275849
275850
275851
275852
275853
275854
275855
275856
275857
275858
275859
275860
275861
275862
275863
275864
275865
275866
275867
275868
275869
275870
275871
275872
275873
275874
275875
275876
275877
275878
275879
275880
275881
275882
275883
275884
275885
275886
275887
275888
275889
275890
275891
275892
275893
275894
275895
275896
275897
275898
275899
275900
275901
275902
275903
275904
275905
275906
275907
275908
275909
275910
275911
275912
275913
275914
275915
275916
275917
275918
275919
275920
275921
275922
275923
275924
275925
275926
275927
275928
275929
275930
275931
275932
275933
275934
275935
275936
275937
275938
275939
275940
275941
275942
275943
275944
275945
275946
275947
275948
275949
275950
275951
275952
275953
275954
275955
275956
275957
275958
275959
275960
275961
275962
275963
275964
275965
275966
275967
275968
275969
275970
275971
275972
275973
275974
275975
275976
275977
275978
275979
275980
275981
275982
275983
275984
275985
275986
275987
275988
275989
275990
275991
275992
275993
275994
275995
275996
275997
275998
275999
276000
276001
276002
276003
276004
276005
276006
276007
276008
276009
276010
276011
276012
276013
276014
276015
276016
276017
276018
276019
276020
276021
276022
276023
276024
276025
276026
276027
276028
276029
276030
276031
276032
276033
276034
276035
276036
276037
276038
276039
276040
276041
276042
276043
276044
276045
276046
276047
276048
276049
276050
276051
276052
276053
276054
276055
276056
276057
276058
276059
276060
276061
276062
276063
276064
276065
276066
276067
276068
276069
276070
276071
276072
276073
276074
276075
276076
276077
276078
276079
276080
276081
276082
276083
276084
276085
276086
276087
276088
276089
276090
276091
276092
276093
276094
276095
276096
276097
276098
276099
276100
276101
276102
276103
276104
276105
276106
276107
276108
276109
276110
276111
276112
276113
276114
276115
276116
276117
276118
276119
276120
276121
276122
276123
276124
276125
276126
276127
276128
276129
276130
276131
276132
276133
276134
276135
276136
276137
276138
276139
276140
276141
276142
276143
276144
276145
276146
276147
276148
276149
276150
276151
276152
276153
276154
276155
276156
276157
276158
276159
276160
276161
276162
276163
276164
276165
276166
276167
276168
276169
276170
276171
276172
276173
276174
276175
276176
276177
276178
276179
276180
276181
276182
276183
276184
276185
276186
276187
276188
276189
276190
276191
276192
276193
276194
276195
276196
276197
276198
276199
276200
276201
276202
276203
276204
276205
276206
276207
276208
276209
276210
276211
276212
276213
276214
276215
276216
276217
276218
276219
276220
276221
276222
276223
276224
276225
276226
276227
276228
276229
276230
276231
276232
276233
276234
276235
276236
276237
276238
276239
276298
276299
276300
276301
276302
276303
276304
276305
276306
276307
276308
276309
276310
276311
276312
276313
276314
276315
276316
276317
276318
276319
281600
281601
281602
281603
281604
281605
281606
281607
281608
281609
281610
281611
281612
281613
281614
281615
281616
281617
281618
281619
281620
281621
281622
281623
281624
281625
281626
281627
281628
281629
281630
281631
281632
281633
281634
281635
281636
281637
281638
281639
281640
281641
281642
281643
281644
281645
281646
281647
281648
281649
281650
281651
281652
281653
281654
281655
281656
281657
281658
281659
281660
281661
281662
281663
281664
281665
281666
281667
281668
281669
281670
281671
281672
281673
281674
281675
281676
281677
281678
281679
281680
281681
281682
281683
281684
281685
281686
281687
281688
281689
281690
281691
281692
281693
281694
281695
281696
281697
281698
281699
281700
281701
281702
281703
281704
281705
281706
281707
281708
281709
281710
281711
281712
281713
281714
281715
281716
281717
281718
281719
281720
281721
281722
281723
281724
281725
281726
281727
281728
281729
281730
281731
281732
281733
281734
281735
281736
281737
281738
281739
281740
281741
281742
281743
281744
281745
281746
281747
281748
281749
281750
281751
281752
281753
281754
281755
281756
281757
281758
281759
281760
281761
281762
281763
281764
281765
281766
281767
281768
281769
281770
281771
281772
281773
281774
281775
281776
281777
281778
281779
281780
281781
281782
281783
281784
281785
281786
281787
281788
281789
281790
281791
281792
281793
281794
281795
281796
281797
281798
281799
281800
281801
281802
281803
281804
281805
281806
281807
281808
281809
281810
281811
281812
281813
281814
281815
281816
281817
281818
281819
281820
281821
281822
281823
281824
281825
281826
281827
281828
281829
281830
281831
281832
281833
281834
281835
281836
281837
281838
281839
281840
281841
281842
281843
281844
281845
281846
281847
281848
281849
281850
281851
281852
281853
281854
281855
281856
281857
281858
281859
281860
281861
281862
281863
281864
281865
281866
281867
281868
281869
281870
281871
281872
281873
281874
281875
281876
281877
281878
281879
281880
281881
281882
281883
281884
281885
281886
281887
281888
281889
281890
281891
281892
281893
281894
281895
281896
281897
281898
281899
281900
281901
281902
281903
281904
281905
281906
281907
281908
281909
281910
281911
281912
281913
281914
281915
281916
281917
281918
281919
281920
281921
281922
281923
281924
281925
281926
281927
281928
281929
281930
281931
281932
281933
281934
281935
281936
281937
281938
281939
281940
281941
281942
281943
281944
281945
281946
281947
281948
281949
281950
281951
281952
281953
281954
281955
281956
281957
281958
281959
281960
281961
281962
281963
281964
281965
281966
281967
281968
281969
281970
281971
281972
281973
281974
281975
281976
281977
281978
281979
281980
281981
281982
281983
281984
281985
281986
281987
281988
281989
281990
281991
281992
281993
281994
281995
281996
281997
281998
281999
282000
282001
282002
282003
282004
282005
282006
282007
282008
282009
282010
282011
282012
282013
282014
282015
282016
282017
282018
282019
282020
282021
282022
282023
282024
282025
282026
282027
282028
282029
282030
282031
282032
282033
282034
282035
282036
282037
282038
282039
282040
282041
282042
282043
282044
282045
282046
282047
282048
282049
282050
282051
282052
282053
282054
282055
282056
282057
282058
282059
282060
282061
282062
282063
282064
282065
282066
282067
282068
282069
282070
282071
282072
282073
282074
282075
282076
282077
282078
282079
282080
282081
282082
282083
282084
282085
282086
282087
282088
282089
282090
282091
282092
282093
282094
282095
282096
282097
282098
282099
282100
282101
282102
282103
282104
282105
282106
282107
282108
282109
282110
282111
282112
282113
282114
282115
282116
282117
282118
282119
282120
282121
282122
282123
282124
282125
282126
282127
282128
282129
282130
282131
282132
282133
282134
282135
282136
282137
282138
282139
282140
282141
282142
282143
282144
282145
282146
282147
282148
282149
282150
282151
282152
282153
282154
282155
282156
282157
282158
282159
282160
282161
282162
282163
282164
282165
282166
282167
282168
282169
282170
282171
282172
282173
282174
282175
282176
282177
282178
282179
282180
282181
282182
282183
282184
282185
282186
282187
282188
282189
282190
282191
282192
282193
282194
282195
282196
282197
282198
282199
282200
282201
282202
282203
282204
282205
282206
282207
282208
282209
282210
282211
282212
282213
282214
282215
282216
282217
282218
282219
282220
282221
282222
282223
282224
282225
282226
282227
282228
282229
282230
282231
282232
282233
282234
282235
282236
282237
282238
282239
282240
282241
282242
282243
282244
282245
282246
282247
282248
282249
282250
282251
282252
282253
282254
282255
282256
282257
282258
282259
282260
282261
282262
282263
282264
282265
282266
282267
282268
282269
282270
282271
282272
282273
282274
282275
282276
282277
282278
282279
282280
282281
282282
282283
282284
282285
282286
282287
282288
282289
282290
282291
282292
282293
282294
282295
282296
282297
282298
282299
282300
282301
282302
282303
282304
282305
282306
282307
282308
282309
282310
282311
282312
282313
282314
282315
282316
282317
282318
282319
282320
282321
282322
282323
282324
282325
282326
282327
282328
282329
282330
282331
282332
282333
282334
282335
282336
282337
282338
282339
282340
282341
282342
282343
282344
282345
282346
282347
282348
282349
282350
282351
282352
282353
282354
282355
282356
282357
282358
282359
282360
282361
282362
282363
282364
282365
282366
282367
282368
282369
282370
282371
282372
282373
282374
282375
282376
282377
282378
282379
282380
282381
282382
282383
282384
282385
282386
282387
282388
282389
282390
282391
282392
282393
282394
282395
282396
282397
282398
282399
282400
282401
282402
282403
282404
282405
282406
282407
282408
282409
282410
282411
282412
282413
282414
282415
282416
282417
282418
282419
282420
282421
282422
282423
282424
282425
282426
282427
282428
282429
282430
282431
282432
282433
282434
282435
282436
282437
282438
282439
282440
282441
282442
282443
282444
282445
282446
282447
282448
282449
282450
282451
282452
282453
282454
282455
282456
282457
282458
282459
282460
282461
282462
282463
282464
282465
282466
282467
282468
282469
282470
282471
282472
282473
282474
282475
282476
282477
282478
282479
282480
282481
282482
282483
282484
282485
282486
282487
282488
282489
282490
282491
282492
282493
282494
282495
282496
282497
282498
282499
282500
282501
282502
282503
282504
282505
282506
282507
282508
282509
282510
282511
282512
282513
282514
282515
282516
282517
282518
282519
282520
282521
282522
282523
282524
282525
282526
282527
282528
282529
282530
282531
282532
282533
282534
282535
282536
282537
282538
282539
282540
282541
282542
282543
282544
282545
282546
282547
282548
282549
282550
282551
282552
282553
282554
282555
282556
282557
282558
282559
282560
282561
282562
282563
282564
282565
282566
282567
282568
282569
282570
282571
282572
282573
282574
282575
282576
282577
282578
282579
282580
282581
282582
282583
282584
282585
282586
282587
282588
282589
282590
282591
282592
282593
282594
282595
282596
282597
282598
282599
282600
282601
282602
282603
282604
282605
282606
282607
282608
282609
282610
282611
282612
282613
282614
282615
282616
282617
282618
282619
282620
282621
282622
282623
282624
282625
282626
282627
282628
282629
282630
282631
282632
282633
282634
282635
282636
282637
282638
282639
282699
282700
282701
282702
282703
282704
282705
282706
282707
282708
282709
282710
282711
282712
282713
282714
282715
282716
282717
282718
282719
288000
288001
288002
288003
288004
288005
288006
288007
288008
288009
288010
288011
288012
288013
288014
288015
288016
288017
288018
288019
288020
288021
288022
288023
288024
288025
288026
288027
288028
288029
288030
288031
288032
288033
288034
288035
288036
288037
288038
288039
288040
288041
288042
288043
288044
288045
288046
288047
288048
288049
288050
288051
288052
288053
288054
288055
288056
288057
288058
288059
288060
288061
288062
288063
288064
288065
288066
288067
288068
288069
288070
288071
288072
288073
288074
288075
288076
288077
288078
288079
288080
288081
288082
288083
288084
288085
288086
288087
288088
288089
288090
288091
288092
288093
288094
288095
288096
288097
288098
288099
288100
288101
288102
288103
288104
288105
288106
288107
288108
288109
288110
288111
288112
288113
288114
288115
288116
288117
288118
288119
288120
288121
288122
288123
288124
288125
288126
288127
288128
288129
288130
288131
288132
288133
288134
288135
288136
288137
288138
288139
288140
288141
288142
288143
288144
288145
288146
288147
288148
288149
288150
288151
288152
288153
288154
288155
288156
288157
288158
288159
288160
288161
288162
288163
288164
288165
288166
288167
288168
288169
288170
288171
288172
288173
288174
288175
288176
288177
288178
288179
288180
288181
288182
288183
288184
288185
288186
288187
288188
288189
288190
288191
288192
288193
288194
288195
288196
288197
288198
288199
288200
288201
288202
288203
288204
288205
288206
288207
288208
288209
288210
288211
288212
288213
288214
288215
288216
288217
288218
288219
288220
288221
288222
288223
288224
288225
288226
288227
288228
288229
288230
288231
288232
288233
288234
288235
288236
288237
288238
288239
288240
288241
288242
288243
288244
288245
288246
288247
288248
288249
288250
288251
288252
288253
288254
288255
288256
288257
288258
288259
288260
288261
288262
288263
288264
288265
288266
288267
288268
288269
288270
288271
288272
288273
288274
288275
288276
288277
288278
288279
288280
288281
288282
288283
288284
288285
288286
288287
288288
288289
288290
288291
288292
288293
288294
288295
288296
288297
288298
288299
288300
288301
288302
288303
288304
288305
288306
288307
288308
288309
288310
288311
288312
288313
288314
288315
288316
288317
288318
288319
288320
288321
288322
288323
288324
288325
288326
288327
288328
288329
288330
288331
288332
288333
288334
288335
288336
288337
288338
288339
288340
288341
288342
288343
288344
288345
288346
288347
288348
288349
288350
288351
288352
288353
288354
288355
288356
288357
288358
288359
288360
288361
288362
288363
288364
288365
288366
288367
288368
288369
288370
288371
288372
288373
288374
288375
288376
288377
288378
288379
288380
288381
288382
288383
288384
288385
288386
288387
288388
288389
288390
288391
288392
288393
288394
288395
288396
288397
288398
288399
288400
288401
288402
288403
288404
288405
288406
288407
288408
288409
288410
288411
288412
288413
288414
288415
288416
288417
288418
288419
288420
288421
288422
288423
288424
288425
288426
288427
288428
288429
288430
288431
288432
288433
288434
288435
288436
288437
288438
288439
288440
288441
288442
288443
288444
288445
288446
288447
288448
288449
288450
288451
288452
288453
288454
288455
288456
288457
288458
288459
288460
288461
288462
288463
288464
288465
288466
288467
288468
288469
288470
288471
288472
288473
288474
288475
288476
288477
288478
288479
288480
288481
288482
288483
288484
288485
288486
288487
288488
288489
288490
288491
288492
288493
288494
288495
288496
288497
288498
288499
288500
288501
288502
288503
288504
288505
288506
288507
288508
288509
288510
288511
288512
288513
288514
288515
288516
288517
288518
288519
288520
288521
288522
288523
288524
288525
288526
288527
288528
288529
288530
288531
288532
288533
288534
288535
288536
288537
288538
288539
288540
288541
288542
288543
288544
288545
288546
288547
288548
288549
288550
288551
288552
288553
288554
288555
288556
288557
288558
288559
288560
288561
288562
288563
288564
288565
288566
288567
288568
288569
288570
288571
288572
288573
288574
288575
288576
288577
288578
288579
288580
288581
288582
288583
288584
288585
288586
288587
288588
288589
288590
288591
288592
288593
288594
288595
288596
288597
288598
288599
288600
288601
288602
288603
288604
288605
288606
288607
288608
288609
288610
288611
288612
288613
288614
288615
288616
288617
288618
288619
288620
288621
288622
288623
288624
288625
288626
288627
288628
288629
288630
288631
288632
288633
288634
288635
288636
288637
288638
288639
288640
288641
288642
288643
288644
288645
288646
288647
288648
288649
288650
288651
288652
288653
288654
288655
288656
288657
288658
288659
288660
288661
288662
288663
288664
288665
288666
288667
288668
288669
288670
288671
288672
288673
288674
288675
288676
288677
288678
288679
288680
288681
288682
288683
288684
288685
288686
288687
288688
288689
288690
288691
288692
288693
288694
288695
288696
288697
288698
288699
288700
288701
288702
288703
288704
288705
288706
288707
288708
288709
288710
288711
288712
288713
288714
288715
288716
288717
288718
288719
288720
288721
288722
288723
288724
288725
288726
288727
288728
288729
288730
288731
288732
288733
288734
288735
288736
288737
288738
288739
288740
288741
288742
288743
288744
288745
288746
288747
288748
288749
288750
288751
288752
288753
288754
288755
288756
288757
288758
288759
288760
288761
288762
288763
288764
288765
288766
288767
288768
288769
288770
288771
288772
288773
288774
288775
288776
288777
288778
288779
288780
288781
288782
288783
288784
288785
288786
288787
288788
288789
288790
288791
288792
288793
288794
288795
288796
288797
288798
288799
288800
288801
288802
288803
288804
288805
288806
288807
288808
288809
288810
288811
288812
288813
288814
288815
288816
288817
288818
288819
288820
288821
288822
288823
288824
288825
288826
288827
288828
288829
288830
288831
288832
288833
288834
288835
288836
288837
288838
288839
288840
288841
288842
288843
288844
288845
288846
288847
288848
288849
288850
288851
288852
288853
288854
288855
288856
288857
288858
288859
288860
288861
288862
288863
288864
288865
288866
288867
288868
288869
288870
288871
288872
288873
288874
288875
288876
288877
288878
288879
288880
288881
288882
288883
288884
288885
288886
288887
288888
288889
288890
288891
288892
288893
288894
288895
288896
288897
288898
288899
288900
288901
288902
288903
288904
288905
288906
288907
288908
288909
288910
288911
288912
288913
288914
288915
288916
288917
288918
288919
288920
288921
288922
288923
288924
288925
288926
288927
288928
288929
288930
288931
288932
288933
288934
288935
288936
288937
288938
288939
288940
288941
288942
288943
288944
288945
288946
288947
288948
288949
288950
288951
288952
288953
288954
288955
288956
288957
288958
288959
288960
288961
288962
288963
288964
288965
288966
288967
288968
288969
288970
288971
288972
288973
288974
288975
288976
288977
288978
288979
288980
288981
288982
288983
288984
288985
288986
288987
288988
288989
288990
288991
288992
288993
288994
288995
288996
288997
288998
288999
289000
289001
289002
289003
289004
289005
289006
289007
289008
289009
289010
289011
289012
289013
289014
289015
289016
289017
289018
289019
289020
289021
289022
289023
289024
289025
289026
289027
289028
289029
289030
289031
289032
289033
289034
289035
289036
289037
289038
289039
289100
289101
289102
289103
289104
289105
289106
289107
289108
289109
289110
289111
289112
289113
289114
289115
289116
289117
289118
289119
294400
294401
294402
294403
294404
294405
294406
294407
294408
294409
294410
294411
294412
294413
294414
294415
294416
294417
294418
294419
294420
294421
294422
294423
294424
294425
294426
294427
294428
294429
294430
294431
294432
294433
294434
294435
294436
294437
294438
294439
294440
294441
294442
294443
294444
294445
294446
294447
294448
294449
294450
294451
294452
294453
294454
294455
294456
294457
294458
294459
294460
294461
294462
294463
294464
294465
294466
294467
294468
294469
294470
294471
294472
294473
294474
294475
294476
294477
294478
294479
294480
294481
294482
294483
294484
294485
294486
294487
294488
294489
294490
294491
294492
294493
294494
294495
294496
294497
294498
294499
294500
294501
294502
294503
294504
294505
294506
294507
294508
294509
294510
294511
294512
294513
294514
294515
294516
294517
294518
294519
294520
294521
294522
294523
294524
294525
294526
294527
294528
294529
294530
294531
294532
294533
294534
294535
294536
294537
294538
294539
294540
294541
294542
294543
294544
294545
294546
294547
294548
294549
294550
294551
294552
294553
294554
294555
294556
294557
294558
294559
294560
294561
294562
294563
294564
294565
294566
294567
294568
294569
294570
294571
294572
294573
294574
294575
294576
294577
294578
294579
294580
294581
294582
294583
294584
294585
294586
294587
294588
294589
294590
294591
294592
294593
294594
294595
294596
294597
294598
294599
294600
294601
294602
294603
294604
294605
294606
294607
294608
294609
294610
294611
294612
294613
294614
294615
294616
294617
294618
294619
294620
294621
294622
294623
294624
294625
294626
294627
294628
294629
294630
294631
294632
294633
294634
294635
294636
294637
294638
294639
294640
294641
294642
294643
294644
294645
294646
294647
294648
294649
294650
294651
294652
294653
294654
294655
294656
294657
294658
294659
294660
294661
294662
294663
294664
294665
294666
294667
294668
294669
294670
294671
294672
294673
294674
294675
294676
294677
294678
294679
294680
294681
294682
294683
294684
294685
294686
294687
294688
294689
294690
294691
294692
294693
294694
294695
294696
294697
294698
294699
294700
294701
294702
294703
294704
294705
294706
294707
294708
294709
294710
294711
294712
294713
294714
294715
294716
294717
294718
294719
294720
294721
294722
294723
294724
294725
294726
294727
294728
294729
294730
294731
294732
294733
294734
294735
294736
294737
294738
294739
294740
294741
294742
294743
294744
294745
294746
294747
294748
294749
294750
294751
294752
294753
294754
294755
294756
294757
294758
294759
294760
294761
294762
294763
294764
294765
294766
294767
294768
294769
294770
294771
294772
294773
294774
294775
294776
294777
294778
294779
294780
294781
294782
294783
294784
294785
294786
294787
294788
294789
294790
294791
294792
294793
294794
294795
294796
294797
294798
294799
294800
294801
294802
294803
294804
294805
294806
294807
294808
294809
294810
294811
294812
294813
294814
294815
294816
294817
294818
294819
294820
294821
294822
294823
294824
294825
294826
294827
294828
294829
294830
294831
294832
294833
294834
294835
294836
294837
294838
294839
294840
294841
294842
294843
294844
294845
294846
294847
294848
294849
294850
294851
294852
294853
294854
294855
294856
294857
294858
294859
294860
294861
294862
294863
294864
294865
294866
294867
294868
294869
294870
294871
294872
294873
294874
294875
294876
294877
294878
294879
294880
294881
294882
294883
294884
294885
294886
294887
294888
294889
294890
294891
294892
294893
294894
294895
294896
294897
294898
294899
294900
294901
294902
294903
294904
294905
294906
294907
294908
294909
294910
294911
294912
294913
294914
294915
294916
294917
294918
294919
294920
294921
294922
294923
294924
294925
294926
294927
294928
294929
294930
294931
294932
294933
294934
294935
294936
294937
294938
294939
294940
294941
294942
294943
294944
294945
294946
294947
294948
294949
294950
294951
294952
294953
294954
294955
294956
294957
294958
294959
294960
294961
294962
294963
294964
294965
294966
294967
294968
294969
294970
294971
294972
294973
294974
294975
294976
294977
294978
294979
294980
294981
294982
294983
294984
294985
294986
294987
294988
294989
294990
294991
294992
294993
294994
294995
294996
294997
294998
294999
295000
295001
295002
295003
295004
295005
295006
295007
295008
295009
295010
295011
295012
295013
295014
295015
295016
295017
295018
295019
295020
295021
295022
295023
295024
295025
295026
295027
295028
295029
295030
295031
295032
295033
295034
295035
295036
295037
295038
295039
295040
295041
295042
295043
295044
295045
295046
295047
295048
295049
295050
295051
295052
295053
295054
295055
295056
295057
295058
295059
295060
295061
295062
295063
295064
295065
295066
295067
295068
295069
295070
295071
295072
295073
295074
295075
295076
295077
295078
295079
295080
295081
295082
295083
295084
295085
295086
295087
295088
295089
295090
295091
295092
295093
295094
295095
295096
295097
295098
295099
295100
295101
295102
295103
295104
295105
295106
295107
295108
295109
295110
295111
295112
295113
295114
295115
295116
295117
295118
295119
295120
295121
295122
295123
295124
295125
295126
295127
295128
295129
295130
295131
295132
295133
295134
295135
295136
295137
295138
295139
295140
295141
295142
295143
295144
295145
295146
295147
295148
295149
295150
295151
295152
295153
295154
295155
295156
295157
295158
295159
295160
295161
295162
295163
295164
295165
295166
295167
295168
295169
295170
295171
295172
295173
295174
295175
295176
295177
295178
295179
295180
295181
295182
295183
295184
295185
295186
295187
295188
295189
295190
295191
295192
295193
295194
295195
295196
295197
295198
295199
295200
295201
295202
295203
295204
295205
295206
295207
295208
295209
295210
295211
295212
295213
295214
295215
295216
295217
295218
295219
295220
295221
295222
295223
295224
295225
295226
295227
295228
295229
295230
295231
295232
295233
295234
295235
295236
295237
295238
295239
295240
295241
295242
295243
295244
295245
295246
295247
295248
295249
295250
295251
295252
295253
295254
295255
295256
295257
295258
295259
295260
295261
295262
295263
295264
295265
295266
295267
295268
295269
295270
295271
295272
295273
295274
295275
295276
295277
295278
295279
295280
295281
295282
295283
295284
295285
295286
295287
295288
295289
295290
295291
295292
295293
295294
295295
295296
295297
295298
295299
295300
295301
295302
295303
295304
295305
295306
295307
295308
295309
295310
295311
295312
295313
295314
295315
295316
295317
295318
295319
295320
295321
295322
295323
295324
295325
295326
295327
295328
295329
295330
295331
295332
295333
295334
295335
295336
295337
295338
295339
295340
295341
295342
295343
295344
295345
295346
295347
295348
295349
295350
295351
295352
295353
295354
295355
295356
295357
295358
295359
295360
295361
295362
295363
295364
295365
295366
295367
295368
295369
295370
295371
295372
295373
295374
295375
295376
295377
295378
295379
295380
295381
295382
295383
295384
295385
295386
295387
295388
295389
295390
295391
295392
295393
295394
295395
295396
295397
295398
295399
295400
295401
295402
295403
295404
295405
295406
295407
295408
295409
295410
295411
295412
295413
295414
295415
295416
295417
295418
295419
295420
295421
295422
295423
295424
295425
295426
295427
295428
295429
295430
295431
295432
295433
295434
295435
295436
295437
295438
295439
295501
295502
295503
295504
295505
295506
295507
295508
295509
295510
295511
295512
295513
295514
295515
295516
295517
295518
295519
300800
300801
300802
300803
300804
300805
300806
300807
300808
300809
300810
300811
300812
300813
300814
300815
300816
300817
300818
300819
300820
300821
300822
300823
300824
300825
300826
300827
300828
300829
300830
300831
300832
300833
300834
300835
300836
300837
300838
300839
300840
300841
300842
300843
300844
300845
300846
300847
300848
300849
300850
300851
300852
300853
300854
300855
300856
300857
300858
300859
300860
300861
300862
300863
300864
300865
300866
300867
300868
300869
300870
300871
300872
300873
300874
300875
300876
300877
300878
300879
300880
300881
300882
300883
300884
300885
300886
300887
300888
300889
300890
300891
300892
300893
300894
300895
300896
300897
300898
300899
300900
300901
300902
300903
300904
300905
300906
300907
300908
300909
300910
300911
300912
300913
300914
300915
300916
300917
300918
300919
300920
300921
300922
300923
300924
300925
300926
300927
300928
300929
300930
300931
300932
300933
300934
300935
300936
300937
300938
300939
300940
300941
300942
300943
300944
300945
300946
300947
300948
300949
300950
300951
300952
300953
300954
300955
300956
300957
300958
300959
300960
300961
300962
300963
300964
300965
300966
300967
300968
300969
300970
300971
300972
300973
300974
300975
300976
300977
300978
300979
300980
300981
300982
300983
300984
300985
300986
300987
300988
300989
300990
300991
300992
300993
300994
300995
300996
300997
300998
300999
301000
301001
301002
301003
301004
301005
301006
301007
301008
301009
301010
301011
301012
301013
301014
301015
301016
301017
301018
301019
301020
301021
301022
301023
301024
301025
301026
301027
301028
301029
301030
301031
301032
301033
301034
301035
301036
301037
301038
301039
301040
301041
301042
301043
301044
301045
301046
301047
301048
301049
301050
301051
301052
301053
301054
301055
301056
301057
301058
301059
301060
301061
301062
301063
301064
301065
301066
301067
301068
301069
301070
301071
301072
301073
301074
301075
301076
301077
301078
301079
301080
301081
301082
301083
301084
301085
301086
301087
301088
301089
301090
301091
301092
301093
301094
301095
301096
301097
301098
301099
301100
301101
301102
301103
301104
301105
301106
301107
301108
301109
301110
301111
301112
301113
301114
301115
301116
301117
301118
301119
301120
301121
301122
301123
301124
301125
301126
301127
301128
301129
301130
301131
301132
301133
301134
301135
301136
301137
301138
301139
301140
301141
301142
301143
301144
301145
301146
301147
301148
301149
301150
301151
301152
301153
301154
301155
301156
301157
301158
301159
301160
301161
301162
301163
301164
301165
301166
301167
301168
301169
301170
301171
301172
301173
301174
301175
301176
301177
301178
301179
301180
301181
301182
301183
301184
301185
301186
301187
301188
301189
301190
301191
301192
301193
301194
301195
301196
301197
301198
301199
301200
301201
301202
301203
301204
301205
301206
301207
301208
301209
301210
301211
301212
301213
301214
301215
301216
301217
301218
301219
301220
301221
301222
301223
301224
301225
301226
301227
301228
301229
301230
301231
301232
301233
301234
301235
301236
301237
301238
301239
301240
301241
301242
301243
301244
301245
301246
301247
301248
301249
301250
301251
301252
301253
301254
301255
301256
301257
301258
301259
301260
301261
301262
301263
301264
301265
301266
301267
301268
301269
301270
301271
301272
301273
301274
301275
301276
301277
301278
301279
301280
301281
301282
301283
301284
301285
301286
301287
301288
301289
301290
301291
301292
301293
301294
301295
301296
301297
301298
301299
301300
301301
301302
301303
301304
301305
301306
301307
301308
301309
301310
301311
301312
301313
301314
301315
301316
301317
301318
301319
301320
301321
301322
301323
301324
301325
301326
301327
301328
301329
301330
301331
301332
301333
301334
301335
301336
301337
301338
301339
301340
301341
301342
301343
301344
301345
301346
301347
301348
301349
301350
301351
301352
301353
301354
301355
301356
301357
301358
301359
301360
301361
301362
301363
301364
301365
301366
301367
301368
301369
301370
301371
301372
301373
301374
301375
301376
301377
301378
301379
301380
301381
301382
301383
301384
301385
301386
301387
301388
301389
301390
301391
301392
301393
301394
301395
301396
301397
301398
301399
301400
301401
301402
301403
301404
301405
301406
301407
301408
301409
301410
301411
301412
301413
301414
301415
301416
301417
301418
301419
301420
301421
301422
301423
301424
301425
301426
301427
301428
301429
301430
301431
301432
301433
301434
301435
301436
301437
301438
301439
301440
301441
301442
301443
301444
301445
301446
301447
301448
301449
301450
301451
301452
301453
301454
301455
301456
301457
301458
301459
301460
301461
301462
301463
301464
301465
301466
301467
301468
301469
301470
301471
301472
301473
301474
301475
301476
301477
301478
301479
301480
301481
301482
301483
301484
301485
301486
301487
301488
301489
301490
301491
301492
301493
301494
301495
301496
301497
301498
301499
301500
301501
301502
301503
301504
301505
301506
301507
301508
301509
301510
301511
301512
301513
301514
301515
301516
301517
301518
301519
301520
301521
301522
301523
301524
301525
301526
301527
301528
301529
301530
301531
301532
301533
301534
301535
301536
301537
301538
301539
301540
301541
301542
301543
301544
301545
301546
301547
301548
301549
301550
301551
301552
301553
301554
301555
301556
301557
301558
301559
301560
301561
301562
301563
301564
301565
301566
301567
301568
301569
301570
301571
301572
301573
301574
301575
301576
301577
301578
301579
301580
301581
301582
301583
301584
301585
301586
301587
301588
301589
301590
301591
301592
301593
301594
301595
301596
301597
301598
301599
301600
301601
301602
301603
301604
301605
301606
301607
301608
301609
301610
301611
301612
301613
301614
301615
301616
301617
301618
301619
301620
301621
301622
301623
301624
301625
301626
301627
301628
301629
301630
301631
301632
301633
301634
301635
301636
301637
301638
301639
301640
301641
301642
301643
301644
301645
301646
301647
301648
301649
301650
301651
301652
301653
301654
301655
301656
301657
301658
301659
301660
301661
301662
301663
301664
301665
301666
301667
301668
301669
301670
301671
301672
301673
301674
301675
301676
301677
301678
301679
301680
301681
301682
301683
301684
301685
301686
301687
301688
301689
301690
301691
301692
301693
301694
301695
301696
301697
301698
301699
301700
301701
301702
301703
301704
301705
301706
301707
301708
301709
301710
301711
301712
301713
301714
301715
301716
301717
301718
301719
301720
301721
301722
301723
301724
301725
301726
301727
301728
301729
301730
301731
301732
301733
301734
301735
301736
301737
301738
301739
301740
301741
301742
301743
301744
301745
301746
301747
301748
301749
301750
301751
301752
301753
301754
301755
301756
301757
301758
301759
301760
301761
301762
301763
301764
301765
301766
301767
301768
301769
301770
301771
301772
301773
301774
301775
301776
301777
301778
301779
301780
301781
301782
301783
301784
301785
301786
301787
301788
301789
301790
301791
301792
301793
301794
301795
301796
301797
301798
301799
301800
301801
301802
301803
301804
301805
301806
301807
301808
301809
301810
301811
301812
301813
301814
301815
301816
301817
301818
301819
301820
301821
301822
301823
301824
301825
301826
301827
301828
301829
301830
301831
301832
301833
301834
301835
301836
301837
301838
301839
301902
301903
301904
301905
301906
301907
301908
301909
301910
301911
301912
301913
301914
301915
301916
301917
301918
301919
307200
307201
307202
307203
307204
307205
307206
307207
307208
307209
307210
307211
307212
307213
307214
307215
307216
307217
307218
307219
307220
307221
307222
307223
307224
307225
307226
307227
307228
307229
307230
307231
307232
307233
307234
307235
307236
307237
307238
307239
307240
307241
307242
307243
307244
307245
307246
307247
307248
307249
307250
307251
307252
307253
307254
307255
307256
307257
307258
307259
307260
307261
307262
307263
307264
307265
307266
307267
307268
307269
307270
307271
307272
307273
307274
307275
307276
307277
307278
307279
307280
307281
307282
307283
307284
307285
307286
307287
307288
307289
307290
307291
307292
307293
307294
307295
307296
307297
307298
307299
307300
307301
307302
307303
307304
307305
307306
307307
307308
307309
307310
307311
307312
307313
307314
307315
307316
307317
307318
307319
307320
307321
307322
307323
307324
307325
307326
307327
307328
307329
307330
307331
307332
307333
307334
307335
307336
307337
307338
307339
307340
307341
307342
307343
307344
307345
307346
307347
307348
307349
307350
307351
307352
307353
307354
307355
307356
307357
307358
307359
307360
307361
307362
307363
307364
307365
307366
307367
307368
307369
307370
307371
307372
307373
307374
307375
307376
307377
307378
307379
307380
307381
307382
307383
307384
307385
307386
307387
307388
307389
307390
307391
307392
307393
307394
307395
307396
307397
307398
307399
307400
307401
307402
307403
307404
307405
307406
307407
307408
307409
307410
307411
307412
307413
307414
307415
307416
307417
307418
307419
307420
307421
307422
307423
307424
307425
307426
307427
307428
307429
307430
307431
307432
307433
307434
307435
307436
307437
307438
307439
307440
307441
307442
307443
307444
307445
307446
307447
307448
307449
307450
307451
307452
307453
307454
307455
307456
307457
307458
307459
307460
307461
307462
307463
307464
307465
307466
307467
307468
307469
307470
307471
307472
307473
307474
307475
307476
307477
307478
307479
307480
307481
307482
307483
307484
307485
307486
307487
307488
307489
307490
307491
307492
307493
307494
307495
307496
307497
307498
307499
307500
307501
307502
307503
307504
307505
307506
307507
307508
307509
307510
307511
307512
307513
307514
307515
307516
307517
307518
307519
307520
307521
307522
307523
307524
307525
307526
307527
307528
307529
307530
307531
307532
307533
307534
307535
307536
307537
307538
307539
307540
307541
307542
307543
307544
307545
307546
307547
307548
307549
307550
307551
307552
307553
307554
307555
307556
307557
307558
307559
307560
307561
307562
307563
307564
307565
307566
307567
307568
307569
307570
307571
307572
307573
307574
307575
307576
307577
307578
307579
307580
307581
307582
307583
307584
307585
307586
307587
307588
307589
307590
307591
307592
307593
307594
307595
307596
307597
307598
307599
307600
307601
307602
307603
307604
307605
307606
307607
307608
307609
307610
307611
307612
307613
307614
307615
307616
307617
307618
307619
307620
307621
307622
307623
307624
307625
307626
307627
307628
307629
307630
307631
307632
307633
307634
307635
307636
307637
307638
307639
307640
307641
307642
307643
307644
307645
307646
307647
307648
307649
307650
307651
307652
307653
307654
307655
307656
307657
307658
307659
307660
307661
307662
307663
307664
307665
307666
307667
307668
307669
307670
307671
307672
307673
307674
307675
307676
307677
307678
307679
307680
307681
307682
307683
307684
307685
307686
307687
307688
307689
307690
307691
307692
307693
307694
307695
307696
307697
307698
307699
307700
307701
307702
307703
307704
307705
307706
307707
307708
307709
307710
307711
307712
307713
307714
307715
307716
307717
307718
307719
307720
307721
307722
307723
307724
307725
307726
307727
307728
307729
307730
307731
307732
307733
307734
307735
307736
307737
307738
307739
307740
307741
307742
307743
307744
307745
307746
307747
307748
307749
307750
307751
307752
307753
307754
307755
307756
307757
307758
307759
307760
307761
307762
307763
307764
307765
307766
307767
307768
307769
307770
307771
307772
307773
307774
307775
307776
307777
307778
307779
307780
307781
307782
307783
307784
307785
307786
307787
307788
307789
307790
307791
307792
307793
307794
307795
307796
307797
307798
307799
307800
307801
307802
307803
307804
307805
307806
307807
307808
307809
307810
307811
307812
307813
307814
307815
307816
307817
307818
307819
307820
307821
307822
307823
307824
307825
307826
307827
307828
307829
307830
307831
307832
307833
307834
307835
307836
307837
307838
307839
307840
307841
307842
307843
307844
307845
307846
307847
307848
307849
307850
307851
307852
307853
307854
307855
307856
307857
307858
307859
307860
307861
307862
307863
307864
307865
307866
307867
307868
307869
307870
307871
307872
307873
307874
307875
307876
307877
307878
307879
307880
307881
307882
307883
307884
307885
307886
307887
307888
307889
307890
307891
307892
307893
307894
307895
307896
307897
307898
307899
307900
307901
307902
307903
307904
307905
307906
307907
307908
307909
307910
307911
307912
307913
307914
307915
307916
307917
307918
307919
307920
307921
307922
307923
307924
307925
307926
307927
307928
307929
307930
307931
307932
307933
307934
307935
307936
307937
307938
307939
307940
307941
307942
307943
307944
307945
307946
307947
307948
307949
307950
307951
307952
307953
307954
307955
307956
307957
307958
307959
307960
307961
307962
307963
307964
307965
307966
307967
307968
307969
307970
307971
307972
307973
307974
307975
307976
307977
307978
307979
307980
307981
307982
307983
307984
307985
307986
307987
307988
307989
307990
307991
307992
307993
307994
307995
307996
307997
307998
307999
308000
308001
308002
308003
308004
308005
308006
308007
308008
308009
308010
308011
308012
308013
308014
308015
308016
308017
308018
308019
308020
308021
308022
308023
308024
308025
308026
308027
308028
308029
308030
308031
308032
308033
308034
308035
308036
308037
308038
308039
308040
308041
308042
308043
308044
308045
308046
308047
308048
308049
308050
308051
308052
308053
308054
308055
308056
308057
308058
308059
308060
308061
308062
308063
308064
308065
308066
308067
308068
308069
308070
308071
308072
308073
308074
308075
308076
308077
308078
308079
308080
308081
308082
308083
308084
308085
308086
308087
308088
308089
308090
308091
308092
308093
308094
308095
308096
308097
308098
308099
308100
308101
308102
308103
308104
308105
308106
308107
308108
308109
308110
308111
308112
308113
308114
308115
308116
308117
308118
308119
308120
308121
308122
308123
308124
308125
308126
308127
308128
308129
308130
308131
308132
308133
308134
308135
308136
308137
308138
308139
308140
308141
308142
308143
308144
308145
308146
308147
308148
308149
308150
308151
308152
308153
308154
308155
308156
308157
308158
308159
308160
308161
308162
308163
308164
308165
308166
308167
308168
308169
308170
308171
308172
308173
308174
308175
308176
308177
308178
308179
308180
308181
308182
308183
308184
308185
308186
308187
308188
308189
308190
308191
308192
308193
308194
308195
308196
308197
308198
308199
308200
308201
308202
308203
308204
308205
308206
308207
308208
308209
308210
308211
308212
308213
308214
308215
308216
308217
308218
308219
308220
308221
308222
308223
308224
308225
308226
308227
308228
308229
308230
308231
308232
308233
308234
308235
308236
308237
308238
308239
308303
308304
308305
308306
308307
308308
308309
308310
308311
308312
308313
308314
308315
308316
308317
308318
308319
313600
313601
313602
313603
313604
313605
313606
313607
313608
313609
313610
313611
313612
313613
313614
313615
313616
313617
313618
313619
313620
313621
313622
313623
313624
313625
313626
313627
313628
313629
313630
313631
313632
313633
313634
313635
313636
313637
313638
313639
313640
313641
313642
313643
313644
313645
313646
313647
313648
313649
313650
313651
313652
313653
313654
313655
313656
313657
313658
313659
313660
313661
313662
313663
313664
313665
313666
313667
313668
313669
313670
313671
313672
313673
313674
313675
313676
313677
313678
313679
313680
313681
313682
313683
313684
313685
313686
313687
313688
313689
313690
313691
313692
313693
313694
313695
313696
313697
313698
313699
313700
313701
313702
313703
313704
313705
313706
313707
313708
313709
313710
313711
313712
313713
313714
313715
313716
313717
313718
313719
313720
313721
313722
313723
313724
313725
313726
313727
313728
313729
313730
313731
313732
313733
313734
313735
313736
313737
313738
313739
313740
313741
313742
313743
313744
313745
313746
313747
313748
313749
313750
313751
313752
313753
313754
313755
313756
313757
313758
313759
313760
313761
313762
313763
313764
313765
313766
313767
313768
313769
313770
313771
313772
313773
313774
313775
313776
313777
313778
313779
313780
313781
313782
313783
313784
313785
313786
313787
313788
313789
313790
313791
313792
313793
313794
313795
313796
313797
313798
313799
313800
313801
313802
313803
313804
313805
313806
313807
313808
313809
313810
313811
313812
313813
313814
313815
313816
313817
313818
313819
313820
313821
313822
313823
313824
313825
313826
313827
313828
313829
313830
313831
313832
313833
313834
313835
313836
313837
313838
313839
313840
313841
313842
313843
313844
313845
313846
313847
313848
313849
313850
313851
313852
313853
313854
313855
313856
313857
313858
313859
313860
313861
313862
313863
313864
313865
313866
313867
313868
313869
313870
313871
313872
313873
313874
313875
313876
313877
313878
313879
313880
313881
313882
313883
313884
313885
313886
313887
313888
313889
313890
313891
313892
313893
313894
313895
313896
313897
313898
313899
313900
313901
313902
313903
313904
313905
313906
313907
313908
313909
313910
313911
313912
313913
313914
313915
313916
313917
313918
313919
313920
313921
313922
313923
313924
313925
313926
313927
313928
313929
313930
313931
313932
313933
313934
313935
313936
313937
313938
313939
313940
313941
313942
313943
313944
313945
313946
313947
313948
313949
313950
313951
313952
313953
313954
313955
313956
313957
313958
313959
313960
313961
313962
313963
313964
313965
313966
313967
313968
313969
313970
313971
313972
313973
313974
313975
313976
313977
313978
313979
313980
313981
313982
313983
313984
313985
313986
313987
313988
313989
313990
313991
313992
313993
313994
313995
313996
313997
313998
313999
314000
314001
314002
314003
314004
314005
314006
314007
314008
314009
314010
314011
314012
314013
314014
314015
314016
314017
314018
314019
314020
314021
314022
314023
314024
314025
314026
314027
314028
314029
314030
314031
314032
314033
314034
314035
314036
314037
314038
314039
314040
314041
314042
314043
314044
314045
314046
314047
314048
314049
314050
314051
314052
314053
314054
314055
314056
314057
314058
314059
314060
314061
314062
314063
314064
314065
314066
314067
314068
314069
314070
314071
314072
314073
314074
314075
314076
314077
314078
314079
314080
314081
314082
314083
314084
314085
314086
314087
314088
314089
314090
314091
314092
314093
314094
314095
314096
314097
314098
314099
314100
314101
314102
314103
314104
314105
314106
314107
314108
314109
314110
314111
314112
314113
314114
314115
314116
314117
314118
314119
314120
314121
314122
314123
314124
314125
314126
314127
314128
314129
314130
314131
314132
314133
314134
314135
314136
314137
314138
314139
314140
314141
314142
314143
314144
314145
314146
314147
314148
314149
314150
314151
314152
314153
314154
314155
314156
314157
314158
314159
314160
314161
314162
314163
314164
314165
314166
314167
314168
314169
314170
314171
314172
314173
314174
314175
314176
314177
314178
314179
314180
314181
314182
314183
314184
314185
314186
314187
314188
314189
314190
314191
314192
314193
314194
314195
314196
314197
314198
314199
314200
314201
314202
314203
314204
314205
314206
314207
314208
314209
314210
314211
314212
314213
314214
314215
314216
314217
314218
314219
314220
314221
314222
314223
314224
314225
314226
314227
314228
314229
314230
314231
314232
314233
314234
314235
314236
314237
314238
314239
314240
314241
314242
314243
314244
314245
314246
314247
314248
314249
314250
314251
314252
314253
314254
314255
314256
314257
314258
314259
314260
314261
314262
314263
314264
314265
314266
314267
314268
314269
314270
314271
314272
314273
314274
314275
314276
314277
314278
314279
314280
314281
314282
314283
314284
314285
314286
314287
314288
314289
314290
314291
314292
314293
314294
314295
314296
314297
314298
314299
314300
314301
314302
314303
314304
314305
314306
314307
314308
314309
314310
314311
314312
314313
314314
314315
314316
314317
314318
314319
314320
314321
314322
314323
314324
314325
314326
314327
314328
314329
314330
314331
314332
314333
314334
314335
314336
314337
314338
314339
314340
314341
314342
314343
314344
314345
314346
314347
314348
314349
314350
314351
314352
314353
314354
314355
314356
314357
314358
314359
314360
314361
314362
314363
314364
314365
314366
314367
314368
314369
314370
314371
314372
314373
314374
314375
314376
314377
314378
314379
314380
314381
314382
314383
314384
314385
314386
314387
314388
314389
314390
314391
314392
314393
314394
314395
314396
314397
314398
314399
314400
314401
314402
314403
314404
314405
314406
314407
314408
314409
314410
314411
314412
314413
314414
314415
314416
314417
314418
314419
314420
314421
314422
314423
314424
314425
314426
314427
314428
314429
314430
314431
314432
314433
314434
314435
314436
314437
314438
314439
314440
314441
314442
314443
314444
314445
314446
314447
314448
314449
314450
314451
314452
314453
314454
314455
314456
314457
314458
314459
314460
314461
314462
314463
314464
314465
314466
314467
314468
314469
314470
314471
314472
314473
314474
314475
314476
314477
314478
314479
314480
314481
314482
314483
314484
314485
314486
314487
314488
314489
314490
314491
314492
314493
314494
314495
314496
314497
314498
314499
314500
314501
314502
314503
314504
314505
314506
314507
314508
314509
314510
314511
314512
314513
314514
314515
314516
314517
314518
314519
314520
314521
314522
314523
314524
314525
314526
314527
314528
314529
314530
314531
314532
314533
314534
314535
314536
314537
314538
314539
314540
314541
314542
314543
314544
314545
314546
314547
314548
314549
314550
314551
314552
314553
314554
314555
314556
314557
314558
314559
314560
314561
314562
314563
314564
314565
314566
314567
314568
314569
314570
314571
314572
314573
314574
314575
314576
314577
314578
314579
314580
314581
314582
314583
314584
314585
314586
314587
314588
314589
314590
314591
314592
314593
314594
314595
314596
314597
314598
314599
314600
314601
314602
314603
314604
314605
314606
314607
314608
314609
314610
314611
314612
314613
314614
314615
314616
314617
314618
314619
314620
314621
314622
314623
314624
314625
314626
314627
314628
314629
314630
314631
314632
314633
314634
314635
314636
314637
314638
314639
314704
314705
314706
314707
314708
314709
314710
314711
314712
314713
314714
314715
314716
314717
314718
314719
320000
320001
320002
320003
320004
320005
320006
320007
320008
320009
320010
320011
320012
320013
320014
320015
320016
320017
320018
320019
320020
320021
320022
320023
320024
320025
320026
320027
320028
320029
320030
320031
320032
320033
320034
320035
320036
320037
320038
320039
320040
320041
320042
320043
320044
320045
320046
320047
320048
320049
320050
320051
320052
320053
320054
320055
320056
320057
320058
320059
320060
320061
320062
320063
320064
320065
320066
320067
320068
320069
320070
320071
320072
320073
320074
320075
320076
320077
320078
320079
320080
320081
320082
320083
320084
320085
320086
320087
320088
320089
320090
320091
320092
320093
320094
320095
320096
320097
320098
320099
320100
320101
320102
320103
320104
320105
320106
320107
320108
320109
320110
320111
320112
320113
320114
320115
320116
320117
320118
320119
320120
320121
320122
320123
320124
320125
320126
320127
320128
320129
320130
320131
320132
320133
320134
320135
320136
320137
320138
320139
320140
320141
320142
320143
320144
320145
320146
320147
320148
320149
320150
320151
320152
320153
320154
320155
320156
320157
320158
320159
320160
320161
320162
320163
320164
320165
320166
320167
320168
320169
320170
320171
320172
320173
320174
320175
320176
320177
320178
320179
320180
320181
320182
320183
320184
320185
320186
320187
320188
320189
320190
320191
320192
320193
320194
320195
320196
320197
320198
320199
320200
320201
320202
320203
320204
320205
320206
320207
320208
320209
320210
320211
320212
320213
320214
320215
320216
320217
320218
320219
320220
320221
320222
320223
320224
320225
320226
320227
320228
320229
320230
320231
320232
320233
320234
320235
320236
320237
320238
320239
320240
320241
320242
320243
320244
320245
320246
320247
320248
320249
320250
320251
320252
320253
320254
320255
320256
320257
320258
320259
320260
320261
320262
320263
320264
320265
320266
320267
320268
320269
320270
320271
320272
320273
320274
320275
320276
320277
320278
320279
320280
320281
320282
320283
320284
320285
320286
320287
320288
320289
320290
320291
320292
320293
320294
320295
320296
320297
320298
320299
320300
320301
320302
320303
320304
320305
320306
320307
320308
320309
320310
320311
320312
320313
320314
320315
320316
320317
320318
320319
320320
320321
320322
320323
320324
320325
320326
320327
320328
320329
320330
320331
320332
320333
320334
320335
320336
320337
320338
320339
320340
320341
320342
320343
320344
320345
320346
320347
320348
320349
320350
320351
320352
320353
320354
320355
320356
320357
320358
320359
320360
320361
320362
320363
320364
320365
320366
320367
320368
320369
320370
320371
320372
320373
320374
320375
320376
320377
320378
320379
320380
320381
320382
320383
320384
320385
320386
320387
320388
320389
320390
320391
320392
320393
320394
320395
320396
320397
320398
320399
320400
320401
320402
320403
320404
320405
320406
320407
320408
320409
320410
320411
320412
320413
320414
320415
320416
320417
320418
320419
320420
320421
320422
320423
320424
320425
320426
320427
320428
320429
320430
320431
320432
320433
320434
320435
320436
320437
320438
320439
320440
320441
320442
320443
320444
320445
320446
320447
320448
320449
320450
320451
320452
320453
320454
320455
320456
320457
320458
320459
320460
320461
320462
320463
320464
320465
320466
320467
320468
320469
320470
320471
320472
320473
320474
320475
320476
320477
320478
320479
320480
320481
320482
320483
320484
320485
320486
320487
320488
320489
320490
320491
320492
320493
320494
320495
320496
320497
320498
320499
320500
320501
320502
320503
320504
320505
320506
320507
320508
320509
320510
320511
320512
320513
320514
320515
320516
320517
320518
320519
320520
320521
320522
320523
320524
320525
320526
320527
320528
320529
320530
320531
320532
320533
320534
320535
320536
320537
320538
320539
320540
320541
320542
320543
320544
320545
320546
320547
320548
320549
320550
320551
320552
320553
320554
320555
320556
320557
320558
320559
320560
320561
320562
320563
320564
320565
320566
320567
320568
320569
320570
320571
320572
320573
320574
320575
320576
320577
320578
320579
320580
320581
320582
320583
320584
320585
320586
320587
320588
320589
320590
320591
320592
320593
320594
320595
320596
320597
320598
320599
320600
320601
320602
320603
320604
320605
320606
320607
320608
320609
320610
320611
320612
320613
320614
320615
320616
320617
320618
320619
320620
320621
320622
320623
320624
320625
320626
320627
320628
320629
320630
320631
320632
320633
320634
320635
320636
320637
320638
320639
320640
320641
320642
320643
320644
320645
320646
320647
320648
320649
320650
320651
320652
320653
320654
320655
320656
320657
320658
320659
320660
320661
320662
320663
320664
320665
320666
320667
320668
320669
320670
320671
320672
320673
320674
320675
320676
320677
320678
320679
320680
320681
320682
320683
320684
320685
320686
320687
320688
320689
320690
320691
320692
320693
320694
320695
320696
320697
320698
320699
320700
320701
320702
320703
320704
320705
320706
320707
320708
320709
320710
320711
320712
320713
320714
320715
320716
320717
320718
320719
320720
320721
320722
320723
320724
320725
320726
320727
320728
320729
320730
320731
320732
320733
320734
320735
320736
320737
320738
320739
320740
320741
320742
320743
320744
320745
320746
320747
320748
320749
320750
320751
320752
320753
320754
320755
320756
320757
320758
320759
320760
320761
320762
320763
320764
320765
320766
320767
320768
320769
320770
320771
320772
320773
320774
320775
320776
320777
320778
320779
320780
320781
320782
320783
320784
320785
320786
320787
320788
320789
320790
320791
320792
320793
320794
320795
320796
320797
320798
320799
320800
320801
320802
320803
320804
320805
320806
320807
320808
320809
320810
320811
320812
320813
320814
320815
320816
320817
320818
320819
320820
320821
320822
320823
320824
320825
320826
320827
320828
320829
320830
320831
320832
320833
320834
320835
320836
320837
320838
320839
320840
320841
320842
320843
320844
320845
320846
320847
320848
320849
320850
320851
320852
320853
320854
320855
320856
320857
320858
320859
320860
320861
320862
320863
320864
320865
320866
320867
320868
320869
320870
320871
320872
320873
320874
320875
320876
320877
320878
320879
320880
320881
320882
320883
320884
320885
320886
320887
320888
320889
320890
320891
320892
320893
320894
320895
320896
320897
320898
320899
320900
320901
320902
320903
320904
320905
320906
320907
320908
320909
320910
320911
320912
320913
320914
320915
320916
320917
320918
320919
320920
320921
320922
320923
320924
320925
320926
320927
320928
320929
320930
320931
320932
320933
320934
320935
320936
320937
320938
320939
320940
320941
320942
320943
320944
320945
320946
320947
320948
320949
320950
320951
320952
320953
320954
320955
320956
320957
320958
320959
320960
320961
320962
320963
320964
320965
320966
320967
320968
320969
320970
320971
320972
320973
320974
320975
320976
320977
320978
320979
320980
320981
320982
320983
320984
320985
320986
320987
320988
320989
320990
320991
320992
320993
320994
320995
320996
320997
320998
320999
321000
321001
321002
321003
321004
321005
321006
321007
321008
321009
321010
321011
321012
321013
321014
321015
321016
321017
321018
321019
321020
321021
321022
321023
321024
321025
321026
321027
321028
321029
321030
321031
321032
321033
321034
321035
321036
321037
321038
321039
321105
321106
321107
321108
321109
321110
321111
321112
321113
321114
321115
321116
321117
321118
321119
326400
326401
326402
326403
326404
326405
326406
326407
326408
326409
326410
326411
326412
326413
326414
326415
326416
326417
326418
326419
326420
326421
326422
326423
326424
326425
326426
326427
326428
326429
326430
326431
326432
326433
326434
326435
326436
326437
326438
326439
326440
326441
326442
326443
326444
326445
326446
326447
326448
326449
326450
326451
326452
326453
326454
326455
326456
326457
326458
326459
326460
326461
326462
326463
326464
326465
326466
326467
326468
326469
326470
326471
326472
326473
326474
326475
326476
326477
326478
326479
326480
326481
326482
326483
326484
326485
326486
326487
326488
326489
326490
326491
326492
326493
326494
326495
326496
326497
326498
326499
326500
326501
326502
326503
326504
326505
326506
326507
326508
326509
326510
326511
326512
326513
326514
326515
326516
326517
326518
326519
326520
326521
326522
326523
326524
326525
326526
326527
326528
326529
326530
326531
326532
326533
326534
326535
326536
326537
326538
326539
326540
326541
326542
326543
326544
326545
326546
326547
326548
326549
326550
326551
326552
326553
326554
326555
326556
326557
326558
326559
326560
326561
326562
326563
326564
326565
326566
326567
326568
326569
326570
326571
326572
326573
326574
326575
326576
326577
326578
326579
326580
326581
326582
326583
326584
326585
326586
326587
326588
326589
326590
326591
326592
326593
326594
326595
326596
326597
326598
326599
326600
326601
326602
326603
326604
326605
326606
326607
326608
326609
326610
326611
326612
326613
326614
326615
326616
326617
326618
326619
326620
326621
326622
326623
326624
326625
326626
326627
326628
326629
326630
326631
326632
326633
326634
326635
326636
326637
326638
326639
326640
326641
326642
326643
326644
326645
326646
326647
326648
326649
326650
326651
326652
326653
326654
326655
326656
326657
326658
326659
326660
326661
326662
326663
326664
326665
326666
326667
326668
326669
326670
326671
326672
326673
326674
326675
326676
326677
326678
326679
326680
326681
326682
326683
326684
326685
326686
326687
326688
326689
326690
326691
326692
326693
326694
326695
326696
326697
326698
326699
326700
326701
326702
326703
326704
326705
326706
326707
326708
326709
326710
326711
326712
326713
326714
326715
326716
326717
326718
326719
326720
326721
326722
326723
326724
326725
326726
326727
326728
326729
326730
326731
326732
326733
326734
326735
326736
326737
326738
326739
326740
326741
326742
326743
326744
326745
326746
326747
326748
326749
326750
326751
326752
326753
326754
326755
326756
326757
326758
326759
326760
326761
326762
326763
326764
326765
326766
326767
326768
326769
326770
326771
326772
326773
326774
326775
326776
326777
326778
326779
326780
326781
326782
326783
326784
326785
326786
326787
326788
326789
326790
326791
326792
326793
326794
326795
326796
326797
326798
326799
326800
326801
326802
326803
326804
326805
326806
326807
326808
326809
326810
326811
326812
326813
326814
326815
326816
326817
326818
326819
326820
326821
326822
326823
326824
326825
326826
326827
326828
326829
326830
326831
326832
326833
326834
326835
326836
326837
326838
326839
326840
326841
326842
326843
326844
326845
326846
326847
326848
326849
326850
326851
326852
326853
326854
326855
326856
326857
326858
326859
326860
326861
326862
326863
326864
326865
326866
326867
326868
326869
326870
326871
326872
326873
326874
326875
326876
326877
326878
326879
326880
326881
326882
326883
326884
326885
326886
326887
326888
326889
326890
326891
326892
326893
326894
326895
326896
326897
326898
326899
326900
326901
326902
326903
326904
326905
326906
326907
326908
326909
326910
326911
326912
326913
326914
326915
326916
326917
326918
326919
326920
326921
326922
326923
326924
326925
326926
326927
326928
326929
326930
326931
326932
326933
326934
326935
326936
326937
326938
326939
326940
326941
326942
326943
326944
326945
326946
326947
326948
326949
326950
326951
326952
326953
326954
326955
326956
326957
326958
326959
326960
326961
326962
326963
326964
326965
326966
326967
326968
326969
326970
326971
326972
326973
326974
326975
326976
326977
326978
326979
326980
326981
326982
326983
326984
326985
326986
326987
326988
326989
326990
326991
326992
326993
326994
326995
326996
326997
326998
326999
327000
327001
327002
327003
327004
327005
327006
327007
327008
327009
327010
327011
327012
327013
327014
327015
327016
327017
327018
327019
327020
327021
327022
327023
327024
327025
327026
327027
327028
327029
327030
327031
327032
327033
327034
327035
327036
327037
327038
327039
327040
327041
327042
327043
327044
327045
327046
327047
327048
327049
327050
327051
327052
327053
327054
327055
327056
327057
327058
327059
327060
327061
327062
327063
327064
327065
327066
327067
327068
327069
327070
327071
327072
327073
327074
327075
327076
327077
327078
327079
327080
327081
327082
327083
327084
327085
327086
327087
327088
327089
327090
327091
327092
327093
327094
327095
327096
327097
327098
327099
327100
327101
327102
327103
327104
327105
327106
327107
327108
327109
327110
327111
327112
327113
327114
327115
327116
327117
327118
327119
327120
327121
327122
327123
327124
327125
327126
327127
327128
327129
327130
327131
327132
327133
327134
327135
327136
327137
327138
327139
327140
327141
327142
327143
327144
327145
327146
327147
327148
327149
327150
327151
327152
327153
327154
327155
327156
327157
327158
327159
327160
327161
327162
327163
327164
327165
327166
327167
327168
327169
327170
327171
327172
327173
327174
327175
327176
327177
327178
327179
327180
327181
327182
327183
327184
327185
327186
327187
327188
327189
327190
327191
327192
327193
327194
327195
327196
327197
327198
327199
327200
327201
327202
327203
327204
327205
327206
327207
327208
327209
327210
327211
327212
327213
327214
327215
327216
327217
327218
327219
327220
327221
327222
327223
327224
327225
327226
327227
327228
327229
327230
327231
327232
327233
327234
327235
327236
327237
327238
327239
327240
327241
327242
327243
327244
327245
327246
327247
327248
327249
327250
327251
327252
327253
327254
327255
327256
327257
327258
327259
327260
327261
327262
327263
327264
327265
327266
327267
327268
327269
327270
327271
327272
327273
327274
327275
327276
327277
327278
327279
327280
327281
327282
327283
327284
327285
327286
327287
327288
327289
327290
327291
327292
327293
327294
327295
327296
327297
327298
327299
327300
327301
327302
327303
327304
327305
327306
327307
327308
327309
327310
327311
327312
327313
327314
327315
327316
327317
327318
327319
327320
327321
327322
327323
327324
327325
327326
327327
327328
327329
327330
327331
327332
327333
327334
327335
327336
327337
327338
327339
327340
327341
327342
327343
327344
327345
327346
327347
327348
327349
327350
327351
327352
327353
327354
327355
327356
327357
327358
327359
327360
327361
327362
327363
327364
327365
327366
327367
327368
327369
327370
327371
327372
327373
327374
327375
327376
327377
327378
327379
327380
327381
327382
327383
327384
327385
327386
327387
327388
327389
327390
327391
327392
327393
327394
327395
327396
327397
327398
327399
327400
327401
327402
327403
327404
327405
327406
327407
327408
327409
327410
327411
327412
327413
327414
327415
327416
327417
327418
327419
327420
327421
327422
327423
327424
327425
327426
327427
327428
327429
327430
327431
327432
327433
327434
327435
327436
327437
327438
327439
327506
327507
327508
327509
327510
327511
327512
327513
327514
327515
327516
327517
327518
327519
332800
332801
332802
332803
332804
332805
332806
332807
332808
332809
332810
332811
332812
332813
332814
332815
332816
332817
332818
332819
332820
332821
332822
332823
332824
332825
332826
332827
332828
332829
332830
332831
332832
332833
332834
332835
332836
332837
332838
332839
332840
332841
332842
332843
332844
332845
332846
332847
332848
332849
332850
332851
332852
332853
332854
332855
332856
332857
332858
332859
332860
332861
332862
332863
332864
332865
332866
332867
332868
332869
332870
332871
332872
332873
332874
332875
332876
332877
332878
332879
332880
332881
332882
332883
332884
332885
332886
332887
332888
332889
332890
332891
332892
332893
332894
332895
332896
332897
332898
332899
332900
332901
332902
332903
332904
332905
332906
332907
332908
332909
332910
332911
332912
332913
332914
332915
332916
332917
332918
332919
332920
332921
332922
332923
332924
332925
332926
332927
332928
332929
332930
332931
332932
332933
332934
332935
332936
332937
332938
332939
332940
332941
332942
332943
332944
332945
332946
332947
332948
332949
332950
332951
332952
332953
332954
332955
332956
332957
332958
332959
332960
332961
332962
332963
332964
332965
332966
332967
332968
332969
332970
332971
332972
332973
332974
332975
332976
332977
332978
332979
332980
332981
332982
332983
332984
332985
332986
332987
332988
332989
332990
332991
332992
332993
332994
332995
332996
332997
332998
332999
333000
333001
333002
333003
333004
333005
333006
333007
333008
333009
333010
333011
333012
333013
333014
333015
333016
333017
333018
333019
333020
333021
333022
333023
333024
333025
333026
333027
333028
333029
333030
333031
333032
333033
333034
333035
333036
333037
333038
333039
333040
333041
333042
333043
333044
333045
333046
333047
333048
333049
333050
333051
333052
333053
333054
333055
333056
333057
333058
333059
333060
333061
333062
333063
333064
333065
333066
333067
333068
333069
333070
333071
333072
333073
333074
333075
333076
333077
333078
333079
333080
333081
333082
333083
333084
333085
333086
333087
333088
333089
333090
333091
333092
333093
333094
333095
333096
333097
333098
333099
333100
333101
333102
333103
333104
333105
333106
333107
333108
333109
333110
333111
333112
333113
333114
333115
333116
333117
333118
333119
333120
333121
333122
333123
333124
333125
333126
333127
333128
333129
333130
333131
333132
333133
333134
333135
333136
333137
333138
333139
333140
333141
333142
333143
333144
333145
333146
333147
333148
333149
333150
333151
333152
333153
333154
333155
333156
333157
333158
333159
333160
333161
333162
333163
333164
333165
333166
333167
333168
333169
333170
333171
333172
333173
333174
333175
333176
333177
333178
333179
333180
333181
333182
333183
333184
333185
333186
333187
333188
333189
333190
333191
333192
333193
333194
333195
333196
333197
333198
333199
333200
333201
333202
333203
333204
333205
333206
333207
333208
333209
333210
333211
333212
333213
333214
333215
333216
333217
333218
333219
333220
333221
333222
333223
333224
333225
333226
333227
333228
333229
333230
333231
333232
333233
333234
333235
333236
333237
333238
333239
333240
333241
333242
333243
333244
333245
333246
333247
333248
333249
333250
333251
333252
333253
333254
333255
333256
333257
333258
333259
333260
333261
333262
333263
333264
333265
333266
333267
333268
333269
333270
333271
333272
333273
333274
333275
333276
333277
333278
333279
333280
333281
333282
333283
333284
333285
333286
333287
333288
333289
333290
333291
333292
333293
333294
333295
333296
333297
333298
333299
333300
333301
333302
333303
333304
333305
333306
333307
333308
333309
333310
333311
333312
333313
333314
333315
333316
333317
333318
333319
333320
333321
333322
333323
333324
333325
333326
333327
333328
333329
333330
333331
333332
333333
333334
333335
333336
333337
333338
333339
333340
333341
333342
333343
333344
333345
333346
333347
333348
333349
333350
333351
333352
333353
333354
333355
333356
333357
333358
333359
333360
333361
333362
333363
333364
333365
333366
333367
333368
333369
333370
333371
333372
333373
333374
333375
333376
333377
333378
333379
333380
333381
333382
333383
333384
333385
333386
333387
333388
333389
333390
333391
333392
333393
333394
333395
333396
333397
333398
333399
333400
333401
333402
333403
333404
333405
333406
333407
333408
333409
333410
333411
333412
333413
333414
333415
333416
333417
333418
333419
333420
333421
333422
333423
333424
333425
333426
333427
333428
333429
333430
333431
333432
333433
333434
333435
333436
333437
333438
333439
333440
333441
333442
333443
333444
333445
333446
333447
333448
333449
333450
333451
333452
333453
333454
333455
333456
333457
333458
333459
333460
333461
333462
333463
333464
333465
333466
333467
333468
333469
333470
333471
333472
333473
333474
333475
333476
333477
333478
333479
333480
333481
333482
333483
333484
333485
333486
333487
333488
333489
333490
333491
333492
333493
333494
333495
333496
333497
333498
333499
333500
333501
333502
333503
333504
333505
333506
333507
333508
333509
333510
333511
333512
333513
333514
333515
333516
333517
333518
333519
333520
333521
333522
333523
333524
333525
333526
333527
333528
333529
333530
333531
333532
333533
333534
333535
333536
333537
333538
333539
333540
333541
333542
333543
333544
333545
333546
333547
333548
333549
333550
333551
333552
333553
333554
333555
333556
333557
333558
333559
333560
333561
333562
333563
333564
333565
333566
333567
333568
333569
333570
333571
333572
333573
333574
333575
333576
333577
333578
333579
333580
333581
333582
333583
333584
333585
333586
333587
333588
333589
333590
333591
333592
333593
333594
333595
333596
333597
333598
333599
333600
333601
333602
333603
333604
333605
333606
333607
333608
333609
333610
333611
333612
333613
333614
333615
333616
333617
333618
333619
333620
333621
333622
333623
333624
333625
333626
333627
333628
333629
333630
333631
333632
333633
333634
333635
333636
333637
333638
333639
333640
333641
333642
333643
333644
333645
333646
333647
333648
333649
333650
333651
333652
333653
333654
333655
333656
333657
333658
333659
333660
333661
333662
333663
333664
333665
333666
333667
333668
333669
333670
333671
333672
333673
333674
333675
333676
333677
333678
333679
333680
333681
333682
333683
333684
333685
333686
333687
333688
333689
333690
333691
333692
333693
333694
333695
333696
333697
333698
333699
333700
333701
333702
333703
333704
333705
333706
333707
333708
333709
333710
333711
333712
333713
333714
333715
333716
333717
333718
333719
333720
333721
333722
333723
333724
333725
333726
333727
333728
333729
333730
333731
333732
333733
333734
333735
333736
333737
333738
333739
333740
333741
333742
333743
333744
333745
333746
333747
333748
333749
333750
333751
333752
333753
333754
333755
333756
333757
333758
333759
333760
333761
333762
333763
333764
333765
333766
333767
333768
333769
333770
333771
333772
333773
333774
333775
333776
333777
333778
333779
333780
333781
333782
333783
333784
333785
333786
333787
333788
333789
333790
333791
333792
333793
333794
333795
333796
333797
333798
333799
333800
333801
333802
333803
333804
333805
333806
333807
333808
333809
333810
333811
333812
333813
333814
333815
333816
333817
333818
333819
333820
333821
333822
333823
333824
333825
333826
333827
333828
333829
333830
333831
333832
333833
333834
333835
333836
333837
333838
333839
333907
333908
333909
333910
333911
333912
333913
333914
333915
333916
333917
333918
333919
339200
339201
339202
339203
339204
339205
339206
339207
339208
339209
339210
339211
339212
339213
339214
339215
339216
339217
339218
339219
339220
339221
339222
339223
339224
339225
339226
339227
339228
339229
339230
339231
339232
339233
339234
339235
339236
339237
339238
339239
339240
339241
339242
339243
339244
339245
339246
339247
339248
339249
339250
339251
339252
339253
339254
339255
339256
339257
339258
339259
339260
339261
339262
339263
339264
339265
339266
339267
339268
339269
339270
339271
339272
339273
339274
339275
339276
339277
339278
339279
339280
339281
339282
339283
339284
339285
339286
339287
339288
339289
339290
339291
339292
339293
339294
339295
339296
339297
339298
339299
339300
339301
339302
339303
339304
339305
339306
339307
339308
339309
339310
339311
339312
339313
339314
339315
339316
339317
339318
339319
339320
339321
339322
339323
339324
339325
339326
339327
339328
339329
339330
339331
339332
339333
339334
339335
339336
339337
339338
339339
339340
339341
339342
339343
339344
339345
339346
339347
339348
339349
339350
339351
339352
339353
339354
339355
339356
339357
339358
339359
339360
339361
339362
339363
339364
339365
339366
339367
339368
339369
339370
339371
339372
339373
339374
339375
339376
339377
339378
339379
339380
339381
339382
339383
339384
339385
339386
339387
339388
339389
339390
339391
339392
339393
339394
339395
339396
339397
339398
339399
339400
339401
339402
339403
339404
339405
339406
339407
339408
339409
339410
339411
339412
339413
339414
339415
339416
339417
339418
339419
339420
339421
339422
339423
339424
339425
339426
339427
339428
339429
339430
339431
339432
339433
339434
339435
339436
339437
339438
339439
339440
339441
339442
339443
339444
339445
339446
339447
339448
339449
339450
339451
339452
339453
339454
339455
339456
339457
339458
339459
339460
339461
339462
339463
339464
339465
339466
339467
339468
339469
339470
339471
339472
339473
339474
339475
339476
339477
339478
339479
339480
339481
339482
339483
339484
339485
339486
339487
339488
339489
339490
339491
339492
339493
339494
339495
339496
339497
339498
339499
339500
339501
339502
339503
339504
339505
339506
339507
339508
339509
339510
339511
339512
339513
339514
339515
339516
339517
339518
339519
339520
339521
339522
339523
339524
339525
339526
339527
339528
339529
339530
339531
339532
339533
339534
339535
339536
339537
339538
339539
339540
339541
339542
339543
339544
339545
339546
339547
339548
339549
339550
339551
339552
339553
339554
339555
339556
339557
339558
339559
339560
339561
339562
339563
339564
339565
339566
339567
339568
339569
339570
339571
339572
339573
339574
339575
339576
339577
339578
339579
339580
339581
339582
339583
339584
339585
339586
339587
339588
339589
339590
339591
339592
339593
339594
339595
339596
339597
339598
339599
339600
339601
339602
339603
339604
339605
339606
339607
339608
339609
339610
339611
339612
339613
339614
339615
339616
339617
339618
339619
339620
339621
339622
339623
339624
339625
339626
339627
339628
339629
339630
339631
339632
339633
339634
339635
339636
339637
339638
339639
339640
339641
339642
339643
339644
339645
339646
339647
339648
339649
339650
339651
339652
339653
339654
339655
339656
339657
339658
339659
339660
339661
339662
339663
339664
339665
339666
339667
339668
339669
339670
339671
339672
339673
339674
339675
339676
339677
339678
339679
339680
339681
339682
339683
339684
339685
339686
339687
339688
339689
339690
339691
339692
339693
339694
339695
339696
339697
339698
339699
339700
339701
339702
339703
339704
339705
339706
339707
339708
339709
339710
339711
339712
339713
339714
339715
339716
339717
339718
339719
339720
339721
339722
339723
339724
339725
339726
339727
339728
339729
339730
339731
339732
339733
339734
339735
339736
339737
339738
339739
339740
339741
339742
339743
339744
339745
339746
339747
339748
339749
339750
339751
339752
339753
339754
339755
339756
339757
339758
339759
339760
339761
339762
339763
339764
339765
339766
339767
339768
339769
339770
339771
339772
339773
339774
339775
339776
339777
339778
339779
339780
339781
339782
339783
339784
339785
339786
339787
339788
339789
339790
339791
339792
339793
339794
339795
339796
339797
339798
339799
339800
339801
339802
339803
339804
339805
339806
339807
339808
339809
339810
339811
339812
339813
339814
339815
339816
339817
339818
339819
339820
339821
339822
339823
339824
339825
339826
339827
339828
339829
339830
339831
339832
339833
339834
339835
339836
339837
339838
339839
339840
339841
339842
339843
339844
339845
339846
339847
339848
339849
339850
339851
339852
339853
339854
339855
339856
339857
339858
339859
339860
339861
339862
339863
339864
339865
339866
339867
339868
339869
339870
339871
339872
339873
339874
339875
339876
339877
339878
339879
339880
339881
339882
339883
339884
339885
339886
339887
339888
339889
339890
339891
339892
339893
339894
339895
339896
339897
339898
339899
339900
339901
339902
339903
339904
339905
339906
339907
339908
339909
339910
339911
339912
339913
339914
339915
339916
339917
339918
339919
339920
339921
339922
339923
339924
339925
339926
339927
339928
339929
339930
339931
339932
339933
339934
339935
339936
339937
339938
339939
339940
339941
339942
339943
339944
339945
339946
339947
339948
339949
339950
339951
339952
339953
339954
339955
339956
339957
339958
339959
339960
339961
339962
339963
339964
339965
339966
339967
339968
339969
339970
339971
339972
339973
339974
339975
339976
339977
339978
339979
339980
339981
339982
339983
339984
339985
339986
339987
339988
339989
339990
339991
339992
339993
339994
339995
339996
339997
339998
339999
340000
340001
340002
340003
340004
340005
340006
340007
340008
340009
340010
340011
340012
340013
340014
340015
340016
340017
340018
340019
340020
340021
340022
340023
340024
340025
340026
340027
340028
340029
340030
340031
340032
340033
340034
340035
340036
340037
340038
340039
340040
340041
340042
340043
340044
340045
340046
340047
340048
340049
340050
340051
340052
340053
340054
340055
340056
340057
340058
340059
340060
340061
340062
340063
340064
340065
340066
340067
340068
340069
340070
340071
340072
340073
340074
340075
340076
340077
340078
340079
340080
340081
340082
340083
340084
340085
340086
340087
340088
340089
340090
340091
340092
340093
340094
340095
340096
340097
340098
340099
340100
340101
340102
340103
340104
340105
340106
340107
340108
340109
340110
340111
340112
340113
340114
340115
340116
340117
340118
340119
340120
340121
340122
340123
340124
340125
340126
340127
340128
340129
340130
340131
340132
340133
340134
340135
340136
340137
340138
340139
340140
340141
340142
340143
340144
340145
340146
340147
340148
340149
340150
340151
340152
340153
340154
340155
340156
340157
340158
340159
340160
340161
340162
340163
340164
340165
340166
340167
340168
340169
340170
340171
340172
340173
340174
340175
340176
340177
340178
340179
340180
340181
340182
340183
340184
340185
340186
340187
340188
340189
340190
340191
340192
340193
340194
340195
340196
340197
340198
340199
340200
340201
340202
340203
340204
340205
340206
340207
340208
340209
340210
340211
340212
340213
340214
340215
340216
340217
340218
340219
340220
340221
340222
340223
340224
340225
340226
340227
340228
340229
340230
340231
340232
340233
340234
340235
340236
340237
340238
340239
340308
340309
340310
340311
340312
340313
340314
340315
340316
340317
340318
340319
345600
345601
345602
345603
345604
345605
345606
345607
345608
345609
345610
345611
345612
345613
345614
345615
345616
345617
345618
345619
345620
345621
345622
345623
345624
345625
345626
345627
345628
345629
345630
345631
345632
345633
345634
345635
345636
345637
345638
345639
345640
345641
345642
345643
345644
345645
345646
345647
345648
345649
345650
345651
345652
345653
345654
345655
345656
345657
345658
345659
345660
345661
345662
345663
345664
345665
345666
345667
345668
345669
345670
345671
345672
345673
345674
345675
345676
345677
345678
345679
345680
345681
345682
345683
345684
345685
345686
345687
345688
345689
345690
345691
345692
345693
345694
345695
345696
345697
345698
345699
345700
345701
345702
345703
345704
345705
345706
345707
345708
345709
345710
345711
345712
345713
345714
345715
345716
345717
345718
345719
345720
345721
345722
345723
345724
345725
345726
345727
345728
345729
345730
345731
345732
345733
345734
345735
345736
345737
345738
345739
345740
345741
345742
345743
345744
345745
345746
345747
345748
345749
345750
345751
345752
345753
345754
345755
345756
345757
345758
345759
345760
345761
345762
345763
345764
345765
345766
345767
345768
345769
345770
345771
345772
345773
345774
345775
345776
345777
345778
345779
345780
345781
345782
345783
345784
345785
345786
345787
345788
345789
345790
345791
345792
345793
345794
345795
345796
345797
345798
345799
345800
345801
345802
345803
345804
345805
345806
345807
345808
345809
345810
345811
345812
345813
345814
345815
345816
345817
345818
345819
345820
345821
345822
345823
345824
345825
345826
345827
345828
345829
345830
345831
345832
345833
345834
345835
345836
345837
345838
345839
345840
345841
345842
345843
345844
345845
345846
345847
345848
345849
345850
345851
345852
345853
345854
345855
345856
345857
345858
345859
345860
345861
345862
345863
345864
345865
345866
345867
345868
345869
345870
345871
345872
345873
345874
345875
345876
345877
345878
345879
345880
345881
345882
345883
345884
345885
345886
345887
345888
345889
345890
345891
345892
345893
345894
345895
345896
345897
345898
345899
345900
345901
345902
345903
345904
345905
345906
345907
345908
345909
345910
345911
345912
345913
345914
345915
345916
345917
345918
345919
345920
345921
345922
345923
345924
345925
345926
345927
345928
345929
345930
345931
345932
345933
345934
345935
345936
345937
345938
345939
345940
345941
345942
345943
345944
345945
345946
345947
345948
345949
345950
345951
345952
345953
345954
345955
345956
345957
345958
345959
345960
345961
345962
345963
345964
345965
345966
345967
345968
345969
345970
345971
345972
345973
345974
345975
345976
345977
345978
345979
345980
345981
345982
345983
345984
345985
345986
345987
345988
345989
345990
345991
345992
345993
345994
345995
345996
345997
345998
345999
346000
346001
346002
346003
346004
346005
346006
346007
346008
346009
346010
346011
346012
346013
346014
346015
346016
346017
346018
346019
346020
346021
346022
346023
346024
346025
346026
346027
346028
346029
346030
346031
346032
346033
346034
346035
346036
346037
346038
346039
346040
346041
346042
346043
346044
346045
346046
346047
346048
346049
346050
346051
346052
346053
346054
346055
346056
346057
346058
346059
346060
346061
346062
346063
346064
346065
346066
346067
346068
346069
346070
346071
346072
346073
346074
346075
346076
346077
346078
346079
346080
346081
346082
346083
346084
346085
346086
346087
346088
346089
346090
346091
346092
346093
346094
346095
346096
346097
346098
346099
346100
346101
346102
346103
346104
346105
346106
346107
346108
346109
346110
346111
346112
346113
346114
346115
346116
346117
346118
346119
346120
346121
346122
346123
346124
346125
346126
346127
346128
346129
346130
346131
346132
346133
346134
346135
346136
346137
346138
346139
346140
346141
346142
346143
346144
346145
346146
346147
346148
346149
346150
346151
346152
346153
346154
346155
346156
346157
346158
346159
346160
346161
346162
346163
346164
346165
346166
346167
346168
346169
346170
346171
346172
346173
346174
346175
346176
346177
346178
346179
346180
346181
346182
346183
346184
346185
346186
346187
346188
346189
346190
346191
346192
346193
346194
346195
346196
346197
346198
346199
346200
346201
346202
346203
346204
346205
346206
346207
346208
346209
346210
346211
346212
346213
346214
346215
346216
346217
346218
346219
346220
346221
346222
346223
346224
346225
346226
346227
346228
346229
346230
346231
346232
346233
346234
346235
346236
346237
346238
346239
346240
346241
346242
346243
346244
346245
346246
346247
346248
346249
346250
346251
346252
346253
346254
346255
346256
346257
346258
346259
346260
346261
346262
346263
346264
346265
346266
346267
346268
346269
346270
346271
346272
346273
346274
346275
346276
346277
346278
346279
346280
346281
346282
346283
346284
346285
346286
346287
346288
346289
346290
346291
346292
346293
346294
346295
346296
346297
346298
346299
346300
346301
346302
346303
346304
346305
346306
346307
346308
346309
346310
346311
346312
346313
346314
346315
346316
346317
346318
346319
346320
346321
346322
346323
346324
346325
346326
346327
346328
346329
346330
346331
346332
346333
346334
346335
346336
346337
346338
346339
346340
346341
346342
346343
346344
346345
346346
346347
346348
346349
346350
346351
346352
346353
346354
346355
346356
346357
346358
346359
346360
346361
346362
346363
346364
346365
346366
346367
346368
346369
346370
346371
346372
346373
346374
346375
346376
346377
346378
346379
346380
346381
346382
346383
346384
346385
346386
346387
346388
346389
346390
346391
346392
346393
346394
346395
346396
346397
346398
346399
346400
346401
346402
346403
346404
346405
346406
346407
346408
346409
346410
346411
346412
346413
346414
346415
346416
346417
346418
346419
346420
346421
346422
346423
346424
346425
346426
346427
346428
346429
346430
346431
346432
346433
346434
346435
346436
346437
346438
346439
346440
346441
346442
346443
346444
346445
346446
346447
346448
346449
346450
346451
346452
346453
346454
346455
346456
346457
346458
346459
346460
346461
346462
346463
346464
346465
346466
346467
346468
346469
346470
346471
346472
346473
346474
346475
346476
346477
346478
346479
346480
346481
346482
346483
346484
346485
346486
346487
346488
346489
346490
346491
346492
346493
346494
346495
346496
346497
346498
346499
346500
346501
346502
346503
346504
346505
346506
346507
346508
346509
346510
346511
346512
346513
346514
346515
346516
346517
346518
346519
346520
346521
346522
346523
346524
346525
346526
346527
346528
346529
346530
346531
346532
346533
346534
346535
346536
346537
346538
346539
346540
346541
346542
346543
346544
346545
346546
346547
346548
346549
346550
346551
346552
346553
346554
346555
346556
346557
346558
346559
346560
346561
346562
346563
346564
346565
346566
346567
346568
346569
346570
346571
346572
346573
346574
346575
346576
346577
346578
346579
346580
346581
346582
346583
346584
346585
346586
346587
346588
346589
346590
346591
346592
346593
346594
346595
346596
346597
346598
346599
346600
346601
346602
346603
346604
346605
346606
346607
346608
346609
346610
346611
346612
346613
346614
346615
346616
346617
346618
346619
346620
346621
346622
346623
346624
346625
346626
346627
346628
346629
346630
346631
346632
346633
346634
346635
346636
346637
346638
346639
346709
346710
346711
346712
346713
346714
346715
346716
346717
346718
346719
352000
352001
352002
352003
352004
352005
352006
352007
352008
352009
352010
352011
352012
352013
352014
352015
352016
352017
352018
352019
352020
352021
352022
352023
352024
352025
352026
352027
352028
352029
352030
352031
352032
352033
352034
352035
352036
352037
352038
352039
352040
352041
352042
352043
352044
352045
352046
352047
352048
352049
352050
352051
352052
352053
352054
352055
352056
352057
352058
352059
352060
352061
352062
352063
352064
352065
352066
352067
352068
352069
352070
352071
352072
352073
352074
352075
352076
352077
352078
352079
352080
352081
352082
352083
352084
352085
352086
352087
352088
352089
352090
352091
352092
352093
352094
352095
352096
352097
352098
352099
352100
352101
352102
352103
352104
352105
352106
352107
352108
352109
352110
352111
352112
352113
352114
352115
352116
352117
352118
352119
352120
352121
352122
352123
352124
352125
352126
352127
352128
352129
352130
352131
352132
352133
352134
352135
352136
352137
352138
352139
352140
352141
352142
352143
352144
352145
352146
352147
352148
352149
352150
352151
352152
352153
352154
352155
352156
352157
352158
352159
352160
352161
352162
352163
352164
352165
352166
352167
352168
352169
352170
352171
352172
352173
352174
352175
352176
352177
352178
352179
352180
352181
352182
352183
352184
352185
352186
352187
352188
352189
352190
352191
352192
352193
352194
352195
352196
352197
352198
352199
352200
352201
352202
352203
352204
352205
352206
352207
352208
352209
352210
352211
352212
352213
352214
352215
352216
352217
352218
352219
352220
352221
352222
352223
352224
352225
352226
352227
352228
352229
352230
352231
352232
352233
352234
352235
352236
352237
352238
352239
352240
352241
352242
352243
352244
352245
352246
352247
352248
352249
352250
352251
352252
352253
352254
352255
352256
352257
352258
352259
352260
352261
352262
352263
352264
352265
352266
352267
352268
352269
352270
352271
352272
352273
352274
352275
352276
352277
352278
352279
352280
352281
352282
352283
352284
352285
352286
352287
352288
352289
352290
352291
352292
352293
352294
352295
352296
352297
352298
352299
352300
352301
352302
352303
352304
352305
352306
352307
352308
352309
352310
352311
352312
352313
352314
352315
352316
352317
352318
352319
352320
352321
352322
352323
352324
352325
352326
352327
352328
352329
352330
352331
352332
352333
352334
352335
352336
352337
352338
352339
352340
352341
352342
352343
352344
352345
352346
352347
352348
352349
352350
352351
352352
352353
352354
352355
352356
352357
352358
352359
352360
352361
352362
352363
352364
352365
352366
352367
352368
352369
352370
352371
352372
352373
352374
352375
352376
352377
352378
352379
352380
352381
352382
352383
352384
352385
352386
352387
352388
352389
352390
352391
352392
352393
352394
352395
352396
352397
352398
352399
352400
352401
352402
352403
352404
352405
352406
352407
352408
352409
352410
352411
352412
352413
352414
352415
352416
352417
352418
352419
352420
352421
352422
352423
352424
352425
352426
352427
352428
352429
352430
352431
352432
352433
352434
352435
352436
352437
352438
352439
352440
352441
352442
352443
352444
352445
352446
352447
352448
352449
352450
352451
352452
352453
352454
352455
352456
352457
352458
352459
352460
352461
352462
352463
352464
352465
352466
352467
352468
352469
352470
352471
352472
352473
352474
352475
352476
352477
352478
352479
352480
352481
352482
352483
352484
352485
352486
352487
352488
352489
352490
352491
352492
352493
352494
352495
352496
352497
352498
352499
352500
352501
352502
352503
352504
352505
352506
352507
352508
352509
352510
352511
352512
352513
352514
352515
352516
352517
352518
352519
352520
352521
352522
352523
352524
352525
352526
352527
352528
352529
352530
352531
352532
352533
352534
352535
352536
352537
352538
352539
352540
352541
352542
352543
352544
352545
352546
352547
352548
352549
352550
352551
352552
352553
352554
352555
352556
352557
352558
352559
352560
352561
352562
352563
352564
352565
352566
352567
352568
352569
352570
352571
352572
352573
352574
352575
352576
352577
352578
352579
352580
352581
352582
352583
352584
352585
352586
352587
352588
352589
352590
352591
352592
352593
352594
352595
352596
352597
352598
352599
352600
352601
352602
352603
352604
352605
352606
352607
352608
352609
352610
352611
352612
352613
352614
352615
352616
352617
352618
352619
352620
352621
352622
352623
352624
352625
352626
352627
352628
352629
352630
352631
352632
352633
352634
352635
352636
352637
352638
352639
352640
352641
352642
352643
352644
352645
352646
352647
352648
352649
352650
352651
352652
352653
352654
352655
352656
352657
352658
352659
352660
352661
352662
352663
352664
352665
352666
352667
352668
352669
352670
352671
352672
352673
352674
352675
352676
352677
352678
352679
352680
352681
352682
352683
352684
352685
352686
352687
352688
352689
352690
352691
352692
352693
352694
352695
352696
352697
352698
352699
352700
352701
352702
352703
352704
352705
352706
352707
352708
352709
352710
352711
352712
352713
352714
352715
352716
352717
352718
352719
352720
352721
352722
352723
352724
352725
352726
352727
352728
352729
352730
352731
352732
352733
352734
352735
352736
352737
352738
352739
352740
352741
352742
352743
352744
352745
352746
352747
352748
352749
352750
352751
352752
352753
352754
352755
352756
352757
352758
352759
352760
352761
352762
352763
352764
352765
352766
352767
352768
352769
352770
352771
352772
352773
352774
352775
352776
352777
352778
352779
352780
352781
352782
352783
352784
352785
352786
352787
352788
352789
352790
352791
352792
352793
352794
352795
352796
352797
352798
352799
352800
352801
352802
352803
352804
352805
352806
352807
352808
352809
352810
352811
352812
352813
352814
352815
352816
352817
352818
352819
352820
352821
352822
352823
352824
352825
352826
352827
352828
352829
352830
352831
352832
352833
352834
352835
352836
352837
352838
352839
352840
352841
352842
352843
352844
352845
352846
352847
352848
352849
352850
352851
352852
352853
352854
352855
352856
352857
352858
352859
352860
352861
352862
352863
352864
352865
352866
352867
352868
352869
352870
352871
352872
352873
352874
352875
352876
352877
352878
352879
352880
352881
352882
352883
352884
352885
352886
352887
352888
352889
352890
352891
352892
352893
352894
352895
352896
352897
352898
352899
352900
352901
352902
352903
352904
352905
352906
352907
352908
352909
352910
352911
352912
352913
352914
352915
352916
352917
352918
352919
352920
352921
352922
352923
352924
352925
352926
352927
352928
352929
352930
352931
352932
352933
352934
352935
352936
352937
352938
352939
352940
352941
352942
352943
352944
352945
352946
352947
352948
352949
352950
352951
352952
352953
352954
352955
352956
352957
352958
352959
352960
352961
352962
352963
352964
352965
352966
352967
352968
352969
352970
352971
352972
352973
352974
352975
352976
352977
352978
352979
352980
352981
352982
352983
352984
352985
352986
352987
352988
352989
352990
352991
352992
352993
352994
352995
352996
352997
352998
352999
353000
353001
353002
353003
353004
353005
353006
353007
353008
353009
353010
353011
353012
353013
353014
353015
353016
353017
353018
353019
353020
353021
353022
353023
353024
353025
353026
353027
353028
353029
353030
353031
353032
353033
353034
353035
353036
353037
353038
353039
353110
353111
353112
353113
353114
353115
353116
353117
353118
353119
358400
358401
358402
358403
358404
358405
358406
358407
358408
358409
358410
358411
358412
358413
358414
358415
358416
358417
358418
358419
358420
358421
358422
358423
358424
358425
358426
358427
358428
358429
358430
358431
358432
358433
358434
358435
358436
358437
358438
358439
358440
358441
358442
358443
358444
358445
358446
358447
358448
358449
358450
358451
358452
358453
358454
358455
358456
358457
358458
358459
358460
358461
358462
358463
358464
358465
358466
358467
358468
358469
358470
358471
358472
358473
358474
358475
358476
358477
358478
358479
358480
358481
358482
358483
358484
358485
358486
358487
358488
358489
358490
358491
358492
358493
358494
358495
358496
358497
358498
358499
358500
358501
358502
358503
358504
358505
358506
358507
358508
358509
358510
358511
358512
358513
358514
358515
358516
358517
358518
358519
358520
358521
358522
358523
358524
358525
358526
358527
358528
358529
358530
358531
358532
358533
358534
358535
358536
358537
358538
358539
358540
358541
358542
358543
358544
358545
358546
358547
358548
358549
358550
358551
358552
358553
358554
358555
358556
358557
358558
358559
358560
358561
358562
358563
358564
358565
358566
358567
358568
358569
358570
358571
358572
358573
358574
358575
358576
358577
358578
358579
358580
358581
358582
358583
358584
358585
358586
358587
358588
358589
358590
358591
358592
358593
358594
358595
358596
358597
358598
358599
358600
358601
358602
358603
358604
358605
358606
358607
358608
358609
358610
358611
358612
358613
358614
358615
358616
358617
358618
358619
358620
358621
358622
358623
358624
358625
358626
358627
358628
358629
358630
358631
358632
358633
358634
358635
358636
358637
358638
358639
358640
358641
358642
358643
358644
358645
358646
358647
358648
358649
358650
358651
358652
358653
358654
358655
358656
358657
358658
358659
358660
358661
358662
358663
358664
358665
358666
358667
358668
358669
358670
358671
358672
358673
358674
358675
358676
358677
358678
358679
358680
358681
358682
358683
358684
358685
358686
358687
358688
358689
358690
358691
358692
358693
358694
358695
358696
358697
358698
358699
358700
358701
358702
358703
358704
358705
358706
358707
358708
358709
358710
358711
358712
358713
358714
358715
358716
358717
358718
358719
358720
358721
358722
358723
358724
358725
358726
358727
358728
358729
358730
358731
358732
358733
358734
358735
358736
358737
358738
358739
358740
358741
358742
358743
358744
358745
358746
358747
358748
358749
358750
358751
358752
358753
358754
358755
358756
358757
358758
358759
358760
358761
358762
358763
358764
358765
358766
358767
358768
358769
358770
358771
358772
358773
358774
358775
358776
358777
358778
358779
358780
358781
358782
358783
358784
358785
358786
358787
358788
358789
358790
358791
358792
358793
358794
358795
358796
358797
358798
358799
358800
358801
358802
358803
358804
358805
358806
358807
358808
358809
358810
358811
358812
358813
358814
358815
358816
358817
358818
358819
358820
358821
358822
358823
358824
358825
358826
358827
358828
358829
358830
358831
358832
358833
358834
358835
358836
358837
358838
358839
358840
358841
358842
358843
358844
358845
358846
358847
358848
358849
358850
358851
358852
358853
358854
358855
358856
358857
358858
358859
358860
358861
358862
358863
358864
358865
358866
358867
358868
358869
358870
358871
358872
358873
358874
358875
358876
358877
358878
358879
358880
358881
358882
358883
358884
358885
358886
358887
358888
358889
358890
358891
358892
358893
358894
358895
358896
358897
358898
358899
358900
358901
358902
358903
358904
358905
358906
358907
358908
358909
358910
358911
358912
358913
358914
358915
358916
358917
358918
358919
358920
358921
358922
358923
358924
358925
358926
358927
358928
358929
358930
358931
358932
358933
358934
358935
358936
358937
358938
358939
358940
358941
358942
358943
358944
358945
358946
358947
358948
358949
358950
358951
358952
358953
358954
358955
358956
358957
358958
358959
358960
358961
358962
358963
358964
358965
358966
358967
358968
358969
358970
358971
358972
358973
358974
358975
358976
358977
358978
358979
358980
358981
358982
358983
358984
358985
358986
358987
358988
358989
358990
358991
358992
358993
358994
358995
358996
358997
358998
358999
359000
359001
359002
359003
359004
359005
359006
359007
359008
359009
359010
359011
359012
359013
359014
359015
359016
359017
359018
359019
359020
359021
359022
359023
359024
359025
359026
359027
359028
359029
359030
359031
359032
359033
359034
359035
359036
359037
359038
359039
359040
359041
359042
359043
359044
359045
359046
359047
359048
359049
359050
359051
359052
359053
359054
359055
359056
359057
359058
359059
359060
359061
359062
359063
359064
359065
359066
359067
359068
359069
359070
359071
359072
359073
359074
359075
359076
359077
359078
359079
359080
359081
359082
359083
359084
359085
359086
359087
359088
359089
359090
359091
359092
359093
359094
359095
359096
359097
359098
359099
359100
359101
359102
359103
359104
359105
359106
359107
359108
359109
359110
359111
359112
359113
359114
359115
359116
359117
359118
359119
359120
359121
359122
359123
359124
359125
359126
359127
359128
359129
359130
359131
359132
359133
359134
359135
359136
359137
359138
359139
359140
359141
359142
359143
359144
359145
359146
359147
359148
359149
359150
359151
359152
359153
359154
359155
359156
359157
359158
359159
359160
359161
359162
359163
359164
359165
359166
359167
359168
359169
359170
359171
359172
359173
359174
359175
359176
359177
359178
359179
359180
359181
359182
359183
359184
359185
359186
359187
359188
359189
359190
359191
359192
359193
359194
359195
359196
359197
359198
359199
359200
359201
359202
359203
359204
359205
359206
359207
359208
359209
359210
359211
359212
359213
359214
359215
359216
359217
359218
359219
359220
359221
359222
359223
359224
359225
359226
359227
359228
359229
359230
359231
359232
359233
359234
359235
359236
359237
359238
359239
359240
359241
359242
359243
359244
359245
359246
359247
359248
359249
359250
359251
359252
359253
359254
359255
359256
359257
359258
359259
359260
359261
359262
359263
359264
359265
359266
359267
359268
359269
359270
359271
359272
359273
359274
359275
359276
359277
359278
359279
359280
359281
359282
359283
359284
359285
359286
359287
359288
359289
359290
359291
359292
359293
359294
359295
359296
359297
359298
359299
359300
359301
359302
359303
359304
359305
359306
359307
359308
359309
359310
359311
359312
359313
359314
359315
359316
359317
359318
359319
359320
359321
359322
359323
359324
359325
359326
359327
359328
359329
359330
359331
359332
359333
359334
359335
359336
359337
359338
359339
359340
359341
359342
359343
359344
359345
359346
359347
359348
359349
359350
359351
359352
359353
359354
359355
359356
359357
359358
359359
359360
359361
359362
359363
359364
359365
359366
359367
359368
359369
359370
359371
359372
359373
359374
359375
359376
359377
359378
359379
359380
359381
359382
359383
359384
359385
359386
359387
359388
359389
359390
359391
359392
359393
359394
359395
359396
359397
359398
359399
359400
359401
359402
359403
359404
359405
359406
359407
359408
359409
359410
359411
359412
359413
359414
359415
359416
359417
359418
359419
359420
359421
359422
359423
359424
359425
359426
359427
359428
359429
359430
359431
359432
359433
359434
359435
359436
359437
359438
359439
359511
359512
359513
359514
359515
359516
359517
359518
359519
364800
364801
364802
364803
364804
364805
364806
364807
364808
364809
364810
364811
364812
364813
364814
364815
364816
364817
364818
364819
364820
364821
364822
364823
364824
364825
364826
364827
364828
364829
364830
364831
364832
364833
364834
364835
364836
364837
364838
364839
364840
364841
364842
364843
364844
364845
364846
364847
364848
364849
364850
364851
364852
364853
364854
364855
364856
364857
364858
364859
364860
364861
364862
364863
364864
364865
364866
364867
364868
364869
364870
364871
364872
364873
364874
364875
364876
364877
364878
364879
364880
364881
364882
364883
364884
364885
364886
364887
364888
364889
364890
364891
364892
364893
364894
364895
364896
364897
364898
364899
364900
364901
364902
364903
364904
364905
364906
364907
364908
364909
364910
364911
364912
364913
364914
364915
364916
364917
364918
364919
364920
364921
364922
364923
364924
364925
364926
364927
364928
364929
364930
364931
364932
364933
364934
364935
364936
364937
364938
364939
364940
364941
364942
364943
364944
364945
364946
364947
364948
364949
364950
364951
364952
364953
364954
364955
364956
364957
364958
364959
364960
364961
364962
364963
364964
364965
364966
364967
364968
364969
364970
364971
364972
364973
364974
364975
364976
364977
364978
364979
364980
364981
364982
364983
364984
364985
364986
364987
364988
364989
364990
364991
364992
364993
364994
364995
364996
364997
364998
364999
365000
365001
365002
365003
365004
365005
365006
365007
365008
365009
365010
365011
365012
365013
365014
365015
365016
365017
365018
365019
365020
365021
365022
365023
365024
365025
365026
365027
365028
365029
365030
365031
365032
365033
365034
365035
365036
365037
365038
365039
365040
365041
365042
365043
365044
365045
365046
365047
365048
365049
365050
365051
365052
365053
365054
365055
365056
365057
365058
365059
365060
365061
365062
365063
365064
365065
365066
365067
365068
365069
365070
365071
365072
365073
365074
365075
365076
365077
365078
365079
365080
365081
365082
365083
365084
365085
365086
365087
365088
365089
365090
365091
365092
365093
365094
365095
365096
365097
365098
365099
365100
365101
365102
365103
365104
365105
365106
365107
365108
365109
365110
365111
365112
365113
365114
365115
365116
365117
365118
365119
365120
365121
365122
365123
365124
365125
365126
365127
365128
365129
365130
365131
365132
365133
365134
365135
365136
365137
365138
365139
365140
365141
365142
365143
365144
365145
365146
365147
365148
365149
365150
365151
365152
365153
365154
365155
365156
365157
365158
365159
365160
365161
365162
365163
365164
365165
365166
365167
365168
365169
365170
365171
365172
365173
365174
365175
365176
365177
365178
365179
365180
365181
365182
365183
365184
365185
365186
365187
365188
365189
365190
365191
365192
365193
365194
365195
365196
365197
365198
365199
365200
365201
365202
365203
365204
365205
365206
365207
365208
365209
365210
365211
365212
365213
365214
365215
365216
365217
365218
365219
365220
365221
365222
365223
365224
365225
365226
365227
365228
365229
365230
365231
365232
365233
365234
365235
365236
365237
365238
365239
365240
365241
365242
365243
365244
365245
365246
365247
365248
365249
365250
365251
365252
365253
365254
365255
365256
365257
365258
365259
365260
365261
365262
365263
365264
365265
365266
365267
365268
365269
365270
365271
365272
365273
365274
365275
365276
365277
365278
365279
365280
365281
365282
365283
365284
365285
365286
365287
365288
365289
365290
365291
365292
365293
365294
365295
365296
365297
365298
365299
365300
365301
365302
365303
365304
365305
365306
365307
365308
365309
365310
365311
365312
365313
365314
365315
365316
365317
365318
365319
365320
365321
365322
365323
365324
365325
365326
365327
365328
365329
365330
365331
365332
365333
365334
365335
365336
365337
365338
365339
365340
365341
365342
365343
365344
365345
365346
365347
365348
365349
365350
365351
365352
365353
365354
365355
365356
365357
365358
365359
365360
365361
365362
365363
365364
365365
365366
365367
365368
365369
365370
365371
365372
365373
365374
365375
365376
365377
365378
365379
365380
365381
365382
365383
365384
365385
365386
365387
365388
365389
365390
365391
365392
365393
365394
365395
365396
365397
365398
365399
365400
365401
365402
365403
365404
365405
365406
365407
365408
365409
365410
365411
365412
365413
365414
365415
365416
365417
365418
365419
365420
365421
365422
365423
365424
365425
365426
365427
365428
365429
365430
365431
365432
365433
365434
365435
365436
365437
365438
365439
365440
365441
365442
365443
365444
365445
365446
365447
365448
365449
365450
365451
365452
365453
365454
365455
365456
365457
365458
365459
365460
365461
365462
365463
365464
365465
365466
365467
365468
365469
365470
365471
365472
365473
365474
365475
365476
365477
365478
365479
365480
365481
365482
365483
365484
365485
365486
365487
365488
365489
365490
365491
365492
365493
365494
365495
365496
365497
365498
365499
365500
365501
365502
365503
365504
365505
365506
365507
365508
365509
365510
365511
365512
365513
365514
365515
365516
365517
365518
365519
365520
365521
365522
365523
365524
365525
365526
365527
365528
365529
365530
365531
365532
365533
365534
365535
365536
365537
365538
365539
365540
365541
365542
365543
365544
365545
365546
365547
365548
365549
365550
365551
365552
365553
365554
365555
365556
365557
365558
365559
365560
365561
365562
365563
365564
365565
365566
365567
365568
365569
365570
365571
365572
365573
365574
365575
365576
365577
365578
365579
365580
365581
365582
365583
365584
365585
365586
365587
365588
365589
365590
365591
365592
365593
365594
365595
365596
365597
365598
365599
365600
365601
365602
365603
365604
365605
365606
365607
365608
365609
365610
365611
365612
365613
365614
365615
365616
365617
365618
365619
365620
365621
365622
365623
365624
365625
365626
365627
365628
365629
365630
365631
365632
365633
365634
365635
365636
365637
365638
365639
365640
365641
365642
365643
365644
365645
365646
365647
365648
365649
365650
365651
365652
365653
365654
365655
365656
365657
365658
365659
365660
365661
365662
365663
365664
365665
365666
365667
365668
365669
365670
365671
365672
365673
365674
365675
365676
365677
365678
365679
365680
365681
365682
365683
365684
365685
365686
365687
365688
365689
365690
365691
365692
365693
365694
365695
365696
365697
365698
365699
365700
365701
365702
365703
365704
365705
365706
365707
365708
365709
365710
365711
365712
365713
365714
365715
365716
365717
365718
365719
365720
365721
365722
365723
365724
365725
365726
365727
365728
365729
365730
365731
365732
365733
365734
365735
365736
365737
365738
365739
365740
365741
365742
365743
365744
365745
365746
365747
365748
365749
365750
365751
365752
365753
365754
365755
365756
365757
365758
365759
365760
365761
365762
365763
365764
365765
365766
365767
365768
365769
365770
365771
365772
365773
365774
365775
365776
365777
365778
365779
365780
365781
365782
365783
365784
365785
365786
365787
365788
365789
365790
365791
365792
365793
365794
365795
365796
365797
365798
365799
365800
365801
365802
365803
365804
365805
365806
365807
365808
365809
365810
365811
365812
365813
365814
365815
365816
365817
365818
365819
365820
365821
365822
365823
365824
365825
365826
365827
365828
365829
365830
365831
365832
365833
365834
365835
365836
365837
365838
365839
365912
365913
365914
365915
365916
365917
365918
365919
371200
371201
371202
371203
371204
371205
371206
371207
371208
371209
371210
371211
371212
371213
371214
371215
371216
371217
371218
371219
371220
371221
371222
371223
371224
371225
371226
371227
371228
371229
371230
371231
371232
371233
371234
371235
371236
371237
371238
371239
371240
371241
371242
371243
371244
371245
371246
371247
371248
371249
371250
371251
371252
371253
371254
371255
371256
371257
371258
371259
371260
371261
371262
371263
371264
371265
371266
371267
371268
371269
371270
371271
371272
371273
371274
371275
371276
371277
371278
371279
371280
371281
371282
371283
371284
371285
371286
371287
371288
371289
371290
371291
371292
371293
371294
371295
371296
371297
371298
371299
371300
371301
371302
371303
371304
371305
371306
371307
371308
371309
371310
371311
371312
371313
371314
371315
371316
371317
371318
371319
371320
371321
371322
371323
371324
371325
371326
371327
371328
371329
371330
371331
371332
371333
371334
371335
371336
371337
371338
371339
371340
371341
371342
371343
371344
371345
371346
371347
371348
371349
371350
371351
371352
371353
371354
371355
371356
371357
371358
371359
371360
371361
371362
371363
371364
371365
371366
371367
371368
371369
371370
371371
371372
371373
371374
371375
371376
371377
371378
371379
371380
371381
371382
371383
371384
371385
371386
371387
371388
371389
371390
371391
371392
371393
371394
371395
371396
371397
371398
371399
371400
371401
371402
371403
371404
371405
371406
371407
371408
371409
371410
371411
371412
371413
371414
371415
371416
371417
371418
371419
371420
371421
371422
371423
371424
371425
371426
371427
371428
371429
371430
371431
371432
371433
371434
371435
371436
371437
371438
371439
371440
371441
371442
371443
371444
371445
371446
371447
371448
371449
371450
371451
371452
371453
371454
371455
371456
371457
371458
371459
371460
371461
371462
371463
371464
371465
371466
371467
371468
371469
371470
371471
371472
371473
371474
371475
371476
371477
371478
371479
371480
371481
371482
371483
371484
371485
371486
371487
371488
371489
371490
371491
371492
371493
371494
371495
371496
371497
371498
371499
371500
371501
371502
371503
371504
371505
371506
371507
371508
371509
371510
371511
371512
371513
371514
371515
371516
371517
371518
371519
371520
371521
371522
371523
371524
371525
371526
371527
371528
371529
371530
371531
371532
371533
371534
371535
371536
371537
371538
371539
371540
371541
371542
371543
371544
371545
371546
371547
371548
371549
371550
371551
371552
371553
371554
371555
371556
371557
371558
371559
371560
371561
371562
371563
371564
371565
371566
371567
371568
371569
371570
371571
371572
371573
371574
371575
371576
371577
371578
371579
371580
371581
371582
371583
371584
371585
371586
371587
371588
371589
371590
371591
371592
371593
371594
371595
371596
371597
371598
371599
371600
371601
371602
371603
371604
371605
371606
371607
371608
371609
371610
371611
371612
371613
371614
371615
371616
371617
371618
371619
371620
371621
371622
371623
371624
371625
371626
371627
371628
371629
371630
371631
371632
371633
371634
371635
371636
371637
371638
371639
371640
371641
371642
371643
371644
371645
371646
371647
371648
371649
371650
371651
371652
371653
371654
371655
371656
371657
371658
371659
371660
371661
371662
371663
371664
371665
371666
371667
371668
371669
371670
371671
371672
371673
371674
371675
371676
371677
371678
371679
371680
371681
371682
371683
371684
371685
371686
371687
371688
371689
371690
371691
371692
371693
371694
371695
371696
371697
371698
371699
371700
371701
371702
371703
371704
371705
371706
371707
371708
371709
371710
371711
371712
371713
371714
371715
371716
371717
371718
371719
371720
371721
371722
371723
371724
371725
371726
371727
371728
371729
371730
371731
371732
371733
371734
371735
371736
371737
371738
371739
371740
371741
371742
371743
371744
371745
371746
371747
371748
371749
371750
371751
371752
371753
371754
371755
371756
371757
371758
371759
371760
371761
371762
371763
371764
371765
371766
371767
371768
371769
371770
371771
371772
371773
371774
371775
371776
371777
371778
371779
371780
371781
371782
371783
371784
371785
371786
371787
371788
371789
371790
371791
371792
371793
371794
371795
371796
371797
371798
371799
371800
371801
371802
371803
371804
371805
371806
371807
371808
371809
371810
371811
371812
371813
371814
371815
371816
371817
371818
371819
371820
371821
371822
371823
371824
371825
371826
371827
371828
371829
371830
371831
371832
371833
371834
371835
371836
371837
371838
371839
371840
371841
371842
371843
371844
371845
371846
371847
371848
371849
371850
371851
371852
371853
371854
371855
371856
371857
371858
371859
371860
371861
371862
371863
371864
371865
371866
371867
371868
371869
371870
371871
371872
371873
371874
371875
371876
371877
371878
371879
371880
371881
371882
371883
371884
371885
371886
371887
371888
371889
371890
371891
371892
371893
371894
371895
371896
371897
371898
371899
371900
371901
371902
371903
371904
371905
371906
371907
371908
371909
371910
371911
371912
371913
371914
371915
371916
371917
371918
371919
371920
371921
371922
371923
371924
371925
371926
371927
371928
371929
371930
371931
371932
371933
371934
371935
371936
371937
371938
371939
371940
371941
371942
371943
371944
371945
371946
371947
371948
371949
371950
371951
371952
371953
371954
371955
371956
371957
371958
371959
371960
371961
371962
371963
371964
371965
371966
371967
371968
371969
371970
371971
371972
371973
371974
371975
371976
371977
371978
371979
371980
371981
371982
371983
371984
371985
371986
371987
371988
371989
371990
371991
371992
371993
371994
371995
371996
371997
371998
371999
372000
372001
372002
372003
372004
372005
372006
372007
372008
372009
372010
372011
372012
372013
372014
372015
372016
372017
372018
372019
372020
372021
372022
372023
372024
372025
372026
372027
372028
372029
372030
372031
372032
372033
372034
372035
372036
372037
372038
372039
372040
372041
372042
372043
372044
372045
372046
372047
372048
372049
372050
372051
372052
372053
372054
372055
372056
372057
372058
372059
372060
372061
372062
372063
372064
372065
372066
372067
372068
372069
372070
372071
372072
372073
372074
372075
372076
372077
372078
372079
372080
372081
372082
372083
372084
372085
372086
372087
372088
372089
372090
372091
372092
372093
372094
372095
372096
372097
372098
372099
372100
372101
372102
372103
372104
372105
372106
372107
372108
372109
372110
372111
372112
372113
372114
372115
372116
372117
372118
372119
372120
372121
372122
372123
372124
372125
372126
372127
372128
372129
372130
372131
372132
372133
372134
372135
372136
372137
372138
372139
372140
372141
372142
372143
372144
372145
372146
372147
372148
372149
372150
372151
372152
372153
372154
372155
372156
372157
372158
372159
372160
372161
372162
372163
372164
372165
372166
372167
372168
372169
372170
372171
372172
372173
372174
372175
372176
372177
372178
372179
372180
372181
372182
372183
372184
372185
372186
372187
372188
372189
372190
372191
372192
372193
372194
372195
372196
372197
372198
372199
372200
372201
372202
372203
372204
372205
372206
372207
372208
372209
372210
372211
372212
372213
372214
372215
372216
372217
372218
372219
372220
372221
372222
372223
372224
372225
372226
372227
372228
372229
372230
372231
372232
372233
372234
372235
372236
372237
372238
372239
372313
372314
372315
372316
372317
372318
372319
377600
377601
377602
377603
377604
377605
377606
377607
377608
377609
377610
377611
377612
377613
377614
377615
377616
377617
377618
377619
377620
377621
377622
377623
377624
377625
377626
377627
377628
377629
377630
377631
377632
377633
377634
377635
377636
377637
377638
377639
377640
377641
377642
377643
377644
377645
377646
377647
377648
377649
377650
377651
377652
377653
377654
377655
377656
377657
377658
377659
377660
377661
377662
377663
377664
377665
377666
377667
377668
377669
377670
377671
377672
377673
377674
377675
377676
377677
377678
377679
377680
377681
377682
377683
377684
377685
377686
377687
377688
377689
377690
377691
377692
377693
377694
377695
377696
377697
377698
377699
377700
377701
377702
377703
377704
377705
377706
377707
377708
377709
377710
377711
377712
377713
377714
377715
377716
377717
377718
377719
377720
377721
377722
377723
377724
377725
377726
377727
377728
377729
377730
377731
377732
377733
377734
377735
377736
377737
377738
377739
377740
377741
377742
377743
377744
377745
377746
377747
377748
377749
377750
377751
377752
377753
377754
377755
377756
377757
377758
377759
377760
377761
377762
377763
377764
377765
377766
377767
377768
377769
377770
377771
377772
377773
377774
377775
377776
377777
377778
377779
377780
377781
377782
377783
377784
377785
377786
377787
377788
377789
377790
377791
377792
377793
377794
377795
377796
377797
377798
377799
377800
377801
377802
377803
377804
377805
377806
377807
377808
377809
377810
377811
377812
377813
377814
377815
377816
377817
377818
377819
377820
377821
377822
377823
377824
377825
377826
377827
377828
377829
377830
377831
377832
377833
377834
377835
377836
377837
377838
377839
377840
377841
377842
377843
377844
377845
377846
377847
377848
377849
377850
377851
377852
377853
377854
377855
377856
377857
377858
377859
377860
377861
377862
377863
377864
377865
377866
377867
377868
377869
377870
377871
377872
377873
377874
377875
377876
377877
377878
377879
377880
377881
377882
377883
377884
377885
377886
377887
377888
377889
377890
377891
377892
377893
377894
377895
377896
377897
377898
377899
377900
377901
377902
377903
377904
377905
377906
377907
377908
377909
377910
377911
377912
377913
377914
377915
377916
377917
377918
377919
377920
377921
377922
377923
377924
377925
377926
377927
377928
377929
377930
377931
377932
377933
377934
377935
377936
377937
377938
377939
377940
377941
377942
377943
377944
377945
377946
377947
377948
377949
377950
377951
377952
377953
377954
377955
377956
377957
377958
377959
377960
377961
377962
377963
377964
377965
377966
377967
377968
377969
377970
377971
377972
377973
377974
377975
377976
377977
377978
377979
377980
377981
377982
377983
377984
377985
377986
377987
377988
377989
377990
377991
377992
377993
377994
377995
377996
377997
377998
377999
378000
378001
378002
378003
378004
378005
378006
378007
378008
378009
378010
378011
378012
378013
378014
378015
378016
378017
378018
378019
378020
378021
378022
378023
378024
378025
378026
378027
378028
378029
378030
378031
378032
378033
378034
378035
378036
378037
378038
378039
378040
378041
378042
378043
378044
378045
378046
378047
378048
378049
378050
378051
378052
378053
378054
378055
378056
378057
378058
378059
378060
378061
378062
378063
378064
378065
378066
378067
378068
378069
378070
378071
378072
378073
378074
378075
378076
378077
378078
378079
378080
378081
378082
378083
378084
378085
378086
378087
378088
378089
378090
378091
378092
378093
378094
378095
378096
378097
378098
378099
378100
378101
378102
378103
378104
378105
378106
378107
378108
378109
378110
378111
378112
378113
378114
378115
378116
378117
378118
378119
378120
378121
378122
378123
378124
378125
378126
378127
378128
378129
378130
378131
378132
378133
378134
378135
378136
378137
378138
378139
378140
378141
378142
378143
378144
378145
378146
378147
378148
378149
378150
378151
378152
378153
378154
378155
378156
378157
378158
378159
378160
378161
378162
378163
378164
378165
378166
378167
378168
378169
378170
378171
378172
378173
378174
378175
378176
378177
378178
378179
378180
378181
378182
378183
378184
378185
378186
378187
378188
378189
378190
378191
378192
378193
378194
378195
378196
378197
378198
378199
378200
378201
378202
378203
378204
378205
378206
378207
378208
378209
378210
378211
378212
378213
378214
378215
378216
378217
378218
378219
378220
378221
378222
378223
378224
378225
378226
378227
378228
378229
378230
378231
378232
378233
378234
378235
378236
378237
378238
378239
378240
378241
378242
378243
378244
378245
378246
378247
378248
378249
378250
378251
378252
378253
378254
378255
378256
378257
378258
378259
378260
378261
378262
378263
378264
378265
378266
378267
378268
378269
378270
378271
378272
378273
378274
378275
378276
378277
378278
378279
378280
378281
378282
378283
378284
378285
378286
378287
378288
378289
378290
378291
378292
378293
378294
378295
378296
378297
378298
378299
378300
378301
378302
378303
378304
378305
378306
378307
378308
378309
378310
378311
378312
378313
378314
378315
378316
378317
378318
378319
378320
378321
378322
378323
378324
378325
378326
378327
378328
378329
378330
378331
378332
378333
378334
378335
378336
378337
378338
378339
378340
378341
378342
378343
378344
378345
378346
378347
378348
378349
378350
378351
378352
378353
378354
378355
378356
378357
378358
378359
378360
378361
378362
378363
378364
378365
378366
378367
378368
378369
378370
378371
378372
378373
378374
378375
378376
378377
378378
378379
378380
378381
378382
378383
378384
378385
378386
378387
378388
378389
378390
378391
378392
378393
378394
378395
378396
378397
378398
378399
378400
378401
378402
378403
378404
378405
378406
378407
378408
378409
378410
378411
378412
378413
378414
378415
378416
378417
378418
378419
378420
378421
378422
378423
378424
378425
378426
378427
378428
378429
378430
378431
378432
378433
378434
378435
378436
378437
378438
378439
378440
378441
378442
378443
378444
378445
378446
378447
378448
378449
378450
378451
378452
378453
378454
378455
378456
378457
378458
378459
378460
378461
378462
378463
378464
378465
378466
378467
378468
378469
378470
378471
378472
378473
378474
378475
378476
378477
378478
378479
378480
378481
378482
378483
378484
378485
378486
378487
378488
378489
378490
378491
378492
378493
378494
378495
378496
378497
378498
378499
378500
378501
378502
378503
378504
378505
378506
378507
378508
378509
378510
378511
378512
378513
378514
378515
378516
378517
378518
378519
378520
378521
378522
378523
378524
378525
378526
378527
378528
378529
378530
378531
378532
378533
378534
378535
378536
378537
378538
378539
378540
378541
378542
378543
378544
378545
378546
378547
378548
378549
378550
378551
378552
378553
378554
378555
378556
378557
378558
378559
378560
378561
378562
378563
378564
378565
378566
378567
378568
378569
378570
378571
378572
378573
378574
378575
378576
378577
378578
378579
378580
378581
378582
378583
378584
378585
378586
378587
378588
378589
378590
378591
378592
378593
378594
378595
378596
378597
378598
378599
378600
378601
378602
378603
378604
378605
378606
378607
378608
378609
378610
378611
378612
378613
378614
378615
378616
378617
378618
378619
378620
378621
378622
378623
378624
378625
378626
378627
378628
378629
378630
378631
378632
378633
378634
378635
378636
378637
378638
378639
378714
378715
378716
378717
378718
378719
384000
384001
384002
384003
384004
384005
384006
384007
384008
384009
384010
384011
384012
384013
384014
384015
384016
384017
384018
384019
384020
384021
384022
384023
384024
384025
384026
384027
384028
384029
384030
384031
384032
384033
384034
384035
384036
384037
384038
384039
384040
384041
384042
384043
384044
384045
384046
384047
384048
384049
384050
384051
384052
384053
384054
384055
384056
384057
384058
384059
384060
384061
384062
384063
384064
384065
384066
384067
384068
384069
384070
384071
384072
384073
384074
384075
384076
384077
384078
384079
384080
384081
384082
384083
384084
384085
384086
384087
384088
384089
384090
384091
384092
384093
384094
384095
384096
384097
384098
384099
384100
384101
384102
384103
384104
384105
384106
384107
384108
384109
384110
384111
384112
384113
384114
384115
384116
384117
384118
384119
384120
384121
384122
384123
384124
384125
384126
384127
384128
384129
384130
384131
384132
384133
384134
384135
384136
384137
384138
384139
384140
384141
384142
384143
384144
384145
384146
384147
384148
384149
384150
384151
384152
384153
384154
384155
384156
384157
384158
384159
384160
384161
384162
384163
384164
384165
384166
384167
384168
384169
384170
384171
384172
384173
384174
384175
384176
384177
384178
384179
384180
384181
384182
384183
384184
384185
384186
384187
384188
384189
384190
384191
384192
384193
384194
384195
384196
384197
384198
384199
384200
384201
384202
384203
384204
384205
384206
384207
384208
384209
384210
384211
384212
384213
384214
384215
384216
384217
384218
384219
384220
384221
384222
384223
384224
384225
384226
384227
384228
384229
384230
384231
384232
384233
384234
384235
384236
384237
384238
384239
384240
384241
384242
384243
384244
384245
384246
384247
384248
384249
384250
384251
384252
384253
384254
384255
384256
384257
384258
384259
384260
384261
384262
384263
384264
384265
384266
384267
384268
384269
384270
384271
384272
384273
384274
384275
384276
384277
384278
384279
384280
384281
384282
384283
384284
384285
384286
384287
384288
384289
384290
384291
384292
384293
384294
384295
384296
384297
384298
384299
384300
384301
384302
384303
384304
384305
384306
384307
384308
384309
384310
384311
384312
384313
384314
384315
384316
384317
384318
384319
384320
384321
384322
384323
384324
384325
384326
384327
384328
384329
384330
384331
384332
384333
384334
384335
384336
384337
384338
384339
384340
384341
384342
384343
384344
384345
384346
384347
384348
384349
384350
384351
384352
384353
384354
384355
384356
384357
384358
384359
384360
384361
384362
384363
384364
384365
384366
384367
384368
384369
384370
384371
384372
384373
384374
384375
384376
384377
384378
384379
384380
384381
384382
384383
384384
384385
384386
384387
384388
384389
384390
384391
384392
384393
384394
384395
384396
384397
384398
384399
384400
384401
384402
384403
384404
384405
384406
384407
384408
384409
384410
384411
384412
384413
384414
384415
384416
384417
384418
384419
384420
384421
384422
384423
384424
384425
384426
384427
384428
384429
384430
384431
384432
384433
384434
384435
384436
384437
384438
384439
384440
384441
384442
384443
384444
384445
384446
384447
384448
384449
384450
384451
384452
384453
384454
384455
384456
384457
384458
384459
384460
384461
384462
384463
384464
384465
384466
384467
384468
384469
384470
384471
384472
384473
384474
384475
384476
384477
384478
384479
384480
384481
384482
384483
384484
384485
384486
384487
384488
384489
384490
384491
384492
384493
384494
384495
384496
384497
384498
384499
384500
384501
384502
384503
384504
384505
384506
384507
384508
384509
384510
384511
384512
384513
384514
384515
384516
384517
384518
384519
384520
384521
384522
384523
384524
384525
384526
384527
384528
384529
384530
384531
384532
384533
384534
384535
384536
384537
384538
384539
384540
384541
384542
384543
384544
384545
384546
384547
384548
384549
384550
384551
384552
384553
384554
384555
384556
384557
384558
384559
384560
384561
384562
384563
384564
384565
384566
384567
384568
384569
384570
384571
384572
384573
384574
384575
384576
384577
384578
384579
384580
384581
384582
384583
384584
384585
384586
384587
384588
384589
384590
384591
384592
384593
384594
384595
384596
384597
384598
384599
384600
384601
384602
384603
384604
384605
384606
384607
384608
384609
384610
384611
384612
384613
384614
384615
384616
384617
384618
384619
384620
384621
384622
384623
384624
384625
384626
384627
384628
384629
384630
384631
384632
384633
384634
384635
384636
384637
384638
384639
384640
384641
384642
384643
384644
384645
384646
384647
384648
384649
384650
384651
384652
384653
384654
384655
384656
384657
384658
384659
384660
384661
384662
384663
384664
384665
384666
384667
384668
384669
384670
384671
384672
384673
384674
384675
384676
384677
384678
384679
384680
384681
384682
384683
384684
384685
384686
384687
384688
384689
384690
384691
384692
384693
384694
384695
384696
384697
384698
384699
384700
384701
384702
384703
384704
384705
384706
384707
384708
384709
384710
384711
384712
384713
384714
384715
384716
384717
384718
384719
384720
384721
384722
384723
384724
384725
384726
384727
384728
384729
384730
384731
384732
384733
384734
384735
384736
384737
384738
384739
384740
384741
384742
384743
384744
384745
384746
384747
384748
384749
384750
384751
384752
384753
384754
384755
384756
384757
384758
384759
384760
384761
384762
384763
384764
384765
384766
384767
384768
384769
384770
384771
384772
384773
384774
384775
384776
384777
384778
384779
384780
384781
384782
384783
384784
384785
384786
384787
384788
384789
384790
384791
384792
384793
384794
384795
384796
384797
384798
384799
384800
384801
384802
384803
384804
384805
384806
384807
384808
384809
384810
384811
384812
384813
384814
384815
384816
384817
384818
384819
384820
384821
384822
384823
384824
384825
384826
384827
384828
384829
384830
384831
384832
384833
384834
384835
384836
384837
384838
384839
384840
384841
384842
384843
384844
384845
384846
384847
384848
384849
384850
384851
384852
384853
384854
384855
384856
384857
384858
384859
384860
384861
384862
384863
384864
384865
384866
384867
384868
384869
384870
384871
384872
384873
384874
384875
384876
384877
384878
384879
384880
384881
384882
384883
384884
384885
384886
384887
384888
384889
384890
384891
384892
384893
384894
384895
384896
384897
384898
384899
384900
384901
384902
384903
384904
384905
384906
384907
384908
384909
384910
384911
384912
384913
384914
384915
384916
384917
384918
384919
384920
384921
384922
384923
384924
384925
384926
384927
384928
384929
384930
384931
384932
384933
384934
384935
384936
384937
384938
384939
384940
384941
384942
384943
384944
384945
384946
384947
384948
384949
384950
384951
384952
384953
384954
384955
384956
384957
384958
384959
384960
384961
384962
384963
384964
384965
384966
384967
384968
384969
384970
384971
384972
384973
384974
384975
384976
384977
384978
384979
384980
384981
384982
384983
384984
384985
384986
384987
384988
384989
384990
384991
384992
384993
384994
384995
384996
384997
384998
384999
385000
385001
385002
385003
385004
385005
385006
385007
385008
385009
385010
385011
385012
385013
385014
385015
385016
385017
385018
385019
385020
385021
385022
385023
385024
385025
385026
385027
385028
385029
385030
385031
385032
385033
385034
385035
385036
385037
385038
385039
385115
385116
385117
385118
385119
390400
390401
390402
390403
390404
390405
390406
390407
390408
390409
390410
390411
390412
390413
390414
390415
390416
390417
390418
390419
390420
390421
390422
390423
390424
390425
390426
390427
390428
390429
390430
390431
390432
390433
390434
390435
390436
390437
390438
390439
390440
390441
390442
390443
390444
390445
390446
390447
390448
390449
390450
390451
390452
390453
390454
390455
390456
390457
390458
390459
390460
390461
390462
390463
390464
390465
390466
390467
390468
390469
390470
390471
390472
390473
390474
390475
390476
390477
390478
390479
390480
390481
390482
390483
390484
390485
390486
390487
390488
390489
390490
390491
390492
390493
390494
390495
390496
390497
390498
390499
390500
390501
390502
390503
390504
390505
390506
390507
390508
390509
390510
390511
390512
390513
390514
390515
390516
390517
390518
390519
390520
390521
390522
390523
390524
390525
390526
390527
390528
390529
390530
390531
390532
390533
390534
390535
390536
390537
390538
390539
390540
390541
390542
390543
390544
390545
390546
390547
390548
390549
390550
390551
390552
390553
390554
390555
390556
390557
390558
390559
390560
390561
390562
390563
390564
390565
390566
390567
390568
390569
390570
390571
390572
390573
390574
390575
390576
390577
390578
390579
390580
390581
390582
390583
390584
390585
390586
390587
390588
390589
390590
390591
390592
390593
390594
390595
390596
390597
390598
390599
390600
390601
390602
390603
390604
390605
390606
390607
390608
390609
390610
390611
390612
390613
390614
390615
390616
390617
390618
390619
390620
390621
390622
390623
390624
390625
390626
390627
390628
390629
390630
390631
390632
390633
390634
390635
390636
390637
390638
390639
390640
390641
390642
390643
390644
390645
390646
390647
390648
390649
390650
390651
390652
390653
390654
390655
390656
390657
390658
390659
390660
390661
390662
390663
390664
390665
390666
390667
390668
390669
390670
390671
390672
390673
390674
390675
390676
390677
390678
390679
390680
390681
390682
390683
390684
390685
390686
390687
390688
390689
390690
390691
390692
390693
390694
390695
390696
390697
390698
390699
390700
390701
390702
390703
390704
390705
390706
390707
390708
390709
390710
390711
390712
390713
390714
390715
390716
390717
390718
390719
390720
390721
390722
390723
390724
390725
390726
390727
390728
390729
390730
390731
390732
390733
390734
390735
390736
390737
390738
390739
390740
390741
390742
390743
390744
390745
390746
390747
390748
390749
390750
390751
390752
390753
390754
390755
390756
390757
390758
390759
390760
390761
390762
390763
390764
390765
390766
390767
390768
390769
390770
390771
390772
390773
390774
390775
390776
390777
390778
390779
390780
390781
390782
390783
390784
390785
390786
390787
390788
390789
390790
390791
390792
390793
390794
390795
390796
390797
390798
390799
390800
390801
390802
390803
390804
390805
390806
390807
390808
390809
390810
390811
390812
390813
390814
390815
390816
390817
390818
390819
390820
390821
390822
390823
390824
390825
390826
390827
390828
390829
390830
390831
390832
390833
390834
390835
390836
390837
390838
390839
390840
390841
390842
390843
390844
390845
390846
390847
390848
390849
390850
390851
390852
390853
390854
390855
390856
390857
390858
390859
390860
390861
390862
390863
390864
390865
390866
390867
390868
390869
390870
390871
390872
390873
390874
390875
390876
390877
390878
390879
390880
390881
390882
390883
390884
390885
390886
390887
390888
390889
390890
390891
390892
390893
390894
390895
390896
390897
390898
390899
390900
390901
390902
390903
390904
390905
390906
390907
390908
390909
390910
390911
390912
390913
390914
390915
390916
390917
390918
390919
390920
390921
390922
390923
390924
390925
390926
390927
390928
390929
390930
390931
390932
390933
390934
390935
390936
390937
390938
390939
390940
390941
390942
390943
390944
390945
390946
390947
390948
390949
390950
390951
390952
390953
390954
390955
390956
390957
390958
390959
390960
390961
390962
390963
390964
390965
390966
390967
390968
390969
390970
390971
390972
390973
390974
390975
390976
390977
390978
390979
390980
390981
390982
390983
390984
390985
390986
390987
390988
390989
390990
390991
390992
390993
390994
390995
390996
390997
390998
390999
391000
391001
391002
391003
391004
391005
391006
391007
391008
391009
391010
391011
391012
391013
391014
391015
391016
391017
391018
391019
391020
391021
391022
391023
391024
391025
391026
391027
391028
391029
391030
391031
391032
391033
391034
391035
391036
391037
391038
391039
391040
391041
391042
391043
391044
391045
391046
391047
391048
391049
391050
391051
391052
391053
391054
391055
391056
391057
391058
391059
391060
391061
391062
391063
391064
391065
391066
391067
391068
391069
391070
391071
391072
391073
391074
391075
391076
391077
391078
391079
391080
391081
391082
391083
391084
391085
391086
391087
391088
391089
391090
391091
391092
391093
391094
391095
391096
391097
391098
391099
391100
391101
391102
391103
391104
391105
391106
391107
391108
391109
391110
391111
391112
391113
391114
391115
391116
391117
391118
391119
391120
391121
391122
391123
391124
391125
391126
391127
391128
391129
391130
391131
391132
391133
391134
391135
391136
391137
391138
391139
391140
391141
391142
391143
391144
391145
391146
391147
391148
391149
391150
391151
391152
391153
391154
391155
391156
391157
391158
391159
391160
391161
391162
391163
391164
391165
391166
391167
391168
391169
391170
391171
391172
391173
391174
391175
391176
391177
391178
391179
391180
391181
391182
391183
391184
391185
391186
391187
391188
391189
391190
391191
391192
391193
391194
391195
391196
391197
391198
391199
391200
391201
391202
391203
391204
391205
391206
391207
391208
391209
391210
391211
391212
391213
391214
391215
391216
391217
391218
391219
391220
391221
391222
391223
391224
391225
391226
391227
391228
391229
391230
391231
391232
391233
391234
391235
391236
391237
391238
391239
391240
391241
391242
391243
391244
391245
391246
391247
391248
391249
391250
391251
391252
391253
391254
391255
391256
391257
391258
391259
391260
391261
391262
391263
391264
391265
391266
391267
391268
391269
391270
391271
391272
391273
391274
391275
391276
391277
391278
391279
391280
391281
391282
391283
391284
391285
391286
391287
391288
391289
391290
391291
391292
391293
391294
391295
391296
391297
391298
391299
391300
391301
391302
391303
391304
391305
391306
391307
391308
391309
391310
391311
391312
391313
391314
391315
391316
391317
391318
391319
391320
391321
391322
391323
391324
391325
391326
391327
391328
391329
391330
391331
391332
391333
391334
391335
391336
391337
391338
391339
391340
391341
391342
391343
391344
391345
391346
391347
391348
391349
391350
391351
391352
391353
391354
391355
391356
391357
391358
391359
391360
391361
391362
391363
391364
391365
391366
391367
391368
391369
391370
391371
391372
391373
391374
391375
391376
391377
391378
391379
391380
391381
391382
391383
391384
391385
391386
391387
391388
391389
391390
391391
391392
391393
391394
391395
391396
391397
391398
391399
391400
391401
391402
391403
391404
391405
391406
391407
391408
391409
391410
391411
391412
391413
391414
391415
391416
391417
391418
391419
391420
391421
391422
391423
391424
391425
391426
391427
391428
391429
391430
391431
391432
391433
391434
391435
391436
391437
391438
391439
391516
391517
391518
391519
396800
396801
396802
396803
396804
396805
396806
396807
396808
396809
396810
396811
396812
396813
396814
396815
396816
396817
396818
396819
396820
396821
396822
396823
396824
396825
396826
396827
396828
396829
396830
396831
396832
396833
396834
396835
396836
396837
396838
396839
396840
396841
396842
396843
396844
396845
396846
396847
396848
396849
396850
396851
396852
396853
396854
396855
396856
396857
396858
396859
396860
396861
396862
396863
396864
396865
396866
396867
396868
396869
396870
396871
396872
396873
396874
396875
396876
396877
396878
396879
396880
396881
396882
396883
396884
396885
396886
396887
396888
396889
396890
396891
396892
396893
396894
396895
396896
396897
396898
396899
396900
396901
396902
396903
396904
396905
396906
396907
396908
396909
396910
396911
396912
396913
396914
396915
396916
396917
396918
396919
396920
396921
396922
396923
396924
396925
396926
396927
396928
396929
396930
396931
396932
396933
396934
396935
396936
396937
396938
396939
396940
396941
396942
396943
396944
396945
396946
396947
396948
396949
396950
396951
396952
396953
396954
396955
396956
396957
396958
396959
396960
396961
396962
396963
396964
396965
396966
396967
396968
396969
396970
396971
396972
396973
396974
396975
396976
396977
396978
396979
396980
396981
396982
396983
396984
396985
396986
396987
396988
396989
396990
396991
396992
396993
396994
396995
396996
396997
396998
396999
397000
397001
397002
397003
397004
397005
397006
397007
397008
397009
397010
397011
397012
397013
397014
397015
397016
397017
397018
397019
397020
397021
397022
397023
397024
397025
397026
397027
397028
397029
397030
397031
397032
397033
397034
397035
397036
397037
397038
397039
397040
397041
397042
397043
397044
397045
397046
397047
397048
397049
397050
397051
397052
397053
397054
397055
397056
397057
397058
397059
397060
397061
397062
397063
397064
397065
397066
397067
397068
397069
397070
397071
397072
397073
397074
397075
397076
397077
397078
397079
397080
397081
397082
397083
397084
397085
397086
397087
397088
397089
397090
397091
397092
397093
397094
397095
397096
397097
397098
397099
397100
397101
397102
397103
397104
397105
397106
397107
397108
397109
397110
397111
397112
397113
397114
397115
397116
397117
397118
397119
397120
397121
397122
397123
397124
397125
397126
397127
397128
397129
397130
397131
397132
397133
397134
397135
397136
397137
397138
397139
397140
397141
397142
397143
397144
397145
397146
397147
397148
397149
397150
397151
397152
397153
397154
397155
397156
397157
397158
397159
397160
397161
397162
397163
397164
397165
397166
397167
397168
397169
397170
397171
397172
397173
397174
397175
397176
397177
397178
397179
397180
397181
397182
397183
397184
397185
397186
397187
397188
397189
397190
397191
397192
397193
397194
397195
397196
397197
397198
397199
397200
397201
397202
397203
397204
397205
397206
397207
397208
397209
397210
397211
397212
397213
397214
397215
397216
397217
397218
397219
397220
397221
397222
397223
397224
397225
397226
397227
397228
397229
397230
397231
397232
397233
397234
397235
397236
397237
397238
397239
397240
397241
397242
397243
397244
397245
397246
397247
397248
397249
397250
397251
397252
397253
397254
397255
397256
397257
397258
397259
397260
397261
397262
397263
397264
397265
397266
397267
397268
397269
397270
397271
397272
397273
397274
397275
397276
397277
397278
397279
397280
397281
397282
397283
397284
397285
397286
397287
397288
397289
397290
397291
397292
397293
397294
397295
397296
397297
397298
397299
397300
397301
397302
397303
397304
397305
397306
397307
397308
397309
397310
397311
397312
397313
397314
397315
397316
397317
397318
397319
397320
397321
397322
397323
397324
397325
397326
397327
397328
397329
397330
397331
397332
397333
397334
397335
397336
397337
397338
397339
397340
397341
397342
397343
397344
397345
397346
397347
397348
397349
397350
397351
397352
397353
397354
397355
397356
397357
397358
397359
397360
397361
397362
397363
397364
397365
397366
397367
397368
397369
397370
397371
397372
397373
397374
397375
397376
397377
397378
397379
397380
397381
397382
397383
397384
397385
397386
397387
397388
397389
397390
397391
397392
397393
397394
397395
397396
397397
397398
397399
397400
397401
397402
397403
397404
397405
397406
397407
397408
397409
397410
397411
397412
397413
397414
397415
397416
397417
397418
397419
397420
397421
397422
397423
397424
397425
397426
397427
397428
397429
397430
397431
397432
397433
397434
397435
397436
397437
397438
397439
397440
397441
397442
397443
397444
397445
397446
397447
397448
397449
397450
397451
397452
397453
397454
397455
397456
397457
397458
397459
397460
397461
397462
397463
397464
397465
397466
397467
397468
397469
397470
397471
397472
397473
397474
397475
397476
397477
397478
397479
397480
397481
397482
397483
397484
397485
397486
397487
397488
397489
397490
397491
397492
397493
397494
397495
397496
397497
397498
397499
397500
397501
397502
397503
397504
397505
397506
397507
397508
397509
397510
397511
397512
397513
397514
397515
397516
397517
397518
397519
397520
397521
397522
397523
397524
397525
397526
397527
397528
397529
397530
397531
397532
397533
397534
397535
397536
397537
397538
397539
397540
397541
397542
397543
397544
397545
397546
397547
397548
397549
397550
397551
397552
397553
397554
397555
397556
397557
397558
397559
397560
397561
397562
397563
397564
397565
397566
397567
397568
397569
397570
397571
397572
397573
397574
397575
397576
397577
397578
397579
397580
397581
397582
397583
397584
397585
397586
397587
397588
397589
397590
397591
397592
397593
397594
397595
397596
397597
397598
397599
397600
397601
397602
397603
397604
397605
397606
397607
397608
397609
397610
397611
397612
397613
397614
397615
397616
397617
397618
397619
397620
397621
397622
397623
397624
397625
397626
397627
397628
397629
397630
397631
397632
397633
397634
397635
397636
397637
397638
397639
397640
397641
397642
397643
397644
397645
397646
397647
397648
397649
397650
397651
397652
397653
397654
397655
397656
397657
397658
397659
397660
397661
397662
397663
397664
397665
397666
397667
397668
397669
397670
397671
397672
397673
397674
397675
397676
397677
397678
397679
397680
397681
397682
397683
397684
397685
397686
397687
397688
397689
397690
397691
397692
397693
397694
397695
397696
397697
397698
397699
397700
397701
397702
397703
397704
397705
397706
397707
397708
397709
397710
397711
397712
397713
397714
397715
397716
397717
397718
397719
397720
397721
397722
397723
397724
397725
397726
397727
397728
397729
397730
397731
397732
397733
397734
397735
397736
397737
397738
397739
397740
397741
397742
397743
397744
397745
397746
397747
397748
397749
397750
397751
397752
397753
397754
397755
397756
397757
397758
397759
397760
397761
397762
397763
397764
397765
397766
397767
397768
397769
397770
397771
397772
397773
397774
397775
397776
397777
397778
397779
397780
397781
397782
397783
397784
397785
397786
397787
397788
397789
397790
397791
397792
397793
397794
397795
397796
397797
397798
397799
397800
397801
397802
397803
397804
397805
397806
397807
397808
397809
397810
397811
397812
397813
397814
397815
397816
397817
397818
397819
397820
397821
397822
397823
397824
397825
397826
397827
397828
397829
397830
397831
397832
397833
397834
397835
397836
397837
397838
397839
397917
397918
397919
403200
403201
403202
403203
403204
403205
403206
403207
403208
403209
403210
403211
403212
403213
403214
403215
403216
403217
403218
403219
403220
403221
403222
403223
403224
403225
403226
403227
403228
403229
403230
403231
403232
403233
403234
403235
403236
403237
403238
403239
403240
403241
403242
403243
403244
403245
403246
403247
403248
403249
403250
403251
403252
403253
403254
403255
403256
403257
403258
403259
403260
403261
403262
403263
403264
403265
403266
403267
403268
403269
403270
403271
403272
403273
403274
403275
403276
403277
403278
403279
403280
403281
403282
403283
403284
403285
403286
403287
403288
403289
403290
403291
403292
403293
403294
403295
403296
403297
403298
403299
403300
403301
403302
403303
403304
403305
403306
403307
403308
403309
403310
403311
403312
403313
403314
403315
403316
403317
403318
403319
403320
403321
403322
403323
403324
403325
403326
403327
403328
403329
403330
403331
403332
403333
403334
403335
403336
403337
403338
403339
403340
403341
403342
403343
403344
403345
403346
403347
403348
403349
403350
403351
403352
403353
403354
403355
403356
403357
403358
403359
403360
403361
403362
403363
403364
403365
403366
403367
403368
403369
403370
403371
403372
403373
403374
403375
403376
403377
403378
403379
403380
403381
403382
403383
403384
403385
403386
403387
403388
403389
403390
403391
403392
403393
403394
403395
403396
403397
403398
403399
403400
403401
403402
403403
403404
403405
403406
403407
403408
403409
403410
403411
403412
403413
403414
403415
403416
403417
403418
403419
403420
403421
403422
403423
403424
403425
403426
403427
403428
403429
403430
403431
403432
403433
403434
403435
403436
403437
403438
403439
403440
403441
403442
403443
403444
403445
403446
403447
403448
403449
403450
403451
403452
403453
403454
403455
403456
403457
403458
403459
403460
403461
403462
403463
403464
403465
403466
403467
403468
403469
403470
403471
403472
403473
403474
403475
403476
403477
403478
403479
403480
403481
403482
403483
403484
403485
403486
403487
403488
403489
403490
403491
403492
403493
403494
403495
403496
403497
403498
403499
403500
403501
403502
403503
403504
403505
403506
403507
403508
403509
403510
403511
403512
403513
403514
403515
403516
403517
403518
403519
403520
403521
403522
403523
403524
403525
403526
403527
403528
403529
403530
403531
403532
403533
403534
403535
403536
403537
403538
403539
403540
403541
403542
403543
403544
403545
403546
403547
403548
403549
403550
403551
403552
403553
403554
403555
403556
403557
403558
403559
403560
403561
403562
403563
403564
403565
403566
403567
403568
403569
403570
403571
403572
403573
403574
403575
403576
403577
403578
403579
403580
403581
403582
403583
403584
403585
403586
403587
403588
403589
403590
403591
403592
403593
403594
403595
403596
403597
403598
403599
403600
403601
403602
403603
403604
403605
403606
403607
403608
403609
403610
403611
403612
403613
403614
403615
403616
403617
403618
403619
403620
403621
403622
403623
403624
403625
403626
403627
403628
403629
403630
403631
403632
403633
403634
403635
403636
403637
403638
403639
403640
403641
403642
403643
403644
403645
403646
403647
403648
403649
403650
403651
403652
403653
403654
403655
403656
403657
403658
403659
403660
403661
403662
403663
403664
403665
403666
403667
403668
403669
403670
403671
403672
403673
403674
403675
403676
403677
403678
403679
403680
403681
403682
403683
403684
403685
403686
403687
403688
403689
403690
403691
403692
403693
403694
403695
403696
403697
403698
403699
403700
403701
403702
403703
403704
403705
403706
403707
403708
403709
403710
403711
403712
403713
403714
403715
403716
403717
403718
403719
403720
403721
403722
403723
403724
403725
403726
403727
403728
403729
403730
403731
403732
403733
403734
403735
403736
403737
403738
403739
403740
403741
403742
403743
403744
403745
403746
403747
403748
403749
403750
403751
403752
403753
403754
403755
403756
403757
403758
403759
403760
403761
403762
403763
403764
403765
403766
403767
403768
403769
403770
403771
403772
403773
403774
403775
403776
403777
403778
403779
403780
403781
403782
403783
403784
403785
403786
403787
403788
403789
403790
403791
403792
403793
403794
403795
403796
403797
403798
403799
403800
403801
403802
403803
403804
403805
403806
403807
403808
403809
403810
403811
403812
403813
403814
403815
403816
403817
403818
403819
403820
403821
403822
403823
403824
403825
403826
403827
403828
403829
403830
403831
403832
403833
403834
403835
403836
403837
403838
403839
403840
403841
403842
403843
403844
403845
403846
403847
403848
403849
403850
403851
403852
403853
403854
403855
403856
403857
403858
403859
403860
403861
403862
403863
403864
403865
403866
403867
403868
403869
403870
403871
403872
403873
403874
403875
403876
403877
403878
403879
403880
403881
403882
403883
403884
403885
403886
403887
403888
403889
403890
403891
403892
403893
403894
403895
403896
403897
403898
403899
403900
403901
403902
403903
403904
403905
403906
403907
403908
403909
403910
403911
403912
403913
403914
403915
403916
403917
403918
403919
403920
403921
403922
403923
403924
403925
403926
403927
403928
403929
403930
403931
403932
403933
403934
403935
403936
403937
403938
403939
403940
403941
403942
403943
403944
403945
403946
403947
403948
403949
403950
403951
403952
403953
403954
403955
403956
403957
403958
403959
403960
403961
403962
403963
403964
403965
403966
403967
403968
403969
403970
403971
403972
403973
403974
403975
403976
403977
403978
403979
403980
403981
403982
403983
403984
403985
403986
403987
403988
403989
403990
403991
403992
403993
403994
403995
403996
403997
403998
403999
404000
404001
404002
404003
404004
404005
404006
404007
404008
404009
404010
404011
404012
404013
404014
404015
404016
404017
404018
404019
404020
404021
404022
404023
404024
404025
404026
404027
404028
404029
404030
404031
404032
404033
404034
404035
404036
404037
404038
404039
404040
404041
404042
404043
404044
404045
404046
404047
404048
404049
404050
404051
404052
404053
404054
404055
404056
404057
404058
404059
404060
404061
404062
404063
404064
404065
404066
404067
404068
404069
404070
404071
404072
404073
404074
404075
404076
404077
404078
404079
404080
404081
404082
404083
404084
404085
404086
404087
404088
404089
404090
404091
404092
404093
404094
404095
404096
404097
404098
404099
404100
404101
404102
404103
404104
404105
404106
404107
404108
404109
404110
404111
404112
404113
404114
404115
404116
404117
404118
404119
404120
404121
404122
404123
404124
404125
404126
404127
404128
404129
404130
404131
404132
404133
404134
404135
404136
404137
404138
404139
404140
404141
404142
404143
404144
404145
404146
404147
404148
404149
404150
404151
404152
404153
404154
404155
404156
404157
404158
404159
404160
404161
404162
404163
404164
404165
404166
404167
404168
404169
404170
404171
404172
404173
404174
404175
404176
404177
404178
404179
404180
404181
404182
404183
404184
404185
404186
404187
404188
404189
404190
404191
404192
404193
404194
404195
404196
404197
404198
404199
404200
404201
404202
404203
404204
404205
404206
404207
404208
404209
404210
404211
404212
404213
404214
404215
404216
404217
404218
404219
404220
404221
404222
404223
404224
404225
404226
404227
404228
404229
404230
404231
404232
404233
404234
404235
404236
404237
404238
404239
404318
404319
409600
409601
409602
409603
409604
409605
409606
409607
409608
409609
409610
409611
409612
409613
409614
409615
409616
409617
409618
409619
409620
409621
409622
409623
409624
409625
409626
409627
409628
409629
409630
409631
409632
409633
409634
409635
409636
409637
409638
409639
409640
409641
409642
409643
409644
409645
409646
409647
409648
409649
409650
409651
409652
409653
409654
409655
409656
409657
409658
409659
409660
409661
409662
409663
409664
409665
409666
409667
409668
409669
409670
409671
409672
409673
409674
409675
409676
409677
409678
409679
409680
409681
409682
409683
409684
409685
409686
409687
409688
409689
409690
409691
409692
409693
409694
409695
409696
409697
409698
409699
409700
409701
409702
409703
409704
409705
409706
409707
409708
409709
409710
409711
409712
409713
409714
409715
409716
409717
409718
409719
409720
409721
409722
409723
409724
409725
409726
409727
409728
409729
409730
409731
409732
409733
409734
409735
409736
409737
409738
409739
409740
409741
409742
409743
409744
409745
409746
409747
409748
409749
409750
409751
409752
409753
409754
409755
409756
409757
409758
409759
409760
409761
409762
409763
409764
409765
409766
409767
409768
409769
409770
409771
409772
409773
409774
409775
409776
409777
409778
409779
409780
409781
409782
409783
409784
409785
409786
409787
409788
409789
409790
409791
409792
409793
409794
409795
409796
409797
409798
409799
409800
409801
409802
409803
409804
409805
409806
409807
409808
409809
409810
409811
409812
409813
409814
409815
409816
409817
409818
409819
409820
409821
409822
409823
409824
409825
409826
409827
409828
409829
409830
409831
409832
409833
409834
409835
409836
409837
409838
409839
409840
409841
409842
409843
409844
409845
409846
409847
409848
409849
409850
409851
409852
409853
409854
409855
409856
409857
409858
409859
409860
409861
409862
409863
409864
409865
409866
409867
409868
409869
409870
409871
409872
409873
409874
409875
409876
409877
409878
409879
409880
409881
409882
409883
409884
409885
409886
409887
409888
409889
409890
409891
409892
409893
409894
409895
409896
409897
409898
409899
409900
409901
409902
409903
409904
409905
409906
409907
409908
409909
409910
409911
409912
409913
409914
409915
409916
409917
409918
409919
409920
409921
409922
409923
409924
409925
409926
409927
409928
409929
409930
409931
409932
409933
409934
409935
409936
409937
409938
409939
409940
409941
409942
409943
409944
409945
409946
409947
409948
409949
409950
409951
409952
409953
409954
409955
409956
409957
409958
409959
409960
409961
409962
409963
409964
409965
409966
409967
409968
409969
409970
409971
409972
409973
409974
409975
409976
409977
409978
409979
409980
409981
409982
409983
409984
409985
409986
409987
409988
409989
409990
409991
409992
409993
409994
409995
409996
409997
409998
409999
410000
410001
410002
410003
410004
410005
410006
410007
410008
410009
410010
410011
410012
410013
410014
410015
410016
410017
410018
410019
410020
410021
410022
410023
410024
410025
410026
410027
410028
410029
410030
410031
410032
410033
410034
410035
410036
410037
410038
410039
410040
410041
410042
410043
410044
410045
410046
410047
410048
410049
410050
410051
410052
410053
410054
410055
410056
410057
410058
410059
410060
410061
410062
410063
410064
410065
410066
410067
410068
410069
410070
410071
410072
410073
410074
410075
410076
410077
410078
410079
410080
410081
410082
410083
410084
410085
410086
410087
410088
410089
410090
410091
410092
410093
410094
410095
410096
410097
410098
410099
410100
410101
410102
410103
410104
410105
410106
410107
410108
410109
410110
410111
410112
410113
410114
410115
410116
410117
410118
410119
410120
410121
410122
410123
410124
410125
410126
410127
410128
410129
410130
410131
410132
410133
410134
410135
410136
410137
410138
410139
410140
410141
410142
410143
410144
410145
410146
410147
410148
410149
410150
410151
410152
410153
410154
410155
410156
410157
410158
410159
410160
410161
410162
410163
410164
410165
410166
410167
410168
410169
410170
410171
410172
410173
410174
410175
410176
410177
410178
410179
410180
410181
410182
410183
410184
410185
410186
410187
410188
410189
410190
410191
410192
410193
410194
410195
410196
410197
410198
410199
410200
410201
410202
410203
410204
410205
410206
410207
410208
410209
410210
410211
410212
410213
410214
410215
410216
410217
410218
410219
410220
410221
410222
410223
410224
410225
410226
410227
410228
410229
410230
410231
410232
410233
410234
410235
410236
410237
410238
410239
410240
410241
410242
410243
410244
410245
410246
410247
410248
410249
410250
410251
410252
410253
410254
410255
410256
410257
410258
410259
410260
410261
410262
410263
410264
410265
410266
410267
410268
410269
410270
410271
410272
410273
410274
410275
410276
410277
410278
410279
410280
410281
410282
410283
410284
410285
410286
410287
410288
410289
410290
410291
410292
410293
410294
410295
410296
410297
410298
410299
410300
410301
410302
410303
410304
410305
410306
410307
410308
410309
410310
410311
410312
410313
410314
410315
410316
410317
410318
410319
410320
410321
410322
410323
410324
410325
410326
410327
410328
410329
410330
410331
410332
410333
410334
410335
410336
410337
410338
410339
410340
410341
410342
410343
410344
410345
410346
410347
410348
410349
410350
410351
410352
410353
410354
410355
410356
410357
410358
410359
410360
410361
410362
410363
410364
410365
410366
410367
410368
410369
410370
410371
410372
410373
410374
410375
410376
410377
410378
410379
410380
410381
410382
410383
410384
410385
410386
410387
410388
410389
410390
410391
410392
410393
410394
410395
410396
410397
410398
410399
410400
410401
410402
410403
410404
410405
410406
410407
410408
410409
410410
410411
410412
410413
410414
410415
410416
410417
410418
410419
410420
410421
410422
410423
410424
410425
410426
410427
410428
410429
410430
410431
410432
410433
410434
410435
410436
410437
410438
410439
410440
410441
410442
410443
410444
410445
410446
410447
410448
410449
410450
410451
410452
410453
410454
410455
410456
410457
410458
410459
410460
410461
410462
410463
410464
410465
410466
410467
410468
410469
410470
410471
410472
410473
410474
410475
410476
410477
410478
410479
410480
410481
410482
410483
410484
410485
410486
410487
410488
410489
410490
410491
410492
410493
410494
410495
410496
410497
410498
410499
410500
410501
410502
410503
410504
410505
410506
410507
410508
410509
410510
410511
410512
410513
410514
410515
410516
410517
410518
410519
410520
410521
410522
410523
410524
410525
410526
410527
410528
410529
410530
410531
410532
410533
410534
410535
410536
410537
410538
410539
410540
410541
410542
410543
410544
410545
410546
410547
410548
410549
410550
410551
410552
410553
410554
410555
410556
410557
410558
410559
410560
410561
410562
410563
410564
410565
410566
410567
410568
410569
410570
410571
410572
410573
410574
410575
410576
410577
410578
410579
410580
410581
410582
410583
410584
410585
410586
410587
410588
410589
410590
410591
410592
410593
410594
410595
410596
410597
410598
410599
410600
410601
410602
410603
410604
410605
410606
410607
410608
410609
410610
410611
410612
410613
410614
410615
410616
410617
410618
410619
410620
410621
410622
410623
410624
410625
410626
410627
410628
410629
410630
410631
410632
410633
410634
410635
410636
410637
410638
410639
410719
416000
416001
416002
416003
416004
416005
416006
416007
416008
416009
416010
416011
416012
416013
416014
416015
416016
416017
416018
416019
416020
416021
416022
416023
416024
416025
416026
416027
416028
416029
416030
416031
416032
416033
416034
416035
416036
416037
416038
416039
416040
416041
416042
416043
416044
416045
416046
416047
416048
416049
416050
416051
416052
416053
416054
416055
416056
416057
416058
416059
416060
416061
416062
416063
416064
416065
416066
416067
416068
416069
416070
416071
416072
416073
416074
416075
416076
416077
416078
416079
416080
416081
416082
416083
416084
416085
416086
416087
416088
416089
416090
416091
416092
416093
416094
416095
416096
416097
416098
416099
416100
416101
416102
416103
416104
416105
416106
416107
416108
416109
416110
416111
416112
416113
416114
416115
416116
416117
416118
416119
416120
416121
416122
416123
416124
416125
416126
416127
416128
416129
416130
416131
416132
416133
416134
416135
416136
416137
416138
416139
416140
416141
416142
416143
416144
416145
416146
416147
416148
416149
416150
416151
416152
416153
416154
416155
416156
416157
416158
416159
416160
416161
416162
416163
416164
416165
416166
416167
416168
416169
416170
416171
416172
416173
416174
416175
416176
416177
416178
416179
416180
416181
416182
416183
416184
416185
416186
416187
416188
416189
416190
416191
416192
416193
416194
416195
416196
416197
416198
416199
416200
416201
416202
416203
416204
416205
416206
416207
416208
416209
416210
416211
416212
416213
416214
416215
416216
416217
416218
416219
416220
416221
416222
416223
416224
416225
416226
416227
416228
416229
416230
416231
416232
416233
416234
416235
416236
416237
416238
416239
416240
416241
416242
416243
416244
416245
416246
416247
416248
416249
416250
416251
416252
416253
416254
416255
416256
416257
416258
416259
416260
416261
416262
416263
416264
416265
416266
416267
416268
416269
416270
416271
416272
416273
416274
416275
416276
416277
416278
416279
416280
416281
416282
416283
416284
416285
416286
416287
416288
416289
416290
416291
416292
416293
416294
416295
416296
416297
416298
416299
416300
416301
416302
416303
416304
416305
416306
416307
416308
416309
416310
416311
416312
416313
416314
416315
416316
416317
416318
416319
416320
416321
416322
416323
416324
416325
416326
416327
416328
416329
416330
416331
416332
416333
416334
416335
416336
416337
416338
416339
416340
416341
416342
416343
416344
416345
416346
416347
416348
416349
416350
416351
416352
416353
416354
416355
416356
416357
416358
416359
416360
416361
416362
416363
416364
416365
416366
416367
416368
416369
416370
416371
416372
416373
416374
416375
416376
416377
416378
416379
416380
416381
416382
416383
416384
416385
416386
416387
416388
416389
416390
416391
416392
416393
416394
416395
416396
416397
416398
416399
416400
416401
416402
416403
416404
416405
416406
416407
416408
416409
416410
416411
416412
416413
416414
416415
416416
416417
416418
416419
416420
416421
416422
416423
416424
416425
416426
416427
416428
416429
416430
416431
416432
416433
416434
416435
416436
416437
416438
416439
416440
416441
416442
416443
416444
416445
416446
416447
416448
416449
416450
416451
416452
416453
416454
416455
416456
416457
416458
416459
416460
416461
416462
416463
416464
416465
416466
416467
416468
416469
416470
416471
416472
416473
416474
416475
416476
416477
416478
416479
416480
416481
416482
416483
416484
416485
416486
416487
416488
416489
416490
416491
416492
416493
416494
416495
416496
416497
416498
416499
416500
416501
416502
416503
416504
416505
416506
416507
416508
416509
416510
416511
416512
416513
416514
416515
416516
416517
416518
416519
416520
416521
416522
416523
416524
416525
416526
416527
416528
416529
416530
416531
416532
416533
416534
416535
416536
416537
416538
416539
416540
416541
416542
416543
416544
416545
416546
416547
416548
416549
416550
416551
416552
416553
416554
416555
416556
416557
416558
416559
416560
416561
416562
416563
416564
416565
416566
416567
416568
416569
416570
416571
416572
416573
416574
416575
416576
416577
416578
416579
416580
416581
416582
416583
416584
416585
416586
416587
416588
416589
416590
416591
416592
416593
416594
416595
416596
416597
416598
416599
416600
416601
416602
416603
416604
416605
416606
416607
416608
416609
416610
416611
416612
416613
416614
416615
416616
416617
416618
416619
416620
416621
416622
416623
416624
416625
416626
416627
416628
416629
416630
416631
416632
416633
416634
416635
416636
416637
416638
416639
416640
416641
416642
416643
416644
416645
416646
416647
416648
416649
416650
416651
416652
416653
416654
416655
416656
416657
416658
416659
416660
416661
416662
416663
416664
416665
416666
416667
416668
416669
416670
416671
416672
416673
416674
416675
416676
416677
416678
416679
416680
416681
416682
416683
416684
416685
416686
416687
416688
416689
416690
416691
416692
416693
416694
416695
416696
416697
416698
416699
416700
416701
416702
416703
416704
416705
416706
416707
416708
416709
416710
416711
416712
416713
416714
416715
416716
416717
416718
416719
416720
416721
416722
416723
416724
416725
416726
416727
416728
416729
416730
416731
416732
416733
416734
416735
416736
416737
416738
416739
416740
416741
416742
416743
416744
416745
416746
416747
416748
416749
416750
416751
416752
416753
416754
416755
416756
416757
416758
416759
416760
416761
416762
416763
416764
416765
416766
416767
416768
416769
416770
416771
416772
416773
416774
416775
416776
416777
416778
416779
416780
416781
416782
416783
416784
416785
416786
416787
416788
416789
416790
416791
416792
416793
416794
416795
416796
416797
416798
416799
416800
416801
416802
416803
416804
416805
416806
416807
416808
416809
416810
416811
416812
416813
416814
416815
416816
416817
416818
416819
416820
416821
416822
416823
416824
416825
416826
416827
416828
416829
416830
416831
416832
416833
416834
416835
416836
416837
416838
416839
416840
416841
416842
416843
416844
416845
416846
416847
416848
416849
416850
416851
416852
416853
416854
416855
416856
416857
416858
416859
416860
416861
416862
416863
416864
416865
416866
416867
416868
416869
416870
416871
416872
416873
416874
416875
416876
416877
416878
416879
416880
416881
416882
416883
416884
416885
416886
416887
416888
416889
416890
416891
416892
416893
416894
416895
416896
416897
416898
416899
416900
416901
416902
416903
416904
416905
416906
416907
416908
416909
416910
416911
416912
416913
416914
416915
416916
416917
416918
416919
416920
416921
416922
416923
416924
416925
416926
416927
416928
416929
416930
416931
416932
416933
416934
416935
416936
416937
416938
416939
416940
416941
416942
416943
416944
416945
416946
416947
416948
416949
416950
416951
416952
416953
416954
416955
416956
416957
416958
416959
416960
416961
416962
416963
416964
416965
416966
416967
416968
416969
416970
416971
416972
416973
416974
416975
416976
416977
416978
416979
416980
416981
416982
416983
416984
416985
416986
416987
416988
416989
416990
416991
416992
416993
416994
416995
416996
416997
416998
416999
417000
417001
417002
417003
417004
417005
417006
417007
417008
417009
417010
417011
417012
417013
417014
417015
417016
417017
417018
417019
417020
417021
417022
417023
417024
417025
417026
417027
417028
417029
417030
417031
417032
417033
417034
417035
417036
417037
417038
417039
422400
422401
422402
422403
422404
422405
422406
422407
422408
422409
422410
422411
422412
422413
422414
422415
422416
422417
422418
422419
422420
422421
422422
422423
422424
422425
422426
422427
422428
422429
422430
422431
422432
422433
422434
422435
422436
422437
422438
422439
422440
422441
422442
422443
422444
422445
422446
422447
422448
422449
422450
422451
422452
422453
422454
422455
422456
422457
422458
422459
422460
422461
422462
422463
422464
422465
422466
422467
422468
422469
422470
422471
422472
422473
422474
422475
422476
422477
422478
422479
422480
422481
422482
422483
422484
422485
422486
422487
422488
422489
422490
422491
422492
422493
422494
422495
422496
422497
422498
422499
422500
422501
422502
422503
422504
422505
422506
422507
422508
422509
422510
422511
422512
422513
422514
422515
422516
422517
422518
422519
422520
422521
422522
422523
422524
422525
422526
422527
422528
422529
422530
422531
422532
422533
422534
422535
422536
422537
422538
422539
422540
422541
422542
422543
422544
422545
422546
422547
422548
422549
422550
422551
422552
422553
422554
422555
422556
422557
422558
422559
422560
422561
422562
422563
422564
422565
422566
422567
422568
422569
422570
422571
422572
422573
422574
422575
422576
422577
422578
422579
422580
422581
422582
422583
422584
422585
422586
422587
422588
422589
422590
422591
422592
422593
422594
422595
422596
422597
422598
422599
422600
422601
422602
422603
422604
422605
422606
422607
422608
422609
422610
422611
422612
422613
422614
422615
422616
422617
422618
422619
422620
422621
422622
422623
422624
422625
422626
422627
422628
422629
422630
422631
422632
422633
422634
422635
422636
422637
422638
422639
422640
422641
422642
422643
422644
422645
422646
422647
422648
422649
422650
422651
422652
422653
422654
422655
422656
422657
422658
422659
422660
422661
422662
422663
422664
422665
422666
422667
422668
422669
422670
422671
422672
422673
422674
422675
422676
422677
422678
422679
422680
422681
422682
422683
422684
422685
422686
422687
422688
422689
422690
422691
422692
422693
422694
422695
422696
422697
422698
422699
422700
422701
422702
422703
422704
422705
422706
422707
422708
422709
422710
422711
422712
422713
422714
422715
422716
422717
422718
422719
422720
422721
422722
422723
422724
422725
422726
422727
422728
422729
422730
422731
422732
422733
422734
422735
422736
422737
422738
422739
422740
422741
422742
422743
422744
422745
422746
422747
422748
422749
422750
422751
422752
422753
422754
422755
422756
422757
422758
422759
422760
422761
422762
422763
422764
422765
422766
422767
422768
422769
422770
422771
422772
422773
422774
422775
422776
422777
422778
422779
422780
422781
422782
422783
422784
422785
422786
422787
422788
422789
422790
422791
422792
422793
422794
422795
422796
422797
422798
422799
422800
422801
422802
422803
422804
422805
422806
422807
422808
422809
422810
422811
422812
422813
422814
422815
422816
422817
422818
422819
422820
422821
422822
422823
422824
422825
422826
422827
422828
422829
422830
422831
422832
422833
422834
422835
422836
422837
422838
422839
422840
422841
422842
422843
422844
422845
422846
422847
422848
422849
422850
422851
422852
422853
422854
422855
422856
422857
422858
422859
422860
422861
422862
422863
422864
422865
422866
422867
422868
422869
422870
422871
422872
422873
422874
422875
422876
422877
422878
422879
422880
422881
422882
422883
422884
422885
422886
422887
422888
422889
422890
422891
422892
422893
422894
422895
422896
422897
422898
422899
422900
422901
422902
422903
422904
422905
422906
422907
422908
422909
422910
422911
422912
422913
422914
422915
422916
422917
422918
422919
422920
422921
422922
422923
422924
422925
422926
422927
422928
422929
422930
422931
422932
422933
422934
422935
422936
422937
422938
422939
422940
422941
422942
422943
422944
422945
422946
422947
422948
422949
422950
422951
422952
422953
422954
422955
422956
422957
422958
422959
422960
422961
422962
422963
422964
422965
422966
422967
422968
422969
422970
422971
422972
422973
422974
422975
422976
422977
422978
422979
422980
422981
422982
422983
422984
422985
422986
422987
422988
422989
422990
422991
422992
422993
422994
422995
422996
422997
422998
422999
423000
423001
423002
423003
423004
423005
423006
423007
423008
423009
423010
423011
423012
423013
423014
423015
423016
423017
423018
423019
423020
423021
423022
423023
423024
423025
423026
423027
423028
423029
423030
423031
423032
423033
423034
423035
423036
423037
423038
423039
423040
423041
423042
423043
423044
423045
423046
423047
423048
423049
423050
423051
423052
423053
423054
423055
423056
423057
423058
423059
423060
423061
423062
423063
423064
423065
423066
423067
423068
423069
423070
423071
423072
423073
423074
423075
423076
423077
423078
423079
423080
423081
423082
423083
423084
423085
423086
423087
423088
423089
423090
423091
423092
423093
423094
423095
423096
423097
423098
423099
423100
423101
423102
423103
423104
423105
423106
423107
423108
423109
423110
423111
423112
423113
423114
423115
423116
423117
423118
423119
423120
423121
423122
423123
423124
423125
423126
423127
423128
423129
423130
423131
423132
423133
423134
423135
423136
423137
423138
423139
423140
423141
423142
423143
423144
423145
423146
423147
423148
423149
423150
423151
423152
423153
423154
423155
423156
423157
423158
423159
423160
423161
423162
423163
423164
423165
423166
423167
423168
423169
423170
423171
423172
423173
423174
423175
423176
423177
423178
423179
423180
423181
423182
423183
423184
423185
423186
423187
423188
423189
423190
423191
423192
423193
423194
423195
423196
423197
423198
423199
423200
423201
423202
423203
423204
423205
423206
423207
423208
423209
423210
423211
423212
423213
423214
423215
423216
423217
423218
423219
423220
423221
423222
423223
423224
423225
423226
423227
423228
423229
423230
423231
423232
423233
423234
423235
423236
423237
423238
423239
423240
423241
423242
423243
423244
423245
423246
423247
423248
423249
423250
423251
423252
423253
423254
423255
423256
423257
423258
423259
423260
423261
423262
423263
423264
423265
423266
423267
423268
423269
423270
423271
423272
423273
423274
423275
423276
423277
423278
423279
423280
423281
423282
423283
423284
423285
423286
423287
423288
423289
423290
423291
423292
423293
423294
423295
423296
423297
423298
423299
423300
423301
423302
423303
423304
423305
423306
423307
423308
423309
423310
423311
423312
423313
423314
423315
423316
423317
423318
423319
423320
423321
423322
423323
423324
423325
423326
423327
423328
423329
423330
423331
423332
423333
423334
423335
423336
423337
423338
423339
423340
423341
423342
423343
423344
423345
423346
423347
423348
423349
423350
423351
423352
423353
423354
423355
423356
423357
423358
423359
423360
423361
423362
423363
423364
423365
423366
423367
423368
423369
423370
423371
423372
423373
423374
423375
423376
423377
423378
423379
423380
423381
423382
423383
423384
423385
423386
423387
423388
423389
423390
423391
423392
423393
423394
423395
423396
423397
423398
423399
423400
423401
423402
423403
423404
423405
423406
423407
423408
423409
423410
423411
423412
423413
423414
423415
423416
423417
423418
423419
423420
423421
423422
423423
423424
423425
423426
423427
423428
423429
423430
423431
423432
423433
423434
423435
423436
423437
423438
423439
428800
428801
428802
428803
428804
428805
428806
428807
428808
428809
428810
428811
428812
428813
428814
428815
428816
428817
428818
428819
428820
428821
428822
428823
428824
428825
428826
428827
428828
428829
428830
428831
428832
428833
428834
428835
428836
428837
428838
428839
428840
428841
428842
428843
428844
428845
428846
428847
428848
428849
428850
428851
428852
428853
428854
428855
428856
428857
428858
428859
428860
428861
428862
428863
428864
428865
428866
428867
428868
428869
428870
428871
428872
428873
428874
428875
428876
428877
428878
428879
428880
428881
428882
428883
428884
428885
428886
428887
428888
428889
428890
428891
428892
428893
428894
428895
428896
428897
428898
428899
428900
428901
428902
428903
428904
428905
428906
428907
428908
428909
428910
428911
428912
428913
428914
428915
428916
428917
428918
428919
428920
428921
428922
428923
428924
428925
428926
428927
428928
428929
428930
428931
428932
428933
428934
428935
428936
428937
428938
428939
428940
428941
428942
428943
428944
428945
428946
428947
428948
428949
428950
428951
428952
428953
428954
428955
428956
428957
428958
428959
428960
428961
428962
428963
428964
428965
428966
428967
428968
428969
428970
428971
428972
428973
428974
428975
428976
428977
428978
428979
428980
428981
428982
428983
428984
428985
428986
428987
428988
428989
428990
428991
428992
428993
428994
428995
428996
428997
428998
428999
429000
429001
429002
429003
429004
429005
429006
429007
429008
429009
429010
429011
429012
429013
429014
429015
429016
429017
429018
429019
429020
429021
429022
429023
429024
429025
429026
429027
429028
429029
429030
429031
429032
429033
429034
429035
429036
429037
429038
429039
429040
429041
429042
429043
429044
429045
429046
429047
429048
429049
429050
429051
429052
429053
429054
429055
429056
429057
429058
429059
429060
429061
429062
429063
429064
429065
429066
429067
429068
429069
429070
429071
429072
429073
429074
429075
429076
429077
429078
429079
429080
429081
429082
429083
429084
429085
429086
429087
429088
429089
429090
429091
429092
429093
429094
429095
429096
429097
429098
429099
429100
429101
429102
429103
429104
429105
429106
429107
429108
429109
429110
429111
429112
429113
429114
429115
429116
429117
429118
429119
429120
429121
429122
429123
429124
429125
429126
429127
429128
429129
429130
429131
429132
429133
429134
429135
429136
429137
429138
429139
429140
429141
429142
429143
429144
429145
429146
429147
429148
429149
429150
429151
429152
429153
429154
429155
429156
429157
429158
429159
429160
429161
429162
429163
429164
429165
429166
429167
429168
429169
429170
429171
429172
429173
429174
429175
429176
429177
429178
429179
429180
429181
429182
429183
429184
429185
429186
429187
429188
429189
429190
429191
429192
429193
429194
429195
429196
429197
429198
429199
429200
429201
429202
429203
429204
429205
429206
429207
429208
429209
429210
429211
429212
429213
429214
429215
429216
429217
429218
429219
429220
429221
429222
429223
429224
429225
429226
429227
429228
429229
429230
429231
429232
429233
429234
429235
429236
429237
429238
429239
429240
429241
429242
429243
429244
429245
429246
429247
429248
429249
429250
429251
429252
429253
429254
429255
429256
429257
429258
429259
429260
429261
429262
429263
429264
429265
429266
429267
429268
429269
429270
429271
429272
429273
429274
429275
429276
429277
429278
429279
429280
429281
429282
429283
429284
429285
429286
429287
429288
429289
429290
429291
429292
429293
429294
429295
429296
429297
429298
429299
429300
429301
429302
429303
429304
429305
429306
429307
429308
429309
429310
429311
429312
429313
429314
429315
429316
429317
429318
429319
429320
429321
429322
429323
429324
429325
429326
429327
429328
429329
429330
429331
429332
429333
429334
429335
429336
429337
429338
429339
429340
429341
429342
429343
429344
429345
429346
429347
429348
429349
429350
429351
429352
429353
429354
429355
429356
429357
429358
429359
429360
429361
429362
429363
429364
429365
429366
429367
429368
429369
429370
429371
429372
429373
429374
429375
429376
429377
429378
429379
429380
429381
429382
429383
429384
429385
429386
429387
429388
429389
429390
429391
429392
429393
429394
429395
429396
429397
429398
429399
429400
429401
429402
429403
429404
429405
429406
429407
429408
429409
429410
429411
429412
429413
429414
429415
429416
429417
429418
429419
429420
429421
429422
429423
429424
429425
429426
429427
429428
429429
429430
429431
429432
429433
429434
429435
429436
429437
429438
429439
429440
429441
429442
429443
429444
429445
429446
429447
429448
429449
429450
429451
429452
429453
429454
429455
429456
429457
429458
429459
429460
429461
429462
429463
429464
429465
429466
429467
429468
429469
429470
429471
429472
429473
429474
429475
429476
429477
429478
429479
429480
429481
429482
429483
429484
429485
429486
429487
429488
429489
429490
429491
429492
429493
429494
429495
429496
429497
429498
429499
429500
429501
429502
429503
429504
429505
429506
429507
429508
429509
429510
429511
429512
429513
429514
429515
429516
429517
429518
429519
429520
429521
429522
429523
429524
429525
429526
429527
429528
429529
429530
429531
429532
429533
429534
429535
429536
429537
429538
429539
429540
429541
429542
429543
429544
429545
429546
429547
429548
429549
429550
429551
429552
429553
429554
429555
429556
429557
429558
429559
429560
429561
429562
429563
429564
429565
429566
429567
429568
429569
429570
429571
429572
429573
429574
429575
429576
429577
429578
429579
429580
429581
429582
429583
429584
429585
429586
429587
429588
429589
429590
429591
429592
429593
429594
429595
429596
429597
429598
429599
429600
429601
429602
429603
429604
429605
429606
429607
429608
429609
429610
429611
429612
429613
429614
429615
429616
429617
429618
429619
429620
429621
429622
429623
429624
429625
429626
429627
429628
429629
429630
429631
429632
429633
429634
429635
429636
429637
429638
429639
429640
429641
429642
429643
429644
429645
429646
429647
429648
429649
429650
429651
429652
429653
429654
429655
429656
429657
429658
429659
429660
429661
429662
429663
429664
429665
429666
429667
429668
429669
429670
429671
429672
429673
429674
429675
429676
429677
429678
429679
429680
429681
429682
429683
429684
429685
429686
429687
429688
429689
429690
429691
429692
429693
429694
429695
429696
429697
429698
429699
429700
429701
429702
429703
429704
429705
429706
429707
429708
429709
429710
429711
429712
429713
429714
429715
429716
429717
429718
429719
429720
429721
429722
429723
429724
429725
429726
429727
429728
429729
429730
429731
429732
429733
429734
429735
429736
429737
429738
429739
429740
429741
429742
429743
429744
429745
429746
429747
429748
429749
429750
429751
429752
429753
429754
429755
429756
429757
429758
429759
429760
429761
429762
429763
429764
429765
429766
429767
429768
429769
429770
429771
429772
429773
429774
429775
429776
429777
429778
429779
429780
429781
429782
429783
429784
429785
429786
429787
429788
429789
429790
429791
429792
429793
429794
429795
429796
429797
429798
429799
429800
429801
429802
429803
429804
429805
429806
429807
429808
429809
429810
429811
429812
429813
429814
429815
429816
429817
429818
429819
429820
429821
429822
429823
429824
429825
429826
429827
429828
429829
429830
429831
429832
429833
429834
429835
429836
429837
429838
429839
435200
435201
435202
435203
435204
435205
435206
435207
435208
435209
435210
435211
435212
435213
435214
435215
435216
435217
435218
435219
435220
435221
435222
435223
435224
435225
435226
435227
435228
435229
435230
435231
435232
435233
435234
435235
435236
435237
435238
435239
435240
435241
435242
435243
435244
435245
435246
435247
435248
435249
435250
435251
435252
435253
435254
435255
435256
435257
435258
435259
435260
435261
435262
435263
435264
435265
435266
435267
435268
435269
435270
435271
435272
435273
435274
435275
435276
435277
435278
435279
435280
435281
435282
435283
435284
435285
435286
435287
435288
435289
435290
435291
435292
435293
435294
435295
435296
435297
435298
435299
435300
435301
435302
435303
435304
435305
435306
435307
435308
435309
435310
435311
435312
435313
435314
435315
435316
435317
435318
435319
435320
435321
435322
435323
435324
435325
435326
435327
435328
435329
435330
435331
435332
435333
435334
435335
435336
435337
435338
435339
435340
435341
435342
435343
435344
435345
435346
435347
435348
435349
435350
435351
435352
435353
435354
435355
435356
435357
435358
435359
435360
435361
435362
435363
435364
435365
435366
435367
435368
435369
435370
435371
435372
435373
435374
435375
435376
435377
435378
435379
435380
435381
435382
435383
435384
435385
435386
435387
435388
435389
435390
435391
435392
435393
435394
435395
435396
435397
435398
435399
435400
435401
435402
435403
435404
435405
435406
435407
435408
435409
435410
435411
435412
435413
435414
435415
435416
435417
435418
435419
435420
435421
435422
435423
435424
435425
435426
435427
435428
435429
435430
435431
435432
435433
435434
435435
435436
435437
435438
435439
435440
435441
435442
435443
435444
435445
435446
435447
435448
435449
435450
435451
435452
435453
435454
435455
435456
435457
435458
435459
435460
435461
435462
435463
435464
435465
435466
435467
435468
435469
435470
435471
435472
435473
435474
435475
435476
435477
435478
435479
435480
435481
435482
435483
435484
435485
435486
435487
435488
435489
435490
435491
435492
435493
435494
435495
435496
435497
435498
435499
435500
435501
435502
435503
435504
435505
435506
435507
435508
435509
435510
435511
435512
435513
435514
435515
435516
435517
435518
435519
435520
435521
435522
435523
435524
435525
435526
435527
435528
435529
435530
435531
435532
435533
435534
435535
435536
435537
435538
435539
435540
435541
435542
435543
435544
435545
435546
435547
435548
435549
435550
435551
435552
435553
435554
435555
435556
435557
435558
435559
435560
435561
435562
435563
435564
435565
435566
435567
435568
435569
435570
435571
435572
435573
435574
435575
435576
435577
435578
435579
435580
435581
435582
435583
435584
435585
435586
435587
435588
435589
435590
435591
435592
435593
435594
435595
435596
435597
435598
435599
435600
435601
435602
435603
435604
435605
435606
435607
435608
435609
435610
435611
435612
435613
435614
435615
435616
435617
435618
435619
435620
435621
435622
435623
435624
435625
435626
435627
435628
435629
435630
435631
435632
435633
435634
435635
435636
435637
435638
435639
435640
435641
435642
435643
435644
435645
435646
435647
435648
435649
435650
435651
435652
435653
435654
435655
435656
435657
435658
435659
435660
435661
435662
435663
435664
435665
435666
435667
435668
435669
435670
435671
435672
435673
435674
435675
435676
435677
435678
435679
435680
435681
435682
435683
435684
435685
435686
435687
435688
435689
435690
435691
435692
435693
435694
435695
435696
435697
435698
435699
435700
435701
435702
435703
435704
435705
435706
435707
435708
435709
435710
435711
435712
435713
435714
435715
435716
435717
435718
435719
435720
435721
435722
435723
435724
435725
435726
435727
435728
435729
435730
435731
435732
435733
435734
435735
435736
435737
435738
435739
435740
435741
435742
435743
435744
435745
435746
435747
435748
435749
435750
435751
435752
435753
435754
435755
435756
435757
435758
435759
435760
435761
435762
435763
435764
435765
435766
435767
435768
435769
435770
435771
435772
435773
435774
435775
435776
435777
435778
435779
435780
435781
435782
435783
435784
435785
435786
435787
435788
435789
435790
435791
435792
435793
435794
435795
435796
435797
435798
435799
435800
435801
435802
435803
435804
435805
435806
435807
435808
435809
435810
435811
435812
435813
435814
435815
435816
435817
435818
435819
435820
435821
435822
435823
435824
435825
435826
435827
435828
435829
435830
435831
435832
435833
435834
435835
435836
435837
435838
435839
435840
435841
435842
435843
435844
435845
435846
435847
435848
435849
435850
435851
435852
435853
435854
435855
435856
435857
435858
435859
435860
435861
435862
435863
435864
435865
435866
435867
435868
435869
435870
435871
435872
435873
435874
435875
435876
435877
435878
435879
435880
435881
435882
435883
435884
435885
435886
435887
435888
435889
435890
435891
435892
435893
435894
435895
435896
435897
435898
435899
435900
435901
435902
435903
435904
435905
435906
435907
435908
435909
435910
435911
435912
435913
435914
435915
435916
435917
435918
435919
435920
435921
435922
435923
435924
435925
435926
435927
435928
435929
435930
435931
435932
435933
435934
435935
435936
435937
435938
435939
435940
435941
435942
435943
435944
435945
435946
435947
435948
435949
435950
435951
435952
435953
435954
435955
435956
435957
435958
435959
435960
435961
435962
435963
435964
435965
435966
435967
435968
435969
435970
435971
435972
435973
435974
435975
435976
435977
435978
435979
435980
435981
435982
435983
435984
435985
435986
435987
435988
435989
435990
435991
435992
435993
435994
435995
435996
435997
435998
435999
436000
436001
436002
436003
436004
436005
436006
436007
436008
436009
436010
436011
436012
436013
436014
436015
436016
436017
436018
436019
436020
436021
436022
436023
436024
436025
436026
436027
436028
436029
436030
436031
436032
436033
436034
436035
436036
436037
436038
436039
436040
436041
436042
436043
436044
436045
436046
436047
436048
436049
436050
436051
436052
436053
436054
436055
436056
436057
436058
436059
436060
436061
436062
436063
436064
436065
436066
436067
436068
436069
436070
436071
436072
436073
436074
436075
436076
436077
436078
436079
436080
436081
436082
436083
436084
436085
436086
436087
436088
436089
436090
436091
436092
436093
436094
436095
436096
436097
436098
436099
436100
436101
436102
436103
436104
436105
436106
436107
436108
436109
436110
436111
436112
436113
436114
436115
436116
436117
436118
436119
436120
436121
436122
436123
436124
436125
436126
436127
436128
436129
436130
436131
436132
436133
436134
436135
436136
436137
436138
436139
436140
436141
436142
436143
436144
436145
436146
436147
436148
436149
436150
436151
436152
436153
436154
436155
436156
436157
436158
436159
436160
436161
436162
436163
436164
436165
436166
436167
436168
436169
436170
436171
436172
436173
436174
436175
436176
436177
436178
436179
436180
436181
436182
436183
436184
436185
436186
436187
436188
436189
436190
436191
436192
436193
436194
436195
436196
436197
436198
436199
436200
436201
436202
436203
436204
436205
436206
436207
436208
436209
436210
436211
436212
436213
436214
436215
436216
436217
436218
436219
436220
436221
436222
436223
436224
436225
436226
436227
436228
436229
436230
436231
436232
436233
436234
436235
436236
436237
436238
436239
441600
441601
441602
441603
441604
441605
441606
441607
441608
441609
441610
441611
441612
441613
441614
441615
441616
441617
441618
441619
441620
441621
441622
441623
441624
441625
441626
441627
441628
441629
441630
441631
441632
441633
441634
441635
441636
441637
441638
441639
441640
441641
441642
441643
441644
441645
441646
441647
441648
441649
441650
441651
441652
441653
441654
441655
441656
441657
441658
441659
441660
441661
441662
441663
441664
441665
441666
441667
441668
441669
441670
441671
441672
441673
441674
441675
441676
441677
441678
441679
441680
441681
441682
441683
441684
441685
441686
441687
441688
441689
441690
441691
441692
441693
441694
441695
441696
441697
441698
441699
441700
441701
441702
441703
441704
441705
441706
441707
441708
441709
441710
441711
441712
441713
441714
441715
441716
441717
441718
441719
441720
441721
441722
441723
441724
441725
441726
441727
441728
441729
441730
441731
441732
441733
441734
441735
441736
441737
441738
441739
441740
441741
441742
441743
441744
441745
441746
441747
441748
441749
441750
441751
441752
441753
441754
441755
441756
441757
441758
441759
441760
441761
441762
441763
441764
441765
441766
441767
441768
441769
441770
441771
441772
441773
441774
441775
441776
441777
441778
441779
441780
441781
441782
441783
441784
441785
441786
441787
441788
441789
441790
441791
441792
441793
441794
441795
441796
441797
441798
441799
441800
441801
441802
441803
441804
441805
441806
441807
441808
441809
441810
441811
441812
441813
441814
441815
441816
441817
441818
441819
441820
441821
441822
441823
441824
441825
441826
441827
441828
441829
441830
441831
441832
441833
441834
441835
441836
441837
441838
441839
441840
441841
441842
441843
441844
441845
441846
441847
441848
441849
441850
441851
441852
441853
441854
441855
441856
441857
441858
441859
441860
441861
441862
441863
441864
441865
441866
441867
441868
441869
441870
441871
441872
441873
441874
441875
441876
441877
441878
441879
441880
441881
441882
441883
441884
441885
441886
441887
441888
441889
441890
441891
441892
441893
441894
441895
441896
441897
441898
441899
441900
441901
441902
441903
441904
441905
441906
441907
441908
441909
441910
441911
441912
441913
441914
441915
441916
441917
441918
441919
441920
441921
441922
441923
441924
441925
441926
441927
441928
441929
441930
441931
441932
441933
441934
441935
441936
441937
441938
441939
441940
441941
441942
441943
441944
441945
441946
441947
441948
441949
441950
441951
441952
441953
441954
441955
441956
441957
441958
441959
441960
441961
441962
441963
441964
441965
441966
441967
441968
441969
441970
441971
441972
441973
441974
441975
441976
441977
441978
441979
441980
441981
441982
441983
441984
441985
441986
441987
441988
441989
441990
441991
441992
441993
441994
441995
441996
441997
441998
441999
442000
442001
442002
442003
442004
442005
442006
442007
442008
442009
442010
442011
442012
442013
442014
442015
442016
442017
442018
442019
442020
442021
442022
442023
442024
442025
442026
442027
442028
442029
442030
442031
442032
442033
442034
442035
442036
442037
442038
442039
442040
442041
442042
442043
442044
442045
442046
442047
442048
442049
442050
442051
442052
442053
442054
442055
442056
442057
442058
442059
442060
442061
442062
442063
442064
442065
442066
442067
442068
442069
442070
442071
442072
442073
442074
442075
442076
442077
442078
442079
442080
442081
442082
442083
442084
442085
442086
442087
442088
442089
442090
442091
442092
442093
442094
442095
442096
442097
442098
442099
442100
442101
442102
442103
442104
442105
442106
442107
442108
442109
442110
442111
442112
442113
442114
442115
442116
442117
442118
442119
442120
442121
442122
442123
442124
442125
442126
442127
442128
442129
442130
442131
442132
442133
442134
442135
442136
442137
442138
442139
442140
442141
442142
442143
442144
442145
442146
442147
442148
442149
442150
442151
442152
442153
442154
442155
442156
442157
442158
442159
442160
442161
442162
442163
442164
442165
442166
442167
442168
442169
442170
442171
442172
442173
442174
442175
442176
442177
442178
442179
442180
442181
442182
442183
442184
442185
442186
442187
442188
442189
442190
442191
442192
442193
442194
442195
442196
442197
442198
442199
442200
442201
442202
442203
442204
442205
442206
442207
442208
442209
442210
442211
442212
442213
442214
442215
442216
442217
442218
442219
442220
442221
442222
442223
442224
442225
442226
442227
442228
442229
442230
442231
442232
442233
442234
442235
442236
442237
442238
442239
442240
442241
442242
442243
442244
442245
442246
442247
442248
442249
442250
442251
442252
442253
442254
442255
442256
442257
442258
442259
442260
442261
442262
442263
442264
442265
442266
442267
442268
442269
442270
442271
442272
442273
442274
442275
442276
442277
442278
442279
442280
442281
442282
442283
442284
442285
442286
442287
442288
442289
442290
442291
442292
442293
442294
442295
442296
442297
442298
442299
442300
442301
442302
442303
442304
442305
442306
442307
442308
442309
442310
442311
442312
442313
442314
442315
442316
442317
442318
442319
442320
442321
442322
442323
442324
442325
442326
442327
442328
442329
442330
442331
442332
442333
442334
442335
442336
442337
442338
442339
442340
442341
442342
442343
442344
442345
442346
442347
442348
442349
442350
442351
442352
442353
442354
442355
442356
442357
442358
442359
442360
442361
442362
442363
442364
442365
442366
442367
442368
442369
442370
442371
442372
442373
442374
442375
442376
442377
442378
442379
442380
442381
442382
442383
442384
442385
442386
442387
442388
442389
442390
442391
442392
442393
442394
442395
442396
442397
442398
442399
442400
442401
442402
442403
442404
442405
442406
442407
442408
442409
442410
442411
442412
442413
442414
442415
442416
442417
442418
442419
442420
442421
442422
442423
442424
442425
442426
442427
442428
442429
442430
442431
442432
442433
442434
442435
442436
442437
442438
442439
442440
442441
442442
442443
442444
442445
442446
442447
442448
442449
442450
442451
442452
442453
442454
442455
442456
442457
442458
442459
442460
442461
442462
442463
442464
442465
442466
442467
442468
442469
442470
442471
442472
442473
442474
442475
442476
442477
442478
442479
442480
442481
442482
442483
442484
442485
442486
442487
442488
442489
442490
442491
442492
442493
442494
442495
442496
442497
442498
442499
442500
442501
442502
442503
442504
442505
442506
442507
442508
442509
442510
442511
442512
442513
442514
442515
442516
442517
442518
442519
442520
442521
442522
442523
442524
442525
442526
442527
442528
442529
442530
442531
442532
442533
442534
442535
442536
442537
442538
442539
442540
442541
442542
442543
442544
442545
442546
442547
442548
442549
442550
442551
442552
442553
442554
442555
442556
442557
442558
442559
442560
442561
442562
442563
442564
442565
442566
442567
442568
442569
442570
442571
442572
442573
442574
442575
442576
442577
442578
442579
442580
442581
442582
442583
442584
442585
442586
442587
442588
442589
442590
442591
442592
442593
442594
442595
442596
442597
442598
442599
442600
442601
442602
442603
442604
442605
442606
442607
442608
442609
442610
442611
442612
442613
442614
442615
442616
442617
442618
442619
442620
442621
442622
442623
442624
442625
442626
442627
442628
442629
442630
442631
442632
442633
442634
442635
442636
442637
442638
442639
448000
448001
448002
448003
448004
448005
448006
448007
448008
448009
448010
448011
448012
448013
448014
448015
448016
448017
448018
448019
448020
448021
448022
448023
448024
448025
448026
448027
448028
448029
448030
448031
448032
448033
448034
448035
448036
448037
448038
448039
448040
448041
448042
448043
448044
448045
448046
448047
448048
448049
448050
448051
448052
448053
448054
448055
448056
448057
448058
448059
448060
448061
448062
448063
448064
448065
448066
448067
448068
448069
448070
448071
448072
448073
448074
448075
448076
448077
448078
448079
448080
448081
448082
448083
448084
448085
448086
448087
448088
448089
448090
448091
448092
448093
448094
448095
448096
448097
448098
448099
448100
448101
448102
448103
448104
448105
448106
448107
448108
448109
448110
448111
448112
448113
448114
448115
448116
448117
448118
448119
448120
448121
448122
448123
448124
448125
448126
448127
448128
448129
448130
448131
448132
448133
448134
448135
448136
448137
448138
448139
448140
448141
448142
448143
448144
448145
448146
448147
448148
448149
448150
448151
448152
448153
448154
448155
448156
448157
448158
448159
448160
448161
448162
448163
448164
448165
448166
448167
448168
448169
448170
448171
448172
448173
448174
448175
448176
448177
448178
448179
448180
448181
448182
448183
448184
448185
448186
448187
448188
448189
448190
448191
448192
448193
448194
448195
448196
448197
448198
448199
448200
448201
448202
448203
448204
448205
448206
448207
448208
448209
448210
448211
448212
448213
448214
448215
448216
448217
448218
448219
448220
448221
448222
448223
448224
448225
448226
448227
448228
448229
448230
448231
448232
448233
448234
448235
448236
448237
448238
448239
448240
448241
448242
448243
448244
448245
448246
448247
448248
448249
448250
448251
448252
448253
448254
448255
448256
448257
448258
448259
448260
448261
448262
448263
448264
448265
448266
448267
448268
448269
448270
448271
448272
448273
448274
448275
448276
448277
448278
448279
448280
448281
448282
448283
448284
448285
448286
448287
448288
448289
448290
448291
448292
448293
448294
448295
448296
448297
448298
448299
448300
448301
448302
448303
448304
448305
448306
448307
448308
448309
448310
448311
448312
448313
448314
448315
448316
448317
448318
448319
448320
448321
448322
448323
448324
448325
448326
448327
448328
448329
448330
448331
448332
448333
448334
448335
448336
448337
448338
448339
448340
448341
448342
448343
448344
448345
448346
448347
448348
448349
448350
448351
448352
448353
448354
448355
448356
448357
448358
448359
448360
448361
448362
448363
448364
448365
448366
448367
448368
448369
448370
448371
448372
448373
448374
448375
448376
448377
448378
448379
448380
448381
448382
448383
448384
448385
448386
448387
448388
448389
448390
448391
448392
448393
448394
448395
448396
448397
448398
448399
448400
448401
448402
448403
448404
448405
448406
448407
448408
448409
448410
448411
448412
448413
448414
448415
448416
448417
448418
448419
448420
448421
448422
448423
448424
448425
448426
448427
448428
448429
448430
448431
448432
448433
448434
448435
448436
448437
448438
448439
448440
448441
448442
448443
448444
448445
448446
448447
448448
448449
448450
448451
448452
448453
448454
448455
448456
448457
448458
448459
448460
448461
448462
448463
448464
448465
448466
448467
448468
448469
448470
448471
448472
448473
448474
448475
448476
448477
448478
448479
448480
448481
448482
448483
448484
448485
448486
448487
448488
448489
448490
448491
448492
448493
448494
448495
448496
448497
448498
448499
448500
448501
448502
448503
448504
448505
448506
448507
448508
448509
448510
448511
448512
448513
448514
448515
448516
448517
448518
448519
448520
448521
448522
448523
448524
448525
448526
448527
448528
448529
448530
448531
448532
448533
448534
448535
448536
448537
448538
448539
448540
448541
448542
448543
448544
448545
448546
448547
448548
448549
448550
448551
448552
448553
448554
448555
448556
448557
448558
448559
448560
448561
448562
448563
448564
448565
448566
448567
448568
448569
448570
448571
448572
448573
448574
448575
448576
448577
448578
448579
448580
448581
448582
448583
448584
448585
448586
448587
448588
448589
448590
448591
448592
448593
448594
448595
448596
448597
448598
448599
448600
448601
448602
448603
448604
448605
448606
448607
448608
448609
448610
448611
448612
448613
448614
448615
448616
448617
448618
448619
448620
448621
448622
448623
448624
448625
448626
448627
448628
448629
448630
448631
448632
448633
448634
448635
448636
448637
448638
448639
448640
448641
448642
448643
448644
448645
448646
448647
448648
448649
448650
448651
448652
448653
448654
448655
448656
448657
448658
448659
448660
448661
448662
448663
448664
448665
448666
448667
448668
448669
448670
448671
448672
448673
448674
448675
448676
448677
448678
448679
448680
448681
448682
448683
448684
448685
448686
448687
448688
448689
448690
448691
448692
448693
448694
448695
448696
448697
448698
448699
448700
448701
448702
448703
448704
448705
448706
448707
448708
448709
448710
448711
448712
448713
448714
448715
448716
448717
448718
448719
448720
448721
448722
448723
448724
448725
448726
448727
448728
448729
448730
448731
448732
448733
448734
448735
448736
448737
448738
448739
448740
448741
448742
448743
448744
448745
448746
448747
448748
448749
448750
448751
448752
448753
448754
448755
448756
448757
448758
448759
448760
448761
448762
448763
448764
448765
448766
448767
448768
448769
448770
448771
448772
448773
448774
448775
448776
448777
448778
448779
448780
448781
448782
448783
448784
448785
448786
448787
448788
448789
448790
448791
448792
448793
448794
448795
448796
448797
448798
448799
448800
448801
448802
448803
448804
448805
448806
448807
448808
448809
448810
448811
448812
448813
448814
448815
448816
448817
448818
448819
448820
448821
448822
448823
448824
448825
448826
448827
448828
448829
448830
448831
448832
448833
448834
448835
448836
448837
448838
448839
448840
448841
448842
448843
448844
448845
448846
448847
448848
448849
448850
448851
448852
448853
448854
448855
448856
448857
448858
448859
448860
448861
448862
448863
448864
448865
448866
448867
448868
448869
448870
448871
448872
448873
448874
448875
448876
448877
448878
448879
448880
448881
448882
448883
448884
448885
448886
448887
448888
448889
448890
448891
448892
448893
448894
448895
448896
448897
448898
448899
448900
448901
448902
448903
448904
448905
448906
448907
448908
448909
448910
448911
448912
448913
448914
448915
448916
448917
448918
448919
448920
448921
448922
448923
448924
448925
448926
448927
448928
448929
448930
448931
448932
448933
448934
448935
448936
448937
448938
448939
448940
448941
448942
448943
448944
448945
448946
448947
448948
448949
448950
448951
448952
448953
448954
448955
448956
448957
448958
448959
448960
448961
448962
448963
448964
448965
448966
448967
448968
448969
448970
448971
448972
448973
448974
448975
448976
448977
448978
448979
448980
448981
448982
448983
448984
448985
448986
448987
448988
448989
448990
448991
448992
448993
448994
448995
448996
448997
448998
448999
449000
449001
449002
449003
449004
449005
449006
449007
449008
449009
449010
449011
449012
449013
449014
449015
449016
449017
449018
449019
449020
449021
449022
449023
449024
449025
449026
449027
449028
449029
449030
449031
449032
449033
449034
449035
449036
449037
449038
449039
454400
454401
454402
454403
454404
454405
454406
454407
454408
454409
454410
454411
454412
454413
454414
454415
454416
454417
454418
454419
454420
454421
454422
454423
454424
454425
454426
454427
454428
454429
454430
454431
454432
454433
454434
454435
454436
454437
454438
454439
454440
454441
454442
454443
454444
454445
454446
454447
454448
454449
454450
454451
454452
454453
454454
454455
454456
454457
454458
454459
454460
454461
454462
454463
454464
454465
454466
454467
454468
454469
454470
454471
454472
454473
454474
454475
454476
454477
454478
454479
454480
454481
454482
454483
454484
454485
454486
454487
454488
454489
454490
454491
454492
454493
454494
454495
454496
454497
454498
454499
454500
454501
454502
454503
454504
454505
454506
454507
454508
454509
454510
454511
454512
454513
454514
454515
454516
454517
454518
454519
454520
454521
454522
454523
454524
454525
454526
454527
454528
454529
454530
454531
454532
454533
454534
454535
454536
454537
454538
454539
454540
454541
454542
454543
454544
454545
454546
454547
454548
454549
454550
454551
454552
454553
454554
454555
454556
454557
454558
454559
454560
454561
454562
454563
454564
454565
454566
454567
454568
454569
454570
454571
454572
454573
454574
454575
454576
454577
454578
454579
454580
454581
454582
454583
454584
454585
454586
454587
454588
454589
454590
454591
454592
454593
454594
454595
454596
454597
454598
454599
454600
454601
454602
454603
454604
454605
454606
454607
454608
454609
454610
454611
454612
454613
454614
454615
454616
454617
454618
454619
454620
454621
454622
454623
454624
454625
454626
454627
454628
454629
454630
454631
454632
454633
454634
454635
454636
454637
454638
454639
454640
454641
454642
454643
454644
454645
454646
454647
454648
454649
454650
454651
454652
454653
454654
454655
454656
454657
454658
454659
454660
454661
454662
454663
454664
454665
454666
454667
454668
454669
454670
454671
454672
454673
454674
454675
454676
454677
454678
454679
454680
454681
454682
454683
454684
454685
454686
454687
454688
454689
454690
454691
454692
454693
454694
454695
454696
454697
454698
454699
454700
454701
454702
454703
454704
454705
454706
454707
454708
454709
454710
454711
454712
454713
454714
454715
454716
454717
454718
454719
454720
454721
454722
454723
454724
454725
454726
454727
454728
454729
454730
454731
454732
454733
454734
454735
454736
454737
454738
454739
454740
454741
454742
454743
454744
454745
454746
454747
454748
454749
454750
454751
454752
454753
454754
454755
454756
454757
454758
454759
454760
454761
454762
454763
454764
454765
454766
454767
454768
454769
454770
454771
454772
454773
454774
454775
454776
454777
454778
454779
454780
454781
454782
454783
454784
454785
454786
454787
454788
454789
454790
454791
454792
454793
454794
454795
454796
454797
454798
454799
454800
454801
454802
454803
454804
454805
454806
454807
454808
454809
454810
454811
454812
454813
454814
454815
454816
454817
454818
454819
454820
454821
454822
454823
454824
454825
454826
454827
454828
454829
454830
454831
454832
454833
454834
454835
454836
454837
454838
454839
454840
454841
454842
454843
454844
454845
454846
454847
454848
454849
454850
454851
454852
454853
454854
454855
454856
454857
454858
454859
454860
454861
454862
454863
454864
454865
454866
454867
454868
454869
454870
454871
454872
454873
454874
454875
454876
454877
454878
454879
454880
454881
454882
454883
454884
454885
454886
454887
454888
454889
454890
454891
454892
454893
454894
454895
454896
454897
454898
454899
454900
454901
454902
454903
454904
454905
454906
454907
454908
454909
454910
454911
454912
454913
454914
454915
454916
454917
454918
454919
454920
454921
454922
454923
454924
454925
454926
454927
454928
454929
454930
454931
454932
454933
454934
454935
454936
454937
454938
454939
454940
454941
454942
454943
454944
454945
454946
454947
454948
454949
454950
454951
454952
454953
454954
454955
454956
454957
454958
454959
454960
454961
454962
454963
454964
454965
454966
454967
454968
454969
454970
454971
454972
454973
454974
454975
454976
454977
454978
454979
454980
454981
454982
454983
454984
454985
454986
454987
454988
454989
454990
454991
454992
454993
454994
454995
454996
454997
454998
454999
455000
455001
455002
455003
455004
455005
455006
455007
455008
455009
455010
455011
455012
455013
455014
455015
455016
455017
455018
455019
455020
455021
455022
455023
455024
455025
455026
455027
455028
455029
455030
455031
455032
455033
455034
455035
455036
455037
455038
455039
455040
455041
455042
455043
455044
455045
455046
455047
455048
455049
455050
455051
455052
455053
455054
455055
455056
455057
455058
455059
455060
455061
455062
455063
455064
455065
455066
455067
455068
455069
455070
455071
455072
455073
455074
455075
455076
455077
455078
455079
455080
455081
455082
455083
455084
455085
455086
455087
455088
455089
455090
455091
455092
455093
455094
455095
455096
455097
455098
455099
455100
455101
455102
455103
455104
455105
455106
455107
455108
455109
455110
455111
455112
455113
455114
455115
455116
455117
455118
455119
455120
455121
455122
455123
455124
455125
455126
455127
455128
455129
455130
455131
455132
455133
455134
455135
455136
455137
455138
455139
455140
455141
455142
455143
455144
455145
455146
455147
455148
455149
455150
455151
455152
455153
455154
455155
455156
455157
455158
455159
455160
455161
455162
455163
455164
455165
455166
455167
455168
455169
455170
455171
455172
455173
455174
455175
455176
455177
455178
455179
455180
455181
455182
455183
455184
455185
455186
455187
455188
455189
455190
455191
455192
455193
455194
455195
455196
455197
455198
455199
455200
455201
455202
455203
455204
455205
455206
455207
455208
455209
455210
455211
455212
455213
455214
455215
455216
455217
455218
455219
455220
455221
455222
455223
455224
455225
455226
455227
455228
455229
455230
455231
455232
455233
455234
455235
455236
455237
455238
455239
455240
455241
455242
455243
455244
455245
455246
455247
455248
455249
455250
455251
455252
455253
455254
455255
455256
455257
455258
455259
455260
455261
455262
455263
455264
455265
455266
455267
455268
455269
455270
455271
455272
455273
455274
455275
455276
455277
455278
455279
455280
455281
455282
455283
455284
455285
455286
455287
455288
455289
455290
455291
455292
455293
455294
455295
455296
455297
455298
455299
455300
455301
455302
455303
455304
455305
455306
455307
455308
455309
455310
455311
455312
455313
455314
455315
455316
455317
455318
455319
455320
455321
455322
455323
455324
455325
455326
455327
455328
455329
455330
455331
455332
455333
455334
455335
455336
455337
455338
455339
455340
455341
455342
455343
455344
455345
455346
455347
455348
455349
455350
455351
455352
455353
455354
455355
455356
455357
455358
455359
455360
455361
455362
455363
455364
455365
455366
455367
455368
455369
455370
455371
455372
455373
455374
455375
455376
455377
455378
455379
455380
455381
455382
455383
455384
455385
455386
455387
455388
455389
455390
455391
455392
455393
455394
455395
455396
455397
455398
455399
455400
455401
455402
455403
455404
455405
455406
455407
455408
455409
455410
455411
455412
455413
455414
455415
455416
455417
455418
455419
455420
455421
455422
455423
455424
455425
455426
455427
455428
455429
455430
455431
455432
455433
455434
455435
455436
455437
455438
455439
460800
460801
460802
460803
460804
460805
460806
460807
460808
460809
460810
460811
460812
460813
460814
460815
460816
460817
460818
460819
460820
460821
460822
460823
460824
460825
460826
460827
460828
460829
460830
460831
460832
460833
460834
460835
460836
460837
460838
460839
460840
460841
460842
460843
460844
460845
460846
460847
460848
460849
460850
460851
460852
460853
460854
460855
460856
460857
460858
460859
460860
460861
460862
460863
460864
460865
460866
460867
460868
460869
460870
460871
460872
460873
460874
460875
460876
460877
460878
460879
460880
460881
460882
460883
460884
460885
460886
460887
460888
460889
460890
460891
460892
460893
460894
460895
460896
460897
460898
460899
460900
460901
460902
460903
460904
460905
460906
460907
460908
460909
460910
460911
460912
460913
460914
460915
460916
460917
460918
460919
460920
460921
460922
460923
460924
460925
460926
460927
460928
460929
460930
460931
460932
460933
460934
460935
460936
460937
460938
460939
460940
460941
460942
460943
460944
460945
460946
460947
460948
460949
460950
460951
460952
460953
460954
460955
460956
460957
460958
460959
460960
460961
460962
460963
460964
460965
460966
460967
460968
460969
460970
460971
460972
460973
460974
460975
460976
460977
460978
460979
460980
460981
460982
460983
460984
460985
460986
460987
460988
460989
460990
460991
460992
460993
460994
460995
460996
460997
460998
460999
461000
461001
461002
461003
461004
461005
461006
461007
461008
461009
461010
461011
461012
461013
461014
461015
461016
461017
461018
461019
461020
461021
461022
461023
461024
461025
461026
461027
461028
461029
461030
461031
461032
461033
461034
461035
461036
461037
461038
461039
461040
461041
461042
461043
461044
461045
461046
461047
461048
461049
461050
461051
461052
461053
461054
461055
461056
461057
461058
461059
461060
461061
461062
461063
461064
461065
461066
461067
461068
461069
461070
461071
461072
461073
461074
461075
461076
461077
461078
461079
461080
461081
461082
461083
461084
461085
461086
461087
461088
461089
461090
461091
461092
461093
461094
461095
461096
461097
461098
461099
461100
461101
461102
461103
461104
461105
461106
461107
461108
461109
461110
461111
461112
461113
461114
461115
461116
461117
461118
461119
461120
461121
461122
461123
461124
461125
461126
461127
461128
461129
461130
461131
461132
461133
461134
461135
461136
461137
461138
461139
461140
461141
461142
461143
461144
461145
461146
461147
461148
461149
461150
461151
461152
461153
461154
461155
461156
461157
461158
461159
461160
461161
461162
461163
461164
461165
461166
461167
461168
461169
461170
461171
461172
461173
461174
461175
461176
461177
461178
461179
461180
461181
461182
461183
461184
461185
461186
461187
461188
461189
461190
461191
461192
461193
461194
461195
461196
461197
461198
461199
461200
461201
461202
461203
461204
461205
461206
461207
461208
461209
461210
461211
461212
461213
461214
461215
461216
461217
461218
461219
461220
461221
461222
461223
461224
461225
461226
461227
461228
461229
461230
461231
461232
461233
461234
461235
461236
461237
461238
461239
461240
461241
461242
461243
461244
461245
461246
461247
461248
461249
461250
461251
461252
461253
461254
461255
461256
461257
461258
461259
461260
461261
461262
461263
461264
461265
461266
461267
461268
461269
461270
461271
461272
461273
461274
461275
461276
461277
461278
461279
461280
461281
461282
461283
461284
461285
461286
461287
461288
461289
461290
461291
461292
461293
461294
461295
461296
461297
461298
461299
461300
461301
461302
461303
461304
461305
461306
461307
461308
461309
461310
461311
461312
461313
461314
461315
461316
461317
461318
461319
461320
461321
461322
461323
461324
461325
461326
461327
461328
461329
461330
461331
461332
461333
461334
461335
461336
461337
461338
461339
461340
461341
461342
461343
461344
461345
461346
461347
461348
461349
461350
461351
461352
461353
461354
461355
461356
461357
461358
461359
461360
461361
461362
461363
461364
461365
461366
461367
461368
461369
461370
461371
461372
461373
461374
461375
461376
461377
461378
461379
461380
461381
461382
461383
461384
461385
461386
461387
461388
461389
461390
461391
461392
461393
461394
461395
461396
461397
461398
461399
461400
461401
461402
461403
461404
461405
461406
461407
461408
461409
461410
461411
461412
461413
461414
461415
461416
461417
461418
461419
461420
461421
461422
461423
461424
461425
461426
461427
461428
461429
461430
461431
461432
461433
461434
461435
461436
461437
461438
461439
461440
461441
461442
461443
461444
461445
461446
461447
461448
461449
461450
461451
461452
461453
461454
461455
461456
461457
461458
461459
461460
461461
461462
461463
461464
461465
461466
461467
461468
461469
461470
461471
461472
461473
461474
461475
461476
461477
461478
461479
461480
461481
461482
461483
461484
461485
461486
461487
461488
461489
461490
461491
461492
461493
461494
461495
461496
461497
461498
461499
461500
461501
461502
461503
461504
461505
461506
461507
461508
461509
461510
461511
461512
461513
461514
461515
461516
461517
461518
461519
461520
461521
461522
461523
461524
461525
461526
461527
461528
461529
461530
461531
461532
461533
461534
461535
461536
461537
461538
461539
461540
461541
461542
461543
461544
461545
461546
461547
461548
461549
461550
461551
461552
461553
461554
461555
461556
461557
461558
461559
461560
461561
461562
461563
461564
461565
461566
461567
461568
461569
461570
461571
461572
461573
461574
461575
461576
461577
461578
461579
461580
461581
461582
461583
461584
461585
461586
461587
461588
461589
461590
461591
461592
461593
461594
461595
461596
461597
461598
461599
461600
461601
461602
461603
461604
461605
461606
461607
461608
461609
461610
461611
461612
461613
461614
461615
461616
461617
461618
461619
461620
461621
461622
461623
461624
461625
461626
461627
461628
461629
461630
461631
461632
461633
461634
461635
461636
461637
461638
461639
461640
461641
461642
461643
461644
461645
461646
461647
461648
461649
461650
461651
461652
461653
461654
461655
461656
461657
461658
461659
461660
461661
461662
461663
461664
461665
461666
461667
461668
461669
461670
461671
461672
461673
461674
461675
461676
461677
461678
461679
461680
461681
461682
461683
461684
461685
461686
461687
461688
461689
461690
461691
461692
461693
461694
461695
461696
461697
461698
461699
461700
461701
461702
461703
461704
461705
461706
461707
461708
461709
461710
461711
461712
461713
461714
461715
461716
461717
461718
461719
461720
461721
461722
461723
461724
461725
461726
461727
461728
461729
461730
461731
461732
461733
461734
461735
461736
461737
461738
461739
461740
461741
461742
461743
461744
461745
461746
461747
461748
461749
461750
461751
461752
461753
461754
461755
461756
461757
461758
461759
461760
461761
461762
461763
461764
461765
461766
461767
461768
461769
461770
461771
461772
461773
461774
461775
461776
461777
461778
461779
461780
461781
461782
461783
461784
461785
461786
461787
461788
461789
461790
461791
461792
461793
461794
461795
461796
461797
461798
461799
461800
461801
461802
461803
461804
461805
461806
461807
461808
461809
461810
461811
461812
461813
461814
461815
461816
461817
461818
461819
461820
461821
461822
461823
461824
461825
461826
461827
461828
461829
461830
461831
461832
461833
461834
461835
461836
461837
461838
461839
467200
467201
467202
467203
467204
467205
467206
467207
467208
467209
467210
467211
467212
467213
467214
467215
467216
467217
467218
467219
467220
467221
467222
467223
467224
467225
467226
467227
467228
467229
467230
467231
467232
467233
467234
467235
467236
467237
467238
467239
467240
467241
467242
467243
467244
467245
467246
467247
467248
467249
467250
467251
467252
467253
467254
467255
467256
467257
467258
467259
467260
467261
467262
467263
467264
467265
467266
467267
467268
467269
467270
467271
467272
467273
467274
467275
467276
467277
467278
467279
467280
467281
467282
467283
467284
467285
467286
467287
467288
467289
467290
467291
467292
467293
467294
467295
467296
467297
467298
467299
467300
467301
467302
467303
467304
467305
467306
467307
467308
467309
467310
467311
467312
467313
467314
467315
467316
467317
467318
467319
467320
467321
467322
467323
467324
467325
467326
467327
467328
467329
467330
467331
467332
467333
467334
467335
467336
467337
467338
467339
467340
467341
467342
467343
467344
467345
467346
467347
467348
467349
467350
467351
467352
467353
467354
467355
467356
467357
467358
467359
467360
467361
467362
467363
467364
467365
467366
467367
467368
467369
467370
467371
467372
467373
467374
467375
467376
467377
467378
467379
467380
467381
467382
467383
467384
467385
467386
467387
467388
467389
467390
467391
467392
467393
467394
467395
467396
467397
467398
467399
467400
467401
467402
467403
467404
467405
467406
467407
467408
467409
467410
467411
467412
467413
467414
467415
467416
467417
467418
467419
467420
467421
467422
467423
467424
467425
467426
467427
467428
467429
467430
467431
467432
467433
467434
467435
467436
467437
467438
467439
467440
467441
467442
467443
467444
467445
467446
467447
467448
467449
467450
467451
467452
467453
467454
467455
467456
467457
467458
467459
467460
467461
467462
467463
467464
467465
467466
467467
467468
467469
467470
467471
467472
467473
467474
467475
467476
467477
467478
467479
467480
467481
467482
467483
467484
467485
467486
467487
467488
467489
467490
467491
467492
467493
467494
467495
467496
467497
467498
467499
467500
467501
467502
467503
467504
467505
467506
467507
467508
467509
467510
467511
467512
467513
467514
467515
467516
467517
467518
467519
467520
467521
467522
467523
467524
467525
467526
467527
467528
467529
467530
467531
467532
467533
467534
467535
467536
467537
467538
467539
467540
467541
467542
467543
467544
467545
467546
467547
467548
467549
467550
467551
467552
467553
467554
467555
467556
467557
467558
467559
467560
467561
467562
467563
467564
467565
467566
467567
467568
467569
467570
467571
467572
467573
467574
467575
467576
467577
467578
467579
467580
467581
467582
467583
467584
467585
467586
467587
467588
467589
467590
467591
467592
467593
467594
467595
467596
467597
467598
467599
467600
467601
467602
467603
467604
467605
467606
467607
467608
467609
467610
467611
467612
467613
467614
467615
467616
467617
467618
467619
467620
467621
467622
467623
467624
467625
467626
467627
467628
467629
467630
467631
467632
467633
467634
467635
467636
467637
467638
467639
467640
467641
467642
467643
467644
467645
467646
467647
467648
467649
467650
467651
467652
467653
467654
467655
467656
467657
467658
467659
467660
467661
467662
467663
467664
467665
467666
467667
467668
467669
467670
467671
467672
467673
467674
467675
467676
467677
467678
467679
467680
467681
467682
467683
467684
467685
467686
467687
467688
467689
467690
467691
467692
467693
467694
467695
467696
467697
467698
467699
467700
467701
467702
467703
467704
467705
467706
467707
467708
467709
467710
467711
467712
467713
467714
467715
467716
467717
467718
467719
467720
467721
467722
467723
467724
467725
467726
467727
467728
467729
467730
467731
467732
467733
467734
467735
467736
467737
467738
467739
467740
467741
467742
467743
467744
467745
467746
467747
467748
467749
467750
467751
467752
467753
467754
467755
467756
467757
467758
467759
467760
467761
467762
467763
467764
467765
467766
467767
467768
467769
467770
467771
467772
467773
467774
467775
467776
467777
467778
467779
467780
467781
467782
467783
467784
467785
467786
467787
467788
467789
467790
467791
467792
467793
467794
467795
467796
467797
467798
467799
467800
467801
467802
467803
467804
467805
467806
467807
467808
467809
467810
467811
467812
467813
467814
467815
467816
467817
467818
467819
467820
467821
467822
467823
467824
467825
467826
467827
467828
467829
467830
467831
467832
467833
467834
467835
467836
467837
467838
467839
467840
467841
467842
467843
467844
467845
467846
467847
467848
467849
467850
467851
467852
467853
467854
467855
467856
467857
467858
467859
467860
467861
467862
467863
467864
467865
467866
467867
467868
467869
467870
467871
467872
467873
467874
467875
467876
467877
467878
467879
467880
467881
467882
467883
467884
467885
467886
467887
467888
467889
467890
467891
467892
467893
467894
467895
467896
467897
467898
467899
467900
467901
467902
467903
467904
467905
467906
467907
467908
467909
467910
467911
467912
467913
467914
467915
467916
467917
467918
467919
467920
467921
467922
467923
467924
467925
467926
467927
467928
467929
467930
467931
467932
467933
467934
467935
467936
467937
467938
467939
467940
467941
467942
467943
467944
467945
467946
467947
467948
467949
467950
467951
467952
467953
467954
467955
467956
467957
467958
467959
467960
467961
467962
467963
467964
467965
467966
467967
467968
467969
467970
467971
467972
467973
467974
467975
467976
467977
467978
467979
467980
467981
467982
467983
467984
467985
467986
467987
467988
467989
467990
467991
467992
467993
467994
467995
467996
467997
467998
467999
468000
468001
468002
468003
468004
468005
468006
468007
468008
468009
468010
468011
468012
468013
468014
468015
468016
468017
468018
468019
468020
468021
468022
468023
468024
468025
468026
468027
468028
468029
468030
468031
468032
468033
468034
468035
468036
468037
468038
468039
468040
468041
468042
468043
468044
468045
468046
468047
468048
468049
468050
468051
468052
468053
468054
468055
468056
468057
468058
468059
468060
468061
468062
468063
468064
468065
468066
468067
468068
468069
468070
468071
468072
468073
468074
468075
468076
468077
468078
468079
468080
468081
468082
468083
468084
468085
468086
468087
468088
468089
468090
468091
468092
468093
468094
468095
468096
468097
468098
468099
468100
468101
468102
468103
468104
468105
468106
468107
468108
468109
468110
468111
468112
468113
468114
468115
468116
468117
468118
468119
468120
468121
468122
468123
468124
468125
468126
468127
468128
468129
468130
468131
468132
468133
468134
468135
468136
468137
468138
468139
468140
468141
468142
468143
468144
468145
468146
468147
468148
468149
468150
468151
468152
468153
468154
468155
468156
468157
468158
468159
468160
468161
468162
468163
468164
468165
468166
468167
468168
468169
468170
468171
468172
468173
468174
468175
468176
468177
468178
468179
468180
468181
468182
468183
468184
468185
468186
468187
468188
468189
468190
468191
468192
468193
468194
468195
468196
468197
468198
468199
468200
468201
468202
468203
468204
468205
468206
468207
468208
468209
468210
468211
468212
468213
468214
468215
468216
468217
468218
468219
468220
468221
468222
468223
468224
468225
468226
468227
468228
468229
468230
468231
468232
468233
468234
468235
468236
468237
468238
468239
473600
473601
473602
473603
473604
473605
473606
473607
473608
473609
473610
473611
473612
473613
473614
473615
473616
473617
473618
473619
473620
473621
473622
473623
473624
473625
473626
473627
473628
473629
473630
473631
473632
473633
473634
473635
473636
473637
473638
473639
473640
473641
473642
473643
473644
473645
473646
473647
473648
473649
473650
473651
473652
473653
473654
473655
473656
473657
473658
473659
473660
473661
473662
473663
473664
473665
473666
473667
473668
473669
473670
473671
473672
473673
473674
473675
473676
473677
473678
473679
473680
473681
473682
473683
473684
473685
473686
473687
473688
473689
473690
473691
473692
473693
473694
473695
473696
473697
473698
473699
473700
473701
473702
473703
473704
473705
473706
473707
473708
473709
473710
473711
473712
473713
473714
473715
473716
473717
473718
473719
473720
473721
473722
473723
473724
473725
473726
473727
473728
473729
473730
473731
473732
473733
473734
473735
473736
473737
473738
473739
473740
473741
473742
473743
473744
473745
473746
473747
473748
473749
473750
473751
473752
473753
473754
473755
473756
473757
473758
473759
473760
473761
473762
473763
473764
473765
473766
473767
473768
473769
473770
473771
473772
473773
473774
473775
473776
473777
473778
473779
473780
473781
473782
473783
473784
473785
473786
473787
473788
473789
473790
473791
473792
473793
473794
473795
473796
473797
473798
473799
473800
473801
473802
473803
473804
473805
473806
473807
473808
473809
473810
473811
473812
473813
473814
473815
473816
473817
473818
473819
473820
473821
473822
473823
473824
473825
473826
473827
473828
473829
473830
473831
473832
473833
473834
473835
473836
473837
473838
473839
473840
473841
473842
473843
473844
473845
473846
473847
473848
473849
473850
473851
473852
473853
473854
473855
473856
473857
473858
473859
473860
473861
473862
473863
473864
473865
473866
473867
473868
473869
473870
473871
473872
473873
473874
473875
473876
473877
473878
473879
473880
473881
473882
473883
473884
473885
473886
473887
473888
473889
473890
473891
473892
473893
473894
473895
473896
473897
473898
473899
473900
473901
473902
473903
473904
473905
473906
473907
473908
473909
473910
473911
473912
473913
473914
473915
473916
473917
473918
473919
473920
473921
473922
473923
473924
473925
473926
473927
473928
473929
473930
473931
473932
473933
473934
473935
473936
473937
473938
473939
473940
473941
473942
473943
473944
473945
473946
473947
473948
473949
473950
473951
473952
473953
473954
473955
473956
473957
473958
473959
473960
473961
473962
473963
473964
473965
473966
473967
473968
473969
473970
473971
473972
473973
473974
473975
473976
473977
473978
473979
473980
473981
473982
473983
473984
473985
473986
473987
473988
473989
473990
473991
473992
473993
473994
473995
473996
473997
473998
473999
474000
474001
474002
474003
474004
474005
474006
474007
474008
474009
474010
474011
474012
474013
474014
474015
474016
474017
474018
474019
474020
474021
474022
474023
474024
474025
474026
474027
474028
474029
474030
474031
474032
474033
474034
474035
474036
474037
474038
474039
474040
474041
474042
474043
474044
474045
474046
474047
474048
474049
474050
474051
474052
474053
474054
474055
474056
474057
474058
474059
474060
474061
474062
474063
474064
474065
474066
474067
474068
474069
474070
474071
474072
474073
474074
474075
474076
474077
474078
474079
474080
474081
474082
474083
474084
474085
474086
474087
474088
474089
474090
474091
474092
474093
474094
474095
474096
474097
474098
474099
474100
474101
474102
474103
474104
474105
474106
474107
474108
474109
474110
474111
474112
474113
474114
474115
474116
474117
474118
474119
474120
474121
474122
474123
474124
474125
474126
474127
474128
474129
474130
474131
474132
474133
474134
474135
474136
474137
474138
474139
474140
474141
474142
474143
474144
474145
474146
474147
474148
474149
474150
474151
474152
474153
474154
474155
474156
474157
474158
474159
474160
474161
474162
474163
474164
474165
474166
474167
474168
474169
474170
474171
474172
474173
474174
474175
474176
474177
474178
474179
474180
474181
474182
474183
474184
474185
474186
474187
474188
474189
474190
474191
474192
474193
474194
474195
474196
474197
474198
474199
474200
474201
474202
474203
474204
474205
474206
474207
474208
474209
474210
474211
474212
474213
474214
474215
474216
474217
474218
474219
474220
474221
474222
474223
474224
474225
474226
474227
474228
474229
474230
474231
474232
474233
474234
474235
474236
474237
474238
474239
474240
474241
474242
474243
474244
474245
474246
474247
474248
474249
474250
474251
474252
474253
474254
474255
474256
474257
474258
474259
474260
474261
474262
474263
474264
474265
474266
474267
474268
474269
474270
474271
474272
474273
474274
474275
474276
474277
474278
474279
474280
474281
474282
474283
474284
474285
474286
474287
474288
474289
474290
474291
474292
474293
474294
474295
474296
474297
474298
474299
474300
474301
474302
474303
474304
474305
474306
474307
474308
474309
474310
474311
474312
474313
474314
474315
474316
474317
474318
474319
474320
474321
474322
474323
474324
474325
474326
474327
474328
474329
474330
474331
474332
474333
474334
474335
474336
474337
474338
474339
474340
474341
474342
474343
474344
474345
474346
474347
474348
474349
474350
474351
474352
474353
474354
474355
474356
474357
474358
474359
474360
474361
474362
474363
474364
474365
474366
474367
474368
474369
474370
474371
474372
474373
474374
474375
474376
474377
474378
474379
474380
474381
474382
474383
474384
474385
474386
474387
474388
474389
474390
474391
474392
474393
474394
474395
474396
474397
474398
474399
474400
474401
474402
474403
474404
474405
474406
474407
474408
474409
474410
474411
474412
474413
474414
474415
474416
474417
474418
474419
474420
474421
474422
474423
474424
474425
474426
474427
474428
474429
474430
474431
474432
474433
474434
474435
474436
474437
474438
474439
474440
474441
474442
474443
474444
474445
474446
474447
474448
474449
474450
474451
474452
474453
474454
474455
474456
474457
474458
474459
474460
474461
474462
474463
474464
474465
474466
474467
474468
474469
474470
474471
474472
474473
474474
474475
474476
474477
474478
474479
474480
474481
474482
474483
474484
474485
474486
474487
474488
474489
474490
474491
474492
474493
474494
474495
474496
474497
474498
474499
474500
474501
474502
474503
474504
474505
474506
474507
474508
474509
474510
474511
474512
474513
474514
474515
474516
474517
474518
474519
474520
474521
474522
474523
474524
474525
474526
474527
474528
474529
474530
474531
474532
474533
474534
474535
474536
474537
474538
474539
474540
474541
474542
474543
474544
474545
474546
474547
474548
474549
474550
474551
474552
474553
474554
474555
474556
474557
474558
474559
474560
474561
474562
474563
474564
474565
474566
474567
474568
474569
474570
474571
474572
474573
474574
474575
474576
474577
474578
474579
474580
474581
474582
474583
474584
474585
474586
474587
474588
474589
474590
474591
474592
474593
474594
474595
474596
474597
474598
474599
474600
474601
474602
474603
474604
474605
474606
474607
474608
474609
474610
474611
474612
474613
474614
474615
474616
474617
474618
474619
474620
474621
474622
474623
474624
474625
474626
474627
474628
474629
474630
474631
474632
474633
474634
474635
474636
474637
474638
474639
480000
480001
480002
480003
480004
480005
480006
480007
480008
480009
480010
480011
480012
480013
480014
480015
480016
480017
480018
480019
480020
480021
480022
480023
480024
480025
480026
480027
480028
480029
480030
480031
480032
480033
480034
480035
480036
480037
480038
480039
480040
480041
480042
480043
480044
480045
480046
480047
480048
480049
480050
480051
480052
480053
480054
480055
480056
480057
480058
480059
480060
480061
480062
480063
480064
480065
480066
480067
480068
480069
480070
480071
480072
480073
480074
480075
480076
480077
480078
480079
480080
480081
480082
480083
480084
480085
480086
480087
480088
480089
480090
480091
480092
480093
480094
480095
480096
480097
480098
480099
480100
480101
480102
480103
480104
480105
480106
480107
480108
480109
480110
480111
480112
480113
480114
480115
480116
480117
480118
480119
480120
480121
480122
480123
480124
480125
480126
480127
480128
480129
480130
480131
480132
480133
480134
480135
480136
480137
480138
480139
480140
480141
480142
480143
480144
480145
480146
480147
480148
480149
480150
480151
480152
480153
480154
480155
480156
480157
480158
480159
480160
480161
480162
480163
480164
480165
480166
480167
480168
480169
480170
480171
480172
480173
480174
480175
480176
480177
480178
480179
480180
480181
480182
480183
480184
480185
480186
480187
480188
480189
480190
480191
480192
480193
480194
480195
480196
480197
480198
480199
480200
480201
480202
480203
480204
480205
480206
480207
480208
480209
480210
480211
480212
480213
480214
480215
480216
480217
480218
480219
480220
480221
480222
480223
480224
480225
480226
480227
480228
480229
480230
480231
480232
480233
480234
480235
480236
480237
480238
480239
480240
480241
480242
480243
480244
480245
480246
480247
480248
480249
480250
480251
480252
480253
480254
480255
480256
480257
480258
480259
480260
480261
480262
480263
480264
480265
480266
480267
480268
480269
480270
480271
480272
480273
480274
480275
480276
480277
480278
480279
480280
480281
480282
480283
480284
480285
480286
480287
480288
480289
480290
480291
480292
480293
480294
480295
480296
480297
480298
480299
480300
480301
480302
480303
480304
480305
480306
480307
480308
480309
480310
480311
480312
480313
480314
480315
480316
480317
480318
480319
480320
480321
480322
480323
480324
480325
480326
480327
480328
480329
480330
480331
480332
480333
480334
480335
480336
480337
480338
480339
480340
480341
480342
480343
480344
480345
480346
480347
480348
480349
480350
480351
480352
480353
480354
480355
480356
480357
480358
480359
480360
480361
480362
480363
480364
480365
480366
480367
480368
480369
480370
480371
480372
480373
480374
480375
480376
480377
480378
480379
480380
480381
480382
480383
480384
480385
480386
480387
480388
480389
480390
480391
480392
480393
480394
480395
480396
480397
480398
480399
480400
480401
480402
480403
480404
480405
480406
480407
480408
480409
480410
480411
480412
480413
480414
480415
480416
480417
480418
480419
480420
480421
480422
480423
480424
480425
480426
480427
480428
480429
480430
480431
480432
480433
480434
480435
480436
480437
480438
480439
480440
480441
480442
480443
480444
480445
480446
480447
480448
480449
480450
480451
480452
480453
480454
480455
480456
480457
480458
480459
480460
480461
480462
480463
480464
480465
480466
480467
480468
480469
480470
480471
480472
480473
480474
480475
480476
480477
480478
480479
480480
480481
480482
480483
480484
480485
480486
480487
480488
480489
480490
480491
480492
480493
480494
480495
480496
480497
480498
480499
480500
480501
480502
480503
480504
480505
480506
480507
480508
480509
480510
480511
480512
480513
480514
480515
480516
480517
480518
480519
480520
480521
480522
480523
480524
480525
480526
480527
480528
480529
480530
480531
480532
480533
480534
480535
480536
480537
480538
480539
480540
480541
480542
480543
480544
480545
480546
480547
480548
480549
480550
480551
480552
480553
480554
480555
480556
480557
480558
480559
480560
480561
480562
480563
480564
480565
480566
480567
480568
480569
480570
480571
480572
480573
480574
480575
480576
480577
480578
480579
480580
480581
480582
480583
480584
480585
480586
480587
480588
480589
480590
480591
480592
480593
480594
480595
480596
480597
480598
480599
480600
480601
480602
480603
480604
480605
480606
480607
480608
480609
480610
480611
480612
480613
480614
480615
480616
480617
480618
480619
480620
480621
480622
480623
480624
480625
480626
480627
480628
480629
480630
480631
480632
480633
480634
480635
480636
480637
480638
480639
480640
480641
480642
480643
480644
480645
480646
480647
480648
480649
480650
480651
480652
480653
480654
480655
480656
480657
480658
480659
480660
480661
480662
480663
480664
480665
480666
480667
480668
480669
480670
480671
480672
480673
480674
480675
480676
480677
480678
480679
480680
480681
480682
480683
480684
480685
480686
480687
480688
480689
480690
480691
480692
480693
480694
480695
480696
480697
480698
480699
480700
480701
480702
480703
480704
480705
480706
480707
480708
480709
480710
480711
480712
480713
480714
480715
480716
480717
480718
480719
480720
480721
480722
480723
480724
480725
480726
480727
480728
480729
480730
480731
480732
480733
480734
480735
480736
480737
480738
480739
480740
480741
480742
480743
480744
480745
480746
480747
480748
480749
480750
480751
480752
480753
480754
480755
480756
480757
480758
480759
480760
480761
480762
480763
480764
480765
480766
480767
480768
480769
480770
480771
480772
480773
480774
480775
480776
480777
480778
480779
480780
480781
480782
480783
480784
480785
480786
480787
480788
480789
480790
480791
480792
480793
480794
480795
480796
480797
480798
480799
480800
480801
480802
480803
480804
480805
480806
480807
480808
480809
480810
480811
480812
480813
480814
480815
480816
480817
480818
480819
480820
480821
480822
480823
480824
480825
480826
480827
480828
480829
480830
480831
480832
480833
480834
480835
480836
480837
480838
480839
480840
480841
480842
480843
480844
480845
480846
480847
480848
480849
480850
480851
480852
480853
480854
480855
480856
480857
480858
480859
480860
480861
480862
480863
480864
480865
480866
480867
480868
480869
480870
480871
480872
480873
480874
480875
480876
480877
480878
480879
480880
480881
480882
480883
480884
480885
480886
480887
480888
480889
480890
480891
480892
480893
480894
480895
480896
480897
480898
480899
480900
480901
480902
480903
480904
480905
480906
480907
480908
480909
480910
480911
480912
480913
480914
480915
480916
480917
480918
480919
480920
480921
480922
480923
480924
480925
480926
480927
480928
480929
480930
480931
480932
480933
480934
480935
480936
480937
480938
480939
480940
480941
480942
480943
480944
480945
480946
480947
480948
480949
480950
480951
480952
480953
480954
480955
480956
480957
480958
480959
480960
480961
480962
480963
480964
480965
480966
480967
480968
480969
480970
480971
480972
480973
480974
480975
480976
480977
480978
480979
480980
480981
480982
480983
480984
480985
480986
480987
480988
480989
480990
480991
480992
480993
480994
480995
480996
480997
480998
480999
481000
481001
481002
481003
481004
481005
481006
481007
481008
481009
481010
481011
481012
481013
481014
481015
481016
481017
481018
481019
481020
481021
481022
481023
481024
481025
481026
481027
481028
481029
481030
481031
481032
481033
481034
481035
481036
481037
481038
481039
486400
486401
486402
486403
486404
486405
486406
486407
486408
486409
486410
486411
486412
486413
486414
486415
486416
486417
486418
486419
486420
486421
486422
486423
486424
486425
486426
486427
486428
486429
486430
486431
486432
486433
486434
486435
486436
486437
486438
486439
486440
486441
486442
486443
486444
486445
486446
486447
486448
486449
486450
486451
486452
486453
486454
486455
486456
486457
486458
486459
486460
486461
486462
486463
486464
486465
486466
486467
486468
486469
486470
486471
486472
486473
486474
486475
486476
486477
486478
486479
486480
486481
486482
486483
486484
486485
486486
486487
486488
486489
486490
486491
486492
486493
486494
486495
486496
486497
486498
486499
486500
486501
486502
486503
486504
486505
486506
486507
486508
486509
486510
486511
486512
486513
486514
486515
486516
486517
486518
486519
486520
486521
486522
486523
486524
486525
486526
486527
486528
486529
486530
486531
486532
486533
486534
486535
486536
486537
486538
486539
486540
486541
486542
486543
486544
486545
486546
486547
486548
486549
486550
486551
486552
486553
486554
486555
486556
486557
486558
486559
486560
486561
486562
486563
486564
486565
486566
486567
486568
486569
486570
486571
486572
486573
486574
486575
486576
486577
486578
486579
486580
486581
486582
486583
486584
486585
486586
486587
486588
486589
486590
486591
486592
486593
486594
486595
486596
486597
486598
486599
486600
486601
486602
486603
486604
486605
486606
486607
486608
486609
486610
486611
486612
486613
486614
486615
486616
486617
486618
486619
486620
486621
486622
486623
486624
486625
486626
486627
486628
486629
486630
486631
486632
486633
486634
486635
486636
486637
486638
486639
486640
486641
486642
486643
486644
486645
486646
486647
486648
486649
486650
486651
486652
486653
486654
486655
486656
486657
486658
486659
486660
486661
486662
486663
486664
486665
486666
486667
486668
486669
486670
486671
486672
486673
486674
486675
486676
486677
486678
486679
486680
486681
486682
486683
486684
486685
486686
486687
486688
486689
486690
486691
486692
486693
486694
486695
486696
486697
486698
486699
486700
486701
486702
486703
486704
486705
486706
486707
486708
486709
486710
486711
486712
486713
486714
486715
486716
486717
486718
486719
486720
486721
486722
486723
486724
486725
486726
486727
486728
486729
486730
486731
486732
486733
486734
486735
486736
486737
486738
486739
486740
486741
486742
486743
486744
486745
486746
486747
486748
486749
486750
486751
486752
486753
486754
486755
486756
486757
486758
486759
486760
486761
486762
486763
486764
486765
486766
486767
486768
486769
486770
486771
486772
486773
486774
486775
486776
486777
486778
486779
486780
486781
486782
486783
486784
486785
486786
486787
486788
486789
486790
486791
486792
486793
486794
486795
486796
486797
486798
486799
486800
486801
486802
486803
486804
486805
486806
486807
486808
486809
486810
486811
486812
486813
486814
486815
486816
486817
486818
486819
486820
486821
486822
486823
486824
486825
486826
486827
486828
486829
486830
486831
486832
486833
486834
486835
486836
486837
486838
486839
486840
486841
486842
486843
486844
486845
486846
486847
486848
486849
486850
486851
486852
486853
486854
486855
486856
486857
486858
486859
486860
486861
486862
486863
486864
486865
486866
486867
486868
486869
486870
486871
486872
486873
486874
486875
486876
486877
486878
486879
486880
486881
486882
486883
486884
486885
486886
486887
486888
486889
486890
486891
486892
486893
486894
486895
486896
486897
486898
486899
486900
486901
486902
486903
486904
486905
486906
486907
486908
486909
486910
486911
486912
486913
486914
486915
486916
486917
486918
486919
486920
486921
486922
486923
486924
486925
486926
486927
486928
486929
486930
486931
486932
486933
486934
486935
486936
486937
486938
486939
486940
486941
486942
486943
486944
486945
486946
486947
486948
486949
486950
486951
486952
486953
486954
486955
486956
486957
486958
486959
486960
486961
486962
486963
486964
486965
486966
486967
486968
486969
486970
486971
486972
486973
486974
486975
486976
486977
486978
486979
486980
486981
486982
486983
486984
486985
486986
486987
486988
486989
486990
486991
486992
486993
486994
486995
486996
486997
486998
486999
487000
487001
487002
487003
487004
487005
487006
487007
487008
487009
487010
487011
487012
487013
487014
487015
487016
487017
487018
487019
487020
487021
487022
487023
487024
487025
487026
487027
487028
487029
487030
487031
487032
487033
487034
487035
487036
487037
487038
487039
487040
487041
487042
487043
487044
487045
487046
487047
487048
487049
487050
487051
487052
487053
487054
487055
487056
487057
487058
487059
487060
487061
487062
487063
487064
487065
487066
487067
487068
487069
487070
487071
487072
487073
487074
487075
487076
487077
487078
487079
487080
487081
487082
487083
487084
487085
487086
487087
487088
487089
487090
487091
487092
487093
487094
487095
487096
487097
487098
487099
487100
487101
487102
487103
487104
487105
487106
487107
487108
487109
487110
487111
487112
487113
487114
487115
487116
487117
487118
487119
487120
487121
487122
487123
487124
487125
487126
487127
487128
487129
487130
487131
487132
487133
487134
487135
487136
487137
487138
487139
487140
487141
487142
487143
487144
487145
487146
487147
487148
487149
487150
487151
487152
487153
487154
487155
487156
487157
487158
487159
487160
487161
487162
487163
487164
487165
487166
487167
487168
487169
487170
487171
487172
487173
487174
487175
487176
487177
487178
487179
487180
487181
487182
487183
487184
487185
487186
487187
487188
487189
487190
487191
487192
487193
487194
487195
487196
487197
487198
487199
487200
487201
487202
487203
487204
487205
487206
487207
487208
487209
487210
487211
487212
487213
487214
487215
487216
487217
487218
487219
487220
487221
487222
487223
487224
487225
487226
487227
487228
487229
487230
487231
487232
487233
487234
487235
487236
487237
487238
487239
487240
487241
487242
487243
487244
487245
487246
487247
487248
487249
487250
487251
487252
487253
487254
487255
487256
487257
487258
487259
487260
487261
487262
487263
487264
487265
487266
487267
487268
487269
487270
487271
487272
487273
487274
487275
487276
487277
487278
487279
487280
487281
487282
487283
487284
487285
487286
487287
487288
487289
487290
487291
487292
487293
487294
487295
487296
487297
487298
487299
487300
487301
487302
487303
487304
487305
487306
487307
487308
487309
487310
487311
487312
487313
487314
487315
487316
487317
487318
487319
487320
487321
487322
487323
487324
487325
487326
487327
487328
487329
487330
487331
487332
487333
487334
487335
487336
487337
487338
487339
487340
487341
487342
487343
487344
487345
487346
487347
487348
487349
487350
487351
487352
487353
487354
487355
487356
487357
487358
487359
487360
487361
487362
487363
487364
487365
487366
487367
487368
487369
487370
487371
487372
487373
487374
487375
487376
487377
487378
487379
487380
487381
487382
487383
487384
487385
487386
487387
487388
487389
487390
487391
487392
487393
487394
487395
487396
487397
487398
487399
487400
487401
487402
487403
487404
487405
487406
487407
487408
487409
487410
487411
487412
487413
487414
487415
487416
487417
487418
487419
487420
487421
487422
487423
487424
487425
487426
487427
487428
487429
487430
487431
487432
487433
487434
487435
487436
487437
487438
487439
492800
492801
492802
492803
492804
492805
492806
492807
492808
492809
492810
492811
492812
492813
492814
492815
492816
492817
492818
492819
492820
492821
492822
492823
492824
492825
492826
492827
492828
492829
492830
492831
492832
492833
492834
492835
492836
492837
492838
492839
492840
492841
492842
492843
492844
492845
492846
492847
492848
492849
492850
492851
492852
492853
492854
492855
492856
492857
492858
492859
492860
492861
492862
492863
492864
492865
492866
492867
492868
492869
492870
492871
492872
492873
492874
492875
492876
492877
492878
492879
492880
492881
492882
492883
492884
492885
492886
492887
492888
492889
492890
492891
492892
492893
492894
492895
492896
492897
492898
492899
492900
492901
492902
492903
492904
492905
492906
492907
492908
492909
492910
492911
492912
492913
492914
492915
492916
492917
492918
492919
492920
492921
492922
492923
492924
492925
492926
492927
492928
492929
492930
492931
492932
492933
492934
492935
492936
492937
492938
492939
492940
492941
492942
492943
492944
492945
492946
492947
492948
492949
492950
492951
492952
492953
492954
492955
492956
492957
492958
492959
492960
492961
492962
492963
492964
492965
492966
492967
492968
492969
492970
492971
492972
492973
492974
492975
492976
492977
492978
492979
492980
492981
492982
492983
492984
492985
492986
492987
492988
492989
492990
492991
492992
492993
492994
492995
492996
492997
492998
492999
493000
493001
493002
493003
493004
493005
493006
493007
493008
493009
493010
493011
493012
493013
493014
493015
493016
493017
493018
493019
493020
493021
493022
493023
493024
493025
493026
493027
493028
493029
493030
493031
493032
493033
493034
493035
493036
493037
493038
493039
493040
493041
493042
493043
493044
493045
493046
493047
493048
493049
493050
493051
493052
493053
493054
493055
493056
493057
493058
493059
493060
493061
493062
493063
493064
493065
493066
493067
493068
493069
493070
493071
493072
493073
493074
493075
493076
493077
493078
493079
493080
493081
493082
493083
493084
493085
493086
493087
493088
493089
493090
493091
493092
493093
493094
493095
493096
493097
493098
493099
493100
493101
493102
493103
493104
493105
493106
493107
493108
493109
493110
493111
493112
493113
493114
493115
493116
493117
493118
493119
493120
493121
493122
493123
493124
493125
493126
493127
493128
493129
493130
493131
493132
493133
493134
493135
493136
493137
493138
493139
493140
493141
493142
493143
493144
493145
493146
493147
493148
493149
493150
493151
493152
493153
493154
493155
493156
493157
493158
493159
493160
493161
493162
493163
493164
493165
493166
493167
493168
493169
493170
493171
493172
493173
493174
493175
493176
493177
493178
493179
493180
493181
493182
493183
493184
493185
493186
493187
493188
493189
493190
493191
493192
493193
493194
493195
493196
493197
493198
493199
493200
493201
493202
493203
493204
493205
493206
493207
493208
493209
493210
493211
493212
493213
493214
493215
493216
493217
493218
493219
493220
493221
493222
493223
493224
493225
493226
493227
493228
493229
493230
493231
493232
493233
493234
493235
493236
493237
493238
493239
493240
493241
493242
493243
493244
493245
493246
493247
493248
493249
493250
493251
493252
493253
493254
493255
493256
493257
493258
493259
493260
493261
493262
493263
493264
493265
493266
493267
493268
493269
493270
493271
493272
493273
493274
493275
493276
493277
493278
493279
493280
493281
493282
493283
493284
493285
493286
493287
493288
493289
493290
493291
493292
493293
493294
493295
493296
493297
493298
493299
493300
493301
493302
493303
493304
493305
493306
493307
493308
493309
493310
493311
493312
493313
493314
493315
493316
493317
493318
493319
493320
493321
493322
493323
493324
493325
493326
493327
493328
493329
493330
493331
493332
493333
493334
493335
493336
493337
493338
493339
493340
493341
493342
493343
493344
493345
493346
493347
493348
493349
493350
493351
493352
493353
493354
493355
493356
493357
493358
493359
493360
493361
493362
493363
493364
493365
493366
493367
493368
493369
493370
493371
493372
493373
493374
493375
493376
493377
493378
493379
493380
493381
493382
493383
493384
493385
493386
493387
493388
493389
493390
493391
493392
493393
493394
493395
493396
493397
493398
493399
493400
493401
493402
493403
493404
493405
493406
493407
493408
493409
493410
493411
493412
493413
493414
493415
493416
493417
493418
493419
493420
493421
493422
493423
493424
493425
493426
493427
493428
493429
493430
493431
493432
493433
493434
493435
493436
493437
493438
493439
493440
493441
493442
493443
493444
493445
493446
493447
493448
493449
493450
493451
493452
493453
493454
493455
493456
493457
493458
493459
493460
493461
493462
493463
493464
493465
493466
493467
493468
493469
493470
493471
493472
493473
493474
493475
493476
493477
493478
493479
493480
493481
493482
493483
493484
493485
493486
493487
493488
493489
493490
493491
493492
493493
493494
493495
493496
493497
493498
493499
493500
493501
493502
493503
493504
493505
493506
493507
493508
493509
493510
493511
493512
493513
493514
493515
493516
493517
493518
493519
493520
493521
493522
493523
493524
493525
493526
493527
493528
493529
493530
493531
493532
493533
493534
493535
493536
493537
493538
493539
493540
493541
493542
493543
493544
493545
493546
493547
493548
493549
493550
493551
493552
493553
493554
493555
493556
493557
493558
493559
493560
493561
493562
493563
493564
493565
493566
493567
493568
493569
493570
493571
493572
493573
493574
493575
493576
493577
493578
493579
493580
493581
493582
493583
493584
493585
493586
493587
493588
493589
493590
493591
493592
493593
493594
493595
493596
493597
493598
493599
493600
493601
493602
493603
493604
493605
493606
493607
493608
493609
493610
493611
493612
493613
493614
493615
493616
493617
493618
493619
493620
493621
493622
493623
493624
493625
493626
493627
493628
493629
493630
493631
493632
493633
493634
493635
493636
493637
493638
493639
493640
493641
493642
493643
493644
493645
493646
493647
493648
493649
493650
493651
493652
493653
493654
493655
493656
493657
493658
493659
493660
493661
493662
493663
493664
493665
493666
493667
493668
493669
493670
493671
493672
493673
493674
493675
493676
493677
493678
493679
493680
493681
493682
493683
493684
493685
493686
493687
493688
493689
493690
493691
493692
493693
493694
493695
493696
493697
493698
493699
493700
493701
493702
493703
493704
493705
493706
493707
493708
493709
493710
493711
493712
493713
493714
493715
493716
493717
493718
493719
493720
493721
493722
493723
493724
493725
493726
493727
493728
493729
493730
493731
493732
493733
493734
493735
493736
493737
493738
493739
493740
493741
493742
493743
493744
493745
493746
493747
493748
493749
493750
493751
493752
493753
493754
493755
493756
493757
493758
493759
493760
493761
493762
493763
493764
493765
493766
493767
493768
493769
493770
493771
493772
493773
493774
493775
493776
493777
493778
493779
493780
493781
493782
493783
493784
493785
493786
493787
493788
493789
493790
493791
493792
493793
493794
493795
493796
493797
493798
493799
493800
493801
493802
493803
493804
493805
493806
493807
493808
493809
493810
493811
493812
493813
493814
493815
493816
493817
493818
493819
493820
493821
493822
493823
493824
493825
493826
493827
493828
493829
493830
493831
493832
493833
493834
493835
493836
493837
493838
493839
499200
499201
499202
499203
499204
499205
499206
499207
499208
499209
499210
499211
499212
499213
499214
499215
499216
499217
499218
499219
499220
499221
499222
499223
499224
499225
499226
499227
499228
499229
499230
499231
499232
499233
499234
499235
499236
499237
499238
499239
499240
499241
499242
499243
499244
499245
499246
499247
499248
499249
499250
499251
499252
499253
499254
499255
499256
499257
499258
499259
499260
499261
499262
499263
499264
499265
499266
499267
499268
499269
499270
499271
499272
499273
499274
499275
499276
499277
499278
499279
499280
499281
499282
499283
499284
499285
499286
499287
499288
499289
499290
499291
499292
499293
499294
499295
499296
499297
499298
499299
499300
499301
499302
499303
499304
499305
499306
499307
499308
499309
499310
499311
499312
499313
499314
499315
499316
499317
499318
499319
499320
499321
499322
499323
499324
499325
499326
499327
499328
499329
499330
499331
499332
499333
499334
499335
499336
499337
499338
499339
499340
499341
499342
499343
499344
499345
499346
499347
499348
499349
499350
499351
499352
499353
499354
499355
499356
499357
499358
499359
499360
499361
499362
499363
499364
499365
499366
499367
499368
499369
499370
499371
499372
499373
499374
499375
499376
499377
499378
499379
499380
499381
499382
499383
499384
499385
499386
499387
499388
499389
499390
499391
499392
499393
499394
499395
499396
499397
499398
499399
499400
499401
499402
499403
499404
499405
499406
499407
499408
499409
499410
499411
499412
499413
499414
499415
499416
499417
499418
499419
499420
499421
499422
499423
499424
499425
499426
499427
499428
499429
499430
499431
499432
499433
499434
499435
499436
499437
499438
499439
499440
499441
499442
499443
499444
499445
499446
499447
499448
499449
499450
499451
499452
499453
499454
499455
499456
499457
499458
499459
499460
499461
499462
499463
499464
499465
499466
499467
499468
499469
499470
499471
499472
499473
499474
499475
499476
499477
499478
499479
499480
499481
499482
499483
499484
499485
499486
499487
499488
499489
499490
499491
499492
499493
499494
499495
499496
499497
499498
499499
499500
499501
499502
499503
499504
499505
499506
499507
499508
499509
499510
499511
499512
499513
499514
499515
499516
499517
499518
499519
499520
499521
499522
499523
499524
499525
499526
499527
499528
499529
499530
499531
499532
499533
499534
499535
499536
499537
499538
499539
499540
499541
499542
499543
499544
499545
499546
499547
499548
499549
499550
499551
499552
499553
499554
499555
499556
499557
499558
499559
499560
499561
499562
499563
499564
499565
499566
499567
499568
499569
499570
499571
499572
499573
499574
499575
499576
499577
499578
499579
499580
499581
499582
499583
499584
499585
499586
499587
499588
499589
499590
499591
499592
499593
499594
499595
499596
499597
499598
499599
499600
499601
499602
499603
499604
499605
499606
499607
499608
499609
499610
499611
499612
499613
499614
499615
499616
499617
499618
499619
499620
499621
499622
499623
499624
499625
499626
499627
499628
499629
499630
499631
499632
499633
499634
499635
499636
499637
499638
499639
499640
499641
499642
499643
499644
499645
499646
499647
499648
499649
499650
499651
499652
499653
499654
499655
499656
499657
499658
499659
499660
499661
499662
499663
499664
499665
499666
499667
499668
499669
499670
499671
499672
499673
499674
499675
499676
499677
499678
499679
499680
499681
499682
499683
499684
499685
499686
499687
499688
499689
499690
499691
499692
499693
499694
499695
499696
499697
499698
499699
499700
499701
499702
499703
499704
499705
499706
499707
499708
499709
499710
499711
499712
499713
499714
499715
499716
499717
499718
499719
499720
499721
499722
499723
499724
499725
499726
499727
499728
499729
499730
499731
499732
499733
499734
499735
499736
499737
499738
499739
499740
499741
499742
499743
499744
499745
499746
499747
499748
499749
499750
499751
499752
499753
499754
499755
499756
499757
499758
499759
499760
499761
499762
499763
499764
499765
499766
499767
499768
499769
499770
499771
499772
499773
499774
499775
499776
499777
499778
499779
499780
499781
499782
499783
499784
499785
499786
499787
499788
499789
499790
499791
499792
499793
499794
499795
499796
499797
499798
499799
499800
499801
499802
499803
499804
499805
499806
499807
499808
499809
499810
499811
499812
499813
499814
499815
499816
499817
499818
499819
499820
499821
499822
499823
499824
499825
499826
499827
499828
499829
499830
499831
499832
499833
499834
499835
499836
499837
499838
499839
499840
499841
499842
499843
499844
499845
499846
499847
499848
499849
499850
499851
499852
499853
499854
499855
499856
499857
499858
499859
499860
499861
499862
499863
499864
499865
499866
499867
499868
499869
499870
499871
499872
499873
499874
499875
499876
499877
499878
499879
499880
499881
499882
499883
499884
499885
499886
499887
499888
499889
499890
499891
499892
499893
499894
499895
499896
499897
499898
499899
499900
499901
499902
499903
499904
499905
499906
499907
499908
499909
499910
499911
499912
499913
499914
499915
499916
499917
499918
499919
499920
499921
499922
499923
499924
499925
499926
499927
499928
499929
499930
499931
499932
499933
499934
499935
499936
499937
499938
499939
499940
499941
499942
499943
499944
499945
499946
499947
499948
499949
499950
499951
499952
499953
499954
499955
499956
499957
499958
499959
499960
499961
499962
499963
499964
499965
499966
499967
499968
499969
499970
499971
499972
499973
499974
499975
499976
499977
499978
499979
499980
499981
499982
499983
499984
499985
499986
499987
499988
499989
499990
499991
499992
499993
499994
499995
499996
499997
499998
499999
500000
500001
500002
500003
500004
500005
500006
500007
500008
500009
500010
500011
500012
500013
500014
500015
500016
500017
500018
500019
500020
500021
500022
500023
500024
500025
500026
500027
500028
500029
500030
500031
500032
500033
500034
500035
500036
500037
500038
500039
500040
500041
500042
500043
500044
500045
500046
500047
500048
500049
500050
500051
500052
500053
500054
500055
500056
500057
500058
500059
500060
500061
500062
500063
500064
500065
500066
500067
500068
500069
500070
500071
500072
500073
500074
500075
500076
500077
500078
500079
500080
500081
500082
500083
500084
500085
500086
500087
500088
500089
500090
500091
500092
500093
500094
500095
500096
500097
500098
500099
500100
500101
500102
500103
500104
500105
500106
500107
500108
500109
500110
500111
500112
500113
500114
500115
500116
500117
500118
500119
500120
500121
500122
500123
500124
500125
500126
500127
500128
500129
500130
500131
500132
500133
500134
500135
500136
500137
500138
500139
500140
500141
500142
500143
500144
500145
500146
500147
500148
500149
500150
500151
500152
500153
500154
500155
500156
500157
500158
500159
500160
500161
500162
500163
500164
500165
500166
500167
500168
500169
500170
500171
500172
500173
500174
500175
500176
500177
500178
500179
500180
500181
500182
500183
500184
500185
500186
500187
500188
500189
500190
500191
500192
500193
500194
500195
500196
500197
500198
500199
500200
500201
500202
500203
500204
500205
500206
500207
500208
500209
500210
500211
500212
500213
500214
500215
500216
500217
500218
500219
500220
500221
500222
500223
500224
500225
500226
500227
500228
500229
500230
500231
500232
500233
500234
500235
500236
500237
500238
500239
505600
505601
505602
505603
505604
505605
505606
505607
505608
505609
505610
505611
505612
505613
505614
505615
505616
505617
505618
505619
505620
505621
505622
505623
505624
505625
505626
505627
505628
505629
505630
505631
505632
505633
505634
505635
505636
505637
505638
505639
505640
505641
505642
505643
505644
505645
505646
505647
505648
505649
505650
505651
505652
505653
505654
505655
505656
505657
505658
505659
505660
505661
505662
505663
505664
505665
505666
505667
505668
505669
505670
505671
505672
505673
505674
505675
505676
505677
505678
505679
505680
505681
505682
505683
505684
505685
505686
505687
505688
505689
505690
505691
505692
505693
505694
505695
505696
505697
505698
505699
505700
505701
505702
505703
505704
505705
505706
505707
505708
505709
505710
505711
505712
505713
505714
505715
505716
505717
505718
505719
505720
505721
505722
505723
505724
505725
505726
505727
505728
505729
505730
505731
505732
505733
505734
505735
505736
505737
505738
505739
505740
505741
505742
505743
505744
505745
505746
505747
505748
505749
505750
505751
505752
505753
505754
505755
505756
505757
505758
505759
505760
505761
505762
505763
505764
505765
505766
505767
505768
505769
505770
505771
505772
505773
505774
505775
505776
505777
505778
505779
505780
505781
505782
505783
505784
505785
505786
505787
505788
505789
505790
505791
505792
505793
505794
505795
505796
505797
505798
505799
505800
505801
505802
505803
505804
505805
505806
505807
505808
505809
505810
505811
505812
505813
505814
505815
505816
505817
505818
505819
505820
505821
505822
505823
505824
505825
505826
505827
505828
505829
505830
505831
505832
505833
505834
505835
505836
505837
505838
505839
505840
505841
505842
505843
505844
505845
505846
505847
505848
505849
505850
505851
505852
505853
505854
505855
505856
505857
505858
505859
505860
505861
505862
505863
505864
505865
505866
505867
505868
505869
505870
505871
505872
505873
505874
505875
505876
505877
505878
505879
505880
505881
505882
505883
505884
505885
505886
505887
505888
505889
505890
505891
505892
505893
505894
505895
505896
505897
505898
505899
505900
505901
505902
505903
505904
505905
505906
505907
505908
505909
505910
505911
505912
505913
505914
505915
505916
505917
505918
505919
505920
505921
505922
505923
505924
505925
505926
505927
505928
505929
505930
505931
505932
505933
505934
505935
505936
505937
505938
505939
505940
505941
505942
505943
505944
505945
505946
505947
505948
505949
505950
505951
505952
505953
505954
505955
505956
505957
505958
505959
505960
505961
505962
505963
505964
505965
505966
505967
505968
505969
505970
505971
505972
505973
505974
505975
505976
505977
505978
505979
505980
505981
505982
505983
505984
505985
505986
505987
505988
505989
505990
505991
505992
505993
505994
505995
505996
505997
505998
505999
506000
506001
506002
506003
506004
506005
506006
506007
506008
506009
506010
506011
506012
506013
506014
506015
506016
506017
506018
506019
506020
506021
506022
506023
506024
506025
506026
506027
506028
506029
506030
506031
506032
506033
506034
506035
506036
506037
506038
506039
506040
506041
506042
506043
506044
506045
506046
506047
506048
506049
506050
506051
506052
506053
506054
506055
506056
506057
506058
506059
506060
506061
506062
506063
506064
506065
506066
506067
506068
506069
506070
506071
506072
506073
506074
506075
506076
506077
506078
506079
506080
506081
506082
506083
506084
506085
506086
506087
506088
506089
506090
506091
506092
506093
506094
506095
506096
506097
506098
506099
506100
506101
506102
506103
506104
506105
506106
506107
506108
506109
506110
506111
506112
506113
506114
506115
506116
506117
506118
506119
506120
506121
506122
506123
506124
506125
506126
506127
506128
506129
506130
506131
506132
506133
506134
506135
506136
506137
506138
506139
506140
506141
506142
506143
506144
506145
506146
506147
506148
506149
506150
506151
506152
506153
506154
506155
506156
506157
506158
506159
506160
506161
506162
506163
506164
506165
506166
506167
506168
506169
506170
506171
506172
506173
506174
506175
506176
506177
506178
506179
506180
506181
506182
506183
506184
506185
506186
506187
506188
506189
506190
506191
506192
506193
506194
506195
506196
506197
506198
506199
506200
506201
506202
506203
506204
506205
506206
506207
506208
506209
506210
506211
506212
506213
506214
506215
506216
506217
506218
506219
506220
506221
506222
506223
506224
506225
506226
506227
506228
506229
506230
506231
506232
506233
506234
506235
506236
506237
506238
506239
506240
506241
506242
506243
506244
506245
506246
506247
506248
506249
506250
506251
506252
506253
506254
506255
506256
506257
506258
506259
506260
506261
506262
506263
506264
506265
506266
506267
506268
506269
506270
506271
506272
506273
506274
506275
506276
506277
506278
506279
506280
506281
506282
506283
506284
506285
506286
506287
506288
506289
506290
506291
506292
506293
506294
506295
506296
506297
506298
506299
506300
506301
506302
506303
506304
506305
506306
506307
506308
506309
506310
506311
506312
506313
506314
506315
506316
506317
506318
506319
506320
506321
506322
506323
506324
506325
506326
506327
506328
506329
506330
506331
506332
506333
506334
506335
506336
506337
506338
506339
506340
506341
506342
506343
506344
506345
506346
506347
506348
506349
506350
506351
506352
506353
506354
506355
506356
506357
506358
506359
506360
506361
506362
506363
506364
506365
506366
506367
506368
506369
506370
506371
506372
506373
506374
506375
506376
506377
506378
506379
506380
506381
506382
506383
506384
506385
506386
506387
506388
506389
506390
506391
506392
506393
506394
506395
506396
506397
506398
506399
506400
506401
506402
506403
506404
506405
506406
506407
506408
506409
506410
506411
506412
506413
506414
506415
506416
506417
506418
506419
506420
506421
506422
506423
506424
506425
506426
506427
506428
506429
506430
506431
506432
506433
506434
506435
506436
506437
506438
506439
506440
506441
506442
506443
506444
506445
506446
506447
506448
506449
506450
506451
506452
506453
506454
506455
506456
506457
506458
506459
506460
506461
506462
506463
506464
506465
506466
506467
506468
506469
506470
506471
506472
506473
506474
506475
506476
506477
506478
506479
506480
506481
506482
506483
506484
506485
506486
506487
506488
506489
506490
506491
506492
506493
506494
506495
506496
506497
506498
506499
506500
506501
506502
506503
506504
506505
506506
506507
506508
506509
506510
506511
506512
506513
506514
506515
506516
506517
506518
506519
506520
506521
506522
506523
506524
506525
506526
506527
506528
506529
506530
506531
506532
506533
506534
506535
506536
506537
506538
506539
506540
506541
506542
506543
506544
506545
506546
506547
506548
506549
506550
506551
506552
506553
506554
506555
506556
506557
506558
506559
506560
506561
506562
506563
506564
506565
506566
506567
506568
506569
506570
506571
506572
506573
506574
506575
506576
506577
506578
506579
506580
506581
506582
506583
506584
506585
506586
506587
506588
506589
506590
506591
506592
506593
506594
506595
506596
506597
506598
506599
506600
506601
506602
506603
506604
506605
506606
506607
506608
506609
506610
506611
506612
506613
506614
506615
506616
506617
506618
506619
506620
506621
506622
506623
506624
506625
506626
506627
506628
506629
506630
506631
506632
506633
506634
506635
506636
506637
506638
506639
)


// ************************************************************************* //
