/*--------------------------------*- C++ -*----------------------------------*\
| =========                 |                                                 |
| \\      /  F ield         | OpenFOAM: The Open Source CFD Toolbox           |
|  \\    /   O peration     | Version:  2412                                  |
|   \\  /    A nd           | Website:  www.openfoam.com                      |
|    \\/     M anipulation  |                                                 |
\*---------------------------------------------------------------------------*/
FoamFile
{
    version     2.0;
    format      ascii;
    arch        "LSB;label=32;scalar=64";
    class       labelList;
    location    "constant/polyMesh";
    object      pointProcAddressing;
}
// * * * * * * * * * * * * * * * * * * * * * * * * * * * * * * * * * * * * * //


94117
(
2187
2188
2189
2190
2191
2192
2193
2194
2195
2196
2197
2198
2199
2200
2201
2202
2203
2204
2205
2206
2207
2208
2209
2210
2211
2212
2213
2214
2215
2216
2217
2218
2219
2220
2221
2222
2223
2224
2225
2226
2227
2228
2229
2230
2231
2232
2233
2234
2235
2236
2237
2238
2239
2240
2241
2242
2243
2244
2245
2246
2247
2248
2249
2250
2251
2252
2253
2254
2255
2256
2257
2258
2259
2260
2261
2262
2263
2264
2265
2266
2267
2268
2269
2270
2271
2272
2273
2274
2275
2276
2277
2278
2279
2280
2281
2282
2283
2284
2285
2286
2287
2288
2289
2290
2291
2292
2293
2294
2295
2296
2297
2298
2299
2300
2301
2302
2303
2304
2305
2306
2307
2308
2309
2310
2311
2312
2313
2314
2315
2316
2317
2318
2319
2320
2321
2322
2323
2324
2325
2326
2327
2328
2329
2330
2331
2332
2333
2334
2335
2336
2337
2338
2339
2340
2341
2342
2343
2344
2345
2346
2347
2348
2349
2350
2351
2352
2353
2354
2355
2356
2357
2358
2359
2360
2361
2362
2363
2364
2365
2366
2367
2368
2369
2370
2371
2372
2373
2374
2375
2376
2377
2378
2379
2380
2381
2382
2383
2384
2385
2386
2387
2388
2389
2390
2391
2392
2393
2394
2395
2396
2397
2398
2399
2400
2401
2402
2403
2404
2405
2406
2407
2408
2409
2410
2411
2412
2413
2414
2415
2416
2417
2418
2419
2420
2421
2422
2423
2424
2425
2426
2427
2428
2429
2430
2431
2432
2433
2434
2435
2436
2437
2438
2439
2440
2441
2442
2443
2444
2445
2446
2447
2448
2449
2450
2451
2452
2453
2454
2455
2456
2457
2458
2459
2460
2461
2462
2463
2464
2465
2466
2467
2468
2469
2470
2471
2472
2473
2474
2475
2476
2477
2478
2479
2480
2481
2482
2483
2484
2485
2486
2487
2488
2489
2490
2491
2492
2493
2494
2495
2496
2497
2498
2499
2500
2501
2502
2503
2504
2505
2506
2507
2508
2509
2510
2511
2512
2513
2514
2515
2516
2517
2518
2519
2520
2521
2522
2523
2524
2525
2526
2527
2528
2529
2530
2531
2532
2533
2534
2535
2536
2537
2538
2539
2540
2541
2542
2543
2544
2545
2546
2547
2548
2549
2550
2551
2552
2553
2554
2555
2556
2557
2558
2559
2560
2561
2562
2563
2564
2565
2566
2567
2568
2569
2570
2571
2572
2573
2574
2575
2576
2577
2578
2579
2580
2581
2582
2583
2584
2585
2586
2587
2588
2589
2590
2591
2592
2593
2594
2595
2596
2597
2598
2599
2600
2601
2602
2603
2604
2605
2606
2607
2608
2609
2610
2611
2612
2613
2614
2615
2616
2617
2618
2619
2620
2621
2622
2623
2624
2625
2626
2627
2628
2629
2630
2631
2632
2633
2634
2635
2636
2637
2638
2639
2640
2641
2642
2643
2644
2645
2646
2647
2648
2649
2650
2651
2652
2653
2654
2655
2656
2657
2658
2659
2660
2661
2662
2663
2664
2665
2666
2667
2668
2669
2670
2671
2672
2673
2674
2675
2676
2677
2678
2679
2680
2681
2682
2683
2684
2685
2686
2687
2688
2689
2690
2691
2692
2693
2694
2695
2696
2697
2698
2699
2700
2701
2702
2703
2704
2705
2706
2707
2708
2709
2710
2711
2712
2713
2714
2715
2716
2717
2718
2719
2720
2721
2722
2723
2724
2725
2726
2727
2728
2729
2730
2731
2732
2733
2734
2735
2736
2737
2738
2739
2740
2741
2742
2743
2744
2745
2746
2747
2748
2749
2750
2751
2752
2753
2754
2755
2756
2757
2758
2759
2760
2761
2762
2763
2764
2765
2766
2767
2768
2769
2770
2771
2772
2773
2774
2775
2776
2777
2778
2779
2780
2781
2782
2783
2784
2785
2786
2787
2788
2789
2790
2791
2792
2793
2794
2795
2796
2797
2798
2799
2800
2801
2802
2803
2804
2805
2806
2807
2808
2809
2810
2811
2812
2813
2814
2815
2816
2817
2818
2819
2820
2821
2822
2823
2824
2825
2826
2827
2828
2829
2830
2831
2832
2833
2834
2835
2836
2837
2838
2839
2840
2841
2842
2843
2844
2845
2846
2847
2848
2849
2850
2851
2852
2853
2854
2855
2856
2857
2858
2859
2860
2861
2862
2863
2864
2865
2866
2867
2868
2869
2870
2871
2872
2873
2874
2875
2876
2877
2878
2879
2880
2881
2882
2883
2884
2885
2886
2887
2888
2889
2890
2891
2892
2893
2894
2895
2896
2897
2898
2899
2900
2901
2902
2903
2904
2905
2906
2907
2908
2909
2910
2911
2912
2913
2914
2915
2916
2917
2918
2919
2920
2921
2922
2923
2924
2925
2926
2927
2928
2929
2930
2931
2932
2933
2934
2935
2936
2937
2938
2939
2940
2941
2942
2943
2944
2945
2946
2947
2948
2949
2950
2951
2952
2953
2954
2955
2956
2957
2958
2959
2960
2961
2962
2963
2964
2965
2966
2967
2968
2969
2970
2971
2972
2973
2974
2975
2976
2977
2978
2979
2980
2981
2982
2983
2984
2985
2986
2987
2988
2989
2990
2991
2992
2993
2994
2995
2996
2997
2998
2999
3000
3001
3002
3003
3004
3005
3006
3007
3008
3009
3010
3011
3012
3013
3014
3015
3016
3017
3018
3019
3020
3021
3022
3023
3024
3025
3026
3027
3028
3029
3030
3031
3032
3033
3034
3035
3036
3037
3038
3039
3040
3041
3042
3043
3044
3045
3046
3047
3048
3049
3050
3051
3052
3053
3054
3055
3056
3057
3058
3059
3060
3061
3062
3063
3064
3065
3066
3067
3068
3069
3070
3071
3072
3073
3074
3075
3076
3077
3078
3079
3080
3081
3082
3083
3084
3085
3086
3087
3088
3089
3090
3091
3092
3093
3094
3095
3096
3097
3098
3099
3100
3101
3102
3103
3104
3105
3106
3107
3108
3109
3110
3111
3112
3113
3114
3115
3116
3117
3118
3119
3120
3121
3122
3123
3124
3125
3126
3127
3128
3129
3130
3131
3132
3133
3134
3135
3136
3137
3138
3139
3140
3141
3142
3143
3144
3145
3146
3147
3148
3149
3150
3151
3152
3153
3154
3155
3156
3157
3158
3159
3160
3161
3162
3163
3164
3165
3166
3167
3168
3169
3170
3171
3172
3173
3174
3175
3176
3177
3178
3179
3180
3181
3182
3183
3184
3185
3186
3187
3188
3189
3190
3191
3192
3193
3194
3195
3196
3197
3198
3199
3200
3201
3202
3203
3204
3205
3206
3207
3208
3209
3210
3211
3212
3213
3214
3215
3216
3217
3218
3219
3220
3221
3222
3223
3224
3225
3226
3227
3228
3229
3230
3231
3232
3233
3234
3235
3236
3237
3238
3239
3240
3241
3242
3243
3244
3245
3246
3247
3248
3249
3250
3251
3252
3253
3254
3255
3256
3257
3258
3259
3260
3261
3262
3263
3264
3265
3266
3267
3268
3269
3270
3271
3272
3273
3274
3275
3276
3277
3278
3279
3280
3281
3282
3283
3284
3285
3286
3287
3288
3289
3290
3291
3292
3293
3294
3295
3296
3297
3298
3299
3300
3301
3302
3303
3304
3305
3306
3307
3308
3309
3310
3311
3312
3313
3314
3315
3316
3317
3318
3319
3320
8748
8749
8750
8751
8752
8753
8754
8755
8756
8757
8758
8759
8760
8761
8762
8763
8764
8765
8766
8767
8768
8769
8770
8771
8772
8773
8774
8775
8776
8777
8778
8779
8780
8781
8782
8783
8784
8785
8786
8787
8788
8789
8790
8791
8792
8793
8794
8795
8796
8797
8798
8799
8800
8801
8802
8803
8804
8805
8806
8807
8808
8809
8810
8811
8812
8813
8814
8815
8816
8817
8818
8819
8820
8821
8822
8823
8824
8825
8826
8827
8828
8829
8830
8831
8832
8833
8834
8835
8836
8837
8838
8839
8840
8841
8842
8843
8844
8845
8846
8847
8848
8849
8850
8851
8852
8853
8854
8855
8856
8857
8858
8859
8860
8861
8862
8863
8864
8865
8866
8867
8868
8869
8870
8871
8872
8873
8874
8875
8876
8877
8878
8879
8880
8881
8882
8883
8884
8885
8886
8887
8888
8889
8890
8891
8892
8893
8894
8895
8896
8897
8898
8899
8900
8901
8902
8903
8904
8905
8906
8907
8908
8909
8910
8911
8912
8913
8914
8915
8916
8917
8918
8919
8920
8921
8922
8923
8924
8925
8926
8927
8928
8929
8930
8931
8932
8933
8934
8935
8936
8937
8938
8939
8940
8941
8942
8943
8944
8945
8946
8947
8948
8949
8950
8951
8952
8953
8954
8955
8956
8957
8958
8959
8960
8961
8962
8963
8964
8965
8966
8967
8968
8969
8970
8971
8972
8973
8974
8975
8976
8977
8978
8979
8980
8981
8982
8983
8984
8985
8986
8987
8988
8989
8990
8991
8992
8993
8994
8995
8996
8997
8998
8999
9000
9001
9002
9003
9004
9005
9006
9007
9008
9009
9010
9011
9012
9013
9014
9015
9016
9017
9018
9019
9020
9021
9022
9023
9024
9025
9026
9027
9028
9029
9030
9031
9032
9033
9034
9035
9036
9037
9038
9039
9040
9041
9042
9043
9044
9045
9046
9047
9048
9049
9050
9051
9052
9053
9054
9055
9056
9057
9058
9059
9060
9061
9062
9063
9064
9065
9066
9067
9068
9069
9070
9071
9072
9073
9074
9075
9076
9077
9078
9079
9080
9081
9082
9083
9084
9085
9086
9087
9088
9089
9090
9091
9092
9093
9094
9095
9096
9097
9098
9099
9100
9101
9102
9103
9104
9105
9106
9107
9108
9109
9110
9111
9112
9113
9114
9115
9116
9117
9118
9119
9120
9121
9122
9123
9124
9125
9126
9127
9128
9129
9130
9131
9132
9133
9134
9135
9136
9137
9138
9139
9140
9141
9142
9143
9144
9145
9146
9147
9148
9149
9150
9151
9152
9153
9154
9155
9156
9157
9158
9159
9160
9161
9162
9163
9164
9165
9166
9167
9168
9169
9170
9171
9172
9173
9174
9175
9176
9177
9178
9179
9180
9181
9182
9183
9184
9185
9186
9187
9188
9189
9190
9191
9192
9193
9194
9195
9196
9197
9198
9199
9200
9201
9202
9203
9204
9205
9206
9207
9208
9209
9210
9211
9212
9213
9214
9215
9216
9217
9218
9219
9220
9221
9222
9223
9224
9225
9226
9227
9228
9229
9230
9231
9232
9233
9234
9235
9236
9237
9238
9239
9240
9241
9242
9243
9244
9245
9246
9247
9248
9249
9250
9251
9252
9253
9254
9255
9256
9257
9258
9259
9260
9261
9262
9263
9264
9265
9266
9267
9268
9269
9270
9271
9272
9273
9274
9275
9276
9277
9278
9279
9280
9281
9282
9283
9284
9285
9286
9287
9288
9289
9290
9291
9292
9293
9294
9295
9296
9297
9298
9299
9300
9301
9302
9303
9304
9305
9306
9307
9308
9309
9310
9311
9312
9313
9314
9315
9316
9317
9318
9319
9320
9321
9322
9323
9324
9325
9326
9327
9328
9329
9330
9331
9332
9333
9334
9335
9336
9337
9338
9339
9340
9341
9342
9343
9344
9345
9346
9347
9348
9349
9350
9351
9352
9353
9354
9355
9356
9357
9358
9359
9360
9361
9362
9363
9364
9365
9366
9367
9368
9369
9370
9371
9372
9373
9374
9375
9376
9377
9378
9379
9380
9381
9382
9383
9384
9385
9386
9387
9388
9389
9390
9391
9392
9393
9394
9395
9396
9397
9398
9399
9400
9401
9402
9403
9404
9405
9406
9407
9408
9409
9410
9411
9412
9413
9414
9415
9416
9417
9418
9419
9420
9421
9422
9423
9424
9425
9426
9427
9428
9429
9430
9431
9432
9433
9434
9435
9436
9437
9438
9439
9440
9441
9442
9443
9444
9445
9446
9447
9448
9449
9450
9451
9452
9453
9454
9455
9456
9457
9458
9459
9460
9461
9462
9463
9464
9465
9466
9467
9468
9469
9470
9471
9472
9473
9474
9475
9476
9477
9478
9479
9480
9481
9482
9483
9484
9485
9486
9487
9488
9489
9490
9491
9492
9493
9494
9495
9496
9497
9498
9499
9500
9501
9502
9503
9504
9505
9506
9507
9508
9509
9510
9511
9512
9513
9514
9515
9516
9517
9518
9519
9520
9521
9522
9523
9524
9525
9526
9527
9528
9529
9530
9531
9532
9533
9534
9535
9536
9537
9538
9539
9540
9541
9542
9543
9544
9545
9546
9547
9548
9549
9550
9551
9552
9553
9554
9555
9556
9557
9558
9559
9560
9561
9562
9563
9564
9565
9566
9567
9568
9569
9570
9571
9572
9573
9574
9575
9576
9577
9578
9579
9580
9581
9582
9583
9584
9585
9586
9587
9588
9589
9590
9591
9592
9593
9594
9595
9596
9597
9598
9599
9600
9601
9602
9603
9604
9605
9606
9607
9608
9609
9610
9611
9612
9613
9614
9615
9616
9617
9618
9619
9620
9621
9622
9623
9624
9625
9626
9627
9628
9629
9630
9631
9632
9633
9634
9635
9636
9637
9638
9639
9640
9641
9642
9643
9644
9645
9646
9647
9648
9649
9650
9651
9652
9653
9654
9655
9656
9657
9658
9659
9660
9661
9662
9663
9664
9665
9666
9667
9668
9669
9670
9671
9672
9673
9674
9675
9676
9677
9678
9679
9680
9681
9682
9683
9684
9685
9686
9687
9688
9689
9690
9691
9692
9693
9694
9695
9696
9697
9698
9699
9700
9701
9702
9703
9704
9705
9706
9707
9708
9709
9710
9711
9712
9713
9714
9715
9716
9717
9718
9719
9720
9721
9722
9723
9724
9725
9726
9727
9728
9729
9730
9731
9732
9733
9734
9735
9736
9737
9738
9739
9740
9741
9742
9743
9744
9745
9746
9747
9748
9749
9750
9751
9752
9753
9754
9755
9756
9757
9758
9759
9760
9761
9762
9763
9764
9765
9766
9767
9768
9769
9770
9771
9772
9773
9774
9775
9776
9777
9778
9779
9780
9781
9782
9783
9784
9785
9786
9787
9788
9789
9790
9791
9792
9793
9794
9795
9796
9797
9798
9799
9800
9801
9802
9803
9804
9805
9806
9807
9808
9809
9810
9811
9812
9813
9814
9815
9816
9817
9818
9819
9820
9821
9822
9823
9824
9825
9826
9827
9828
9829
9830
9831
9832
9833
9834
9835
9836
9837
9838
9839
9840
9841
9842
9843
9844
9845
9846
9847
9848
9849
9850
9851
9852
9853
9854
9855
9856
9857
9858
9859
9860
9861
9862
9863
9864
9865
9866
9867
9868
9869
9870
9871
9872
9873
9874
9875
9876
9877
9878
9879
9880
9881
15309
15310
15311
15312
15313
15314
15315
15316
15317
15318
15319
15320
15321
15322
15323
15324
15325
15326
15327
15328
15329
15330
15331
15332
15333
15334
15335
15336
15337
15338
15339
15340
15341
15342
15343
15344
15345
15346
15347
15348
15349
15350
15351
15352
15353
15354
15355
15356
15357
15358
15359
15360
15361
15362
15363
15364
15365
15366
15367
15368
15369
15370
15371
15372
15373
15374
15375
15376
15377
15378
15379
15380
15381
15382
15383
15384
15385
15386
15387
15388
15389
15390
15391
15392
15393
15394
15395
15396
15397
15398
15399
15400
15401
15402
15403
15404
15405
15406
15407
15408
15409
15410
15411
15412
15413
15414
15415
15416
15417
15418
15419
15420
15421
15422
15423
15424
15425
15426
15427
15428
15429
15430
15431
15432
15433
15434
15435
15436
15437
15438
15439
15440
15441
15442
15443
15444
15445
15446
15447
15448
15449
15450
15451
15452
15453
15454
15455
15456
15457
15458
15459
15460
15461
15462
15463
15464
15465
15466
15467
15468
15469
15470
15471
15472
15473
15474
15475
15476
15477
15478
15479
15480
15481
15482
15483
15484
15485
15486
15487
15488
15489
15490
15491
15492
15493
15494
15495
15496
15497
15498
15499
15500
15501
15502
15503
15504
15505
15506
15507
15508
15509
15510
15511
15512
15513
15514
15515
15516
15517
15518
15519
15520
15521
15522
15523
15524
15525
15526
15527
15528
15529
15530
15531
15532
15533
15534
15535
15536
15537
15538
15539
15540
15541
15542
15543
15544
15545
15546
15547
15548
15549
15550
15551
15552
15553
15554
15555
15556
15557
15558
15559
15560
15561
15562
15563
15564
15565
15566
15567
15568
15569
15570
15571
15572
15573
15574
15575
15576
15577
15578
15579
15580
15581
15582
15583
15584
15585
15586
15587
15588
15589
15590
15591
15592
15593
15594
15595
15596
15597
15598
15599
15600
15601
15602
15603
15604
15605
15606
15607
15608
15609
15610
15611
15612
15613
15614
15615
15616
15617
15618
15619
15620
15621
15622
15623
15624
15625
15626
15627
15628
15629
15630
15631
15632
15633
15634
15635
15636
15637
15638
15639
15640
15641
15642
15643
15644
15645
15646
15647
15648
15649
15650
15651
15652
15653
15654
15655
15656
15657
15658
15659
15660
15661
15662
15663
15664
15665
15666
15667
15668
15669
15670
15671
15672
15673
15674
15675
15676
15677
15678
15679
15680
15681
15682
15683
15684
15685
15686
15687
15688
15689
15690
15691
15692
15693
15694
15695
15696
15697
15698
15699
15700
15701
15702
15703
15704
15705
15706
15707
15708
15709
15710
15711
15712
15713
15714
15715
15716
15717
15718
15719
15720
15721
15722
15723
15724
15725
15726
15727
15728
15729
15730
15731
15732
15733
15734
15735
15736
15737
15738
15739
15740
15741
15742
15743
15744
15745
15746
15747
15748
15749
15750
15751
15752
15753
15754
15755
15756
15757
15758
15759
15760
15761
15762
15763
15764
15765
15766
15767
15768
15769
15770
15771
15772
15773
15774
15775
15776
15777
15778
15779
15780
15781
15782
15783
15784
15785
15786
15787
15788
15789
15790
15791
15792
15793
15794
15795
15796
15797
15798
15799
15800
15801
15802
15803
15804
15805
15806
15807
15808
15809
15810
15811
15812
15813
15814
15815
15816
15817
15818
15819
15820
15821
15822
15823
15824
15825
15826
15827
15828
15829
15830
15831
15832
15833
15834
15835
15836
15837
15838
15839
15840
15841
15842
15843
15844
15845
15846
15847
15848
15849
15850
15851
15852
15853
15854
15855
15856
15857
15858
15859
15860
15861
15862
15863
15864
15865
15866
15867
15868
15869
15870
15871
15872
15873
15874
15875
15876
15877
15878
15879
15880
15881
15882
15883
15884
15885
15886
15887
15888
15889
15890
15891
15892
15893
15894
15895
15896
15897
15898
15899
15900
15901
15902
15903
15904
15905
15906
15907
15908
15909
15910
15911
15912
15913
15914
15915
15916
15917
15918
15919
15920
15921
15922
15923
15924
15925
15926
15927
15928
15929
15930
15931
15932
15933
15934
15935
15936
15937
15938
15939
15940
15941
15942
15943
15944
15945
15946
15947
15948
15949
15950
15951
15952
15953
15954
15955
15956
15957
15958
15959
15960
15961
15962
15963
15964
15965
15966
15967
15968
15969
15970
15971
15972
15973
15974
15975
15976
15977
15978
15979
15980
15981
15982
15983
15984
15985
15986
15987
15988
15989
15990
15991
15992
15993
15994
15995
15996
15997
15998
15999
16000
16001
16002
16003
16004
16005
16006
16007
16008
16009
16010
16011
16012
16013
16014
16015
16016
16017
16018
16019
16020
16021
16022
16023
16024
16025
16026
16027
16028
16029
16030
16031
16032
16033
16034
16035
16036
16037
16038
16039
16040
16041
16042
16043
16044
16045
16046
16047
16048
16049
16050
16051
16052
16053
16054
16055
16056
16057
16058
16059
16060
16061
16062
16063
16064
16065
16066
16067
16068
16069
16070
16071
16072
16073
16074
16075
16076
16077
16078
16079
16080
16081
16082
16083
16084
16085
16086
16087
16088
16089
16090
16091
16092
16093
16094
16095
16096
16097
16098
16099
16100
16101
16102
16103
16104
16105
16106
16107
16108
16109
16110
16111
16112
16113
16114
16115
16116
16117
16118
16119
16120
16121
16122
16123
16124
16125
16126
16127
16128
16129
16130
16131
16132
16133
16134
16135
16136
16137
16138
16139
16140
16141
16142
16143
16144
16145
16146
16147
16148
16149
16150
16151
16152
16153
16154
16155
16156
16157
16158
16159
16160
16161
16162
16163
16164
16165
16166
16167
16168
16169
16170
16171
16172
16173
16174
16175
16176
16177
16178
16179
16180
16181
16182
16183
16184
16185
16186
16187
16188
16189
16190
16191
16192
16193
16194
16195
16196
16197
16198
16199
16200
16201
16202
16203
16204
16205
16206
16207
16208
16209
16210
16211
16212
16213
16214
16215
16216
16217
16218
16219
16220
16221
16222
16223
16224
16225
16226
16227
16228
16229
16230
16231
16232
16233
16234
16235
16236
16237
16238
16239
16240
16241
16242
16243
16244
16245
16246
16247
16248
16249
16250
16251
16252
16253
16254
16255
16256
16257
16258
16259
16260
16261
16262
16263
16264
16265
16266
16267
16268
16269
16270
16271
16272
16273
16274
16275
16276
16277
16278
16279
16280
16281
16282
16283
16284
16285
16286
16287
16288
16289
16290
16291
16292
16293
16294
16295
16296
16297
16298
16299
16300
16301
16302
16303
16304
16305
16306
16307
16308
16309
16310
16311
16312
16313
16314
16315
16316
16317
16318
16319
16320
16321
16322
16323
16324
16325
16326
16327
16328
16329
16330
16331
16332
16333
16334
16335
16336
16337
16338
16339
16340
16341
16342
16343
16344
16345
16346
16347
16348
16349
16350
16351
16352
16353
16354
16355
16356
16357
16358
16359
16360
16361
16362
16363
16364
16365
16366
16367
16368
16369
16370
16371
16372
16373
16374
16375
16376
16377
16378
16379
16380
16381
16382
16383
16384
16385
16386
16387
16388
16389
16390
16391
16392
16393
16394
16395
16396
16397
16398
16399
16400
16401
16402
16403
16404
16405
16406
16407
16408
16409
16410
16411
16412
16413
16414
16415
16416
16417
16418
16419
16420
16421
16422
16423
16424
16425
16426
16427
16428
16429
16430
16431
16432
16433
16434
16435
16436
16437
16438
16439
16440
16441
16442
21870
21871
21872
21873
21874
21875
21876
21877
21878
21879
21880
21881
21882
21883
21884
21885
21886
21887
21888
21889
21890
21891
21892
21893
21894
21895
21896
21897
21898
21899
21900
21901
21902
21903
21904
21905
21906
21907
21908
21909
21910
21911
21912
21913
21914
21915
21916
21917
21918
21919
21920
21921
21922
21923
21924
21925
21926
21927
21928
21929
21930
21931
21932
21933
21934
21935
21936
21937
21938
21939
21940
21941
21942
21943
21944
21945
21946
21947
21948
21949
21950
21951
21952
21953
21954
21955
21956
21957
21958
21959
21960
21961
21962
21963
21964
21965
21966
21967
21968
21969
21970
21971
21972
21973
21974
21975
21976
21977
21978
21979
21980
21981
21982
21983
21984
21985
21986
21987
21988
21989
21990
21991
21992
21993
21994
21995
21996
21997
21998
21999
22000
22001
22002
22003
22004
22005
22006
22007
22008
22009
22010
22011
22012
22013
22014
22015
22016
22017
22018
22019
22020
22021
22022
22023
22024
22025
22026
22027
22028
22029
22030
22031
22032
22033
22034
22035
22036
22037
22038
22039
22040
22041
22042
22043
22044
22045
22046
22047
22048
22049
22050
22051
22052
22053
22054
22055
22056
22057
22058
22059
22060
22061
22062
22063
22064
22065
22066
22067
22068
22069
22070
22071
22072
22073
22074
22075
22076
22077
22078
22079
22080
22081
22082
22083
22084
22085
22086
22087
22088
22089
22090
22091
22092
22093
22094
22095
22096
22097
22098
22099
22100
22101
22102
22103
22104
22105
22106
22107
22108
22109
22110
22111
22112
22113
22114
22115
22116
22117
22118
22119
22120
22121
22122
22123
22124
22125
22126
22127
22128
22129
22130
22131
22132
22133
22134
22135
22136
22137
22138
22139
22140
22141
22142
22143
22144
22145
22146
22147
22148
22149
22150
22151
22152
22153
22154
22155
22156
22157
22158
22159
22160
22161
22162
22163
22164
22165
22166
22167
22168
22169
22170
22171
22172
22173
22174
22175
22176
22177
22178
22179
22180
22181
22182
22183
22184
22185
22186
22187
22188
22189
22190
22191
22192
22193
22194
22195
22196
22197
22198
22199
22200
22201
22202
22203
22204
22205
22206
22207
22208
22209
22210
22211
22212
22213
22214
22215
22216
22217
22218
22219
22220
22221
22222
22223
22224
22225
22226
22227
22228
22229
22230
22231
22232
22233
22234
22235
22236
22237
22238
22239
22240
22241
22242
22243
22244
22245
22246
22247
22248
22249
22250
22251
22252
22253
22254
22255
22256
22257
22258
22259
22260
22261
22262
22263
22264
22265
22266
22267
22268
22269
22270
22271
22272
22273
22274
22275
22276
22277
22278
22279
22280
22281
22282
22283
22284
22285
22286
22287
22288
22289
22290
22291
22292
22293
22294
22295
22296
22297
22298
22299
22300
22301
22302
22303
22304
22305
22306
22307
22308
22309
22310
22311
22312
22313
22314
22315
22316
22317
22318
22319
22320
22321
22322
22323
22324
22325
22326
22327
22328
22329
22330
22331
22332
22333
22334
22335
22336
22337
22338
22339
22340
22341
22342
22343
22344
22345
22346
22347
22348
22349
22350
22351
22352
22353
22354
22355
22356
22357
22358
22359
22360
22361
22362
22363
22364
22365
22366
22367
22368
22369
22370
22371
22372
22373
22374
22375
22376
22377
22378
22379
22380
22381
22382
22383
22384
22385
22386
22387
22388
22389
22390
22391
22392
22393
22394
22395
22396
22397
22398
22399
22400
22401
22402
22403
22404
22405
22406
22407
22408
22409
22410
22411
22412
22413
22414
22415
22416
22417
22418
22419
22420
22421
22422
22423
22424
22425
22426
22427
22428
22429
22430
22431
22432
22433
22434
22435
22436
22437
22438
22439
22440
22441
22442
22443
22444
22445
22446
22447
22448
22449
22450
22451
22452
22453
22454
22455
22456
22457
22458
22459
22460
22461
22462
22463
22464
22465
22466
22467
22468
22469
22470
22471
22472
22473
22474
22475
22476
22477
22478
22479
22480
22481
22482
22483
22484
22485
22486
22487
22488
22489
22490
22491
22492
22493
22494
22495
22496
22497
22498
22499
22500
22501
22502
22503
22504
22505
22506
22507
22508
22509
22510
22511
22512
22513
22514
22515
22516
22517
22518
22519
22520
22521
22522
22523
22524
22525
22526
22527
22528
22529
22530
22531
22532
22533
22534
22535
22536
22537
22538
22539
22540
22541
22542
22543
22544
22545
22546
22547
22548
22549
22550
22551
22552
22553
22554
22555
22556
22557
22558
22559
22560
22561
22562
22563
22564
22565
22566
22567
22568
22569
22570
22571
22572
22573
22574
22575
22576
22577
22578
22579
22580
22581
22582
22583
22584
22585
22586
22587
22588
22589
22590
22591
22592
22593
22594
22595
22596
22597
22598
22599
22600
22601
22602
22603
22604
22605
22606
22607
22608
22609
22610
22611
22612
22613
22614
22615
22616
22617
22618
22619
22620
22621
22622
22623
22624
22625
22626
22627
22628
22629
22630
22631
22632
22633
22634
22635
22636
22637
22638
22639
22640
22641
22642
22643
22644
22645
22646
22647
22648
22649
22650
22651
22652
22653
22654
22655
22656
22657
22658
22659
22660
22661
22662
22663
22664
22665
22666
22667
22668
22669
22670
22671
22672
22673
22674
22675
22676
22677
22678
22679
22680
22681
22682
22683
22684
22685
22686
22687
22688
22689
22690
22691
22692
22693
22694
22695
22696
22697
22698
22699
22700
22701
22702
22703
22704
22705
22706
22707
22708
22709
22710
22711
22712
22713
22714
22715
22716
22717
22718
22719
22720
22721
22722
22723
22724
22725
22726
22727
22728
22729
22730
22731
22732
22733
22734
22735
22736
22737
22738
22739
22740
22741
22742
22743
22744
22745
22746
22747
22748
22749
22750
22751
22752
22753
22754
22755
22756
22757
22758
22759
22760
22761
22762
22763
22764
22765
22766
22767
22768
22769
22770
22771
22772
22773
22774
22775
22776
22777
22778
22779
22780
22781
22782
22783
22784
22785
22786
22787
22788
22789
22790
22791
22792
22793
22794
22795
22796
22797
22798
22799
22800
22801
22802
22803
22804
22805
22806
22807
22808
22809
22810
22811
22812
22813
22814
22815
22816
22817
22818
22819
22820
22821
22822
22823
22824
22825
22826
22827
22828
22829
22830
22831
22832
22833
22834
22835
22836
22837
22838
22839
22840
22841
22842
22843
22844
22845
22846
22847
22848
22849
22850
22851
22852
22853
22854
22855
22856
22857
22858
22859
22860
22861
22862
22863
22864
22865
22866
22867
22868
22869
22870
22871
22872
22873
22874
22875
22876
22877
22878
22879
22880
22881
22882
22883
22884
22885
22886
22887
22888
22889
22890
22891
22892
22893
22894
22895
22896
22897
22898
22899
22900
22901
22902
22903
22904
22905
22906
22907
22908
22909
22910
22911
22912
22913
22914
22915
22916
22917
22918
22919
22920
22921
22922
22923
22924
22925
22926
22927
22928
22929
22930
22931
22932
22933
22934
22935
22936
22937
22938
22939
22940
22941
22942
22943
22944
22945
22946
22947
22948
22949
22950
22951
22952
22953
22954
22955
22956
22957
22958
22959
22960
22961
22962
22963
22964
22965
22966
22967
22968
22969
22970
22971
22972
22973
22974
22975
22976
22977
22978
22979
22980
22981
22982
22983
22984
22985
22986
22987
22988
22989
22990
22991
22992
22993
22994
22995
22996
22997
22998
22999
23000
23001
23002
23003
28431
28432
28433
28434
28435
28436
28437
28438
28439
28440
28441
28442
28443
28444
28445
28446
28447
28448
28449
28450
28451
28452
28453
28454
28455
28456
28457
28458
28459
28460
28461
28462
28463
28464
28465
28466
28467
28468
28469
28470
28471
28472
28473
28474
28475
28476
28477
28478
28479
28480
28481
28482
28483
28484
28485
28486
28487
28488
28489
28490
28491
28492
28493
28494
28495
28496
28497
28498
28499
28500
28501
28502
28503
28504
28505
28506
28507
28508
28509
28510
28511
28512
28513
28514
28515
28516
28517
28518
28519
28520
28521
28522
28523
28524
28525
28526
28527
28528
28529
28530
28531
28532
28533
28534
28535
28536
28537
28538
28539
28540
28541
28542
28543
28544
28545
28546
28547
28548
28549
28550
28551
28552
28553
28554
28555
28556
28557
28558
28559
28560
28561
28562
28563
28564
28565
28566
28567
28568
28569
28570
28571
28572
28573
28574
28575
28576
28577
28578
28579
28580
28581
28582
28583
28584
28585
28586
28587
28588
28589
28590
28591
28592
28593
28594
28595
28596
28597
28598
28599
28600
28601
28602
28603
28604
28605
28606
28607
28608
28609
28610
28611
28612
28613
28614
28615
28616
28617
28618
28619
28620
28621
28622
28623
28624
28625
28626
28627
28628
28629
28630
28631
28632
28633
28634
28635
28636
28637
28638
28639
28640
28641
28642
28643
28644
28645
28646
28647
28648
28649
28650
28651
28652
28653
28654
28655
28656
28657
28658
28659
28660
28661
28662
28663
28664
28665
28666
28667
28668
28669
28670
28671
28672
28673
28674
28675
28676
28677
28678
28679
28680
28681
28682
28683
28684
28685
28686
28687
28688
28689
28690
28691
28692
28693
28694
28695
28696
28697
28698
28699
28700
28701
28702
28703
28704
28705
28706
28707
28708
28709
28710
28711
28712
28713
28714
28715
28716
28717
28718
28719
28720
28721
28722
28723
28724
28725
28726
28727
28728
28729
28730
28731
28732
28733
28734
28735
28736
28737
28738
28739
28740
28741
28742
28743
28744
28745
28746
28747
28748
28749
28750
28751
28752
28753
28754
28755
28756
28757
28758
28759
28760
28761
28762
28763
28764
28765
28766
28767
28768
28769
28770
28771
28772
28773
28774
28775
28776
28777
28778
28779
28780
28781
28782
28783
28784
28785
28786
28787
28788
28789
28790
28791
28792
28793
28794
28795
28796
28797
28798
28799
28800
28801
28802
28803
28804
28805
28806
28807
28808
28809
28810
28811
28812
28813
28814
28815
28816
28817
28818
28819
28820
28821
28822
28823
28824
28825
28826
28827
28828
28829
28830
28831
28832
28833
28834
28835
28836
28837
28838
28839
28840
28841
28842
28843
28844
28845
28846
28847
28848
28849
28850
28851
28852
28853
28854
28855
28856
28857
28858
28859
28860
28861
28862
28863
28864
28865
28866
28867
28868
28869
28870
28871
28872
28873
28874
28875
28876
28877
28878
28879
28880
28881
28882
28883
28884
28885
28886
28887
28888
28889
28890
28891
28892
28893
28894
28895
28896
28897
28898
28899
28900
28901
28902
28903
28904
28905
28906
28907
28908
28909
28910
28911
28912
28913
28914
28915
28916
28917
28918
28919
28920
28921
28922
28923
28924
28925
28926
28927
28928
28929
28930
28931
28932
28933
28934
28935
28936
28937
28938
28939
28940
28941
28942
28943
28944
28945
28946
28947
28948
28949
28950
28951
28952
28953
28954
28955
28956
28957
28958
28959
28960
28961
28962
28963
28964
28965
28966
28967
28968
28969
28970
28971
28972
28973
28974
28975
28976
28977
28978
28979
28980
28981
28982
28983
28984
28985
28986
28987
28988
28989
28990
28991
28992
28993
28994
28995
28996
28997
28998
28999
29000
29001
29002
29003
29004
29005
29006
29007
29008
29009
29010
29011
29012
29013
29014
29015
29016
29017
29018
29019
29020
29021
29022
29023
29024
29025
29026
29027
29028
29029
29030
29031
29032
29033
29034
29035
29036
29037
29038
29039
29040
29041
29042
29043
29044
29045
29046
29047
29048
29049
29050
29051
29052
29053
29054
29055
29056
29057
29058
29059
29060
29061
29062
29063
29064
29065
29066
29067
29068
29069
29070
29071
29072
29073
29074
29075
29076
29077
29078
29079
29080
29081
29082
29083
29084
29085
29086
29087
29088
29089
29090
29091
29092
29093
29094
29095
29096
29097
29098
29099
29100
29101
29102
29103
29104
29105
29106
29107
29108
29109
29110
29111
29112
29113
29114
29115
29116
29117
29118
29119
29120
29121
29122
29123
29124
29125
29126
29127
29128
29129
29130
29131
29132
29133
29134
29135
29136
29137
29138
29139
29140
29141
29142
29143
29144
29145
29146
29147
29148
29149
29150
29151
29152
29153
29154
29155
29156
29157
29158
29159
29160
29161
29162
29163
29164
29165
29166
29167
29168
29169
29170
29171
29172
29173
29174
29175
29176
29177
29178
29179
29180
29181
29182
29183
29184
29185
29186
29187
29188
29189
29190
29191
29192
29193
29194
29195
29196
29197
29198
29199
29200
29201
29202
29203
29204
29205
29206
29207
29208
29209
29210
29211
29212
29213
29214
29215
29216
29217
29218
29219
29220
29221
29222
29223
29224
29225
29226
29227
29228
29229
29230
29231
29232
29233
29234
29235
29236
29237
29238
29239
29240
29241
29242
29243
29244
29245
29246
29247
29248
29249
29250
29251
29252
29253
29254
29255
29256
29257
29258
29259
29260
29261
29262
29263
29264
29265
29266
29267
29268
29269
29270
29271
29272
29273
29274
29275
29276
29277
29278
29279
29280
29281
29282
29283
29284
29285
29286
29287
29288
29289
29290
29291
29292
29293
29294
29295
29296
29297
29298
29299
29300
29301
29302
29303
29304
29305
29306
29307
29308
29309
29310
29311
29312
29313
29314
29315
29316
29317
29318
29319
29320
29321
29322
29323
29324
29325
29326
29327
29328
29329
29330
29331
29332
29333
29334
29335
29336
29337
29338
29339
29340
29341
29342
29343
29344
29345
29346
29347
29348
29349
29350
29351
29352
29353
29354
29355
29356
29357
29358
29359
29360
29361
29362
29363
29364
29365
29366
29367
29368
29369
29370
29371
29372
29373
29374
29375
29376
29377
29378
29379
29380
29381
29382
29383
29384
29385
29386
29387
29388
29389
29390
29391
29392
29393
29394
29395
29396
29397
29398
29399
29400
29401
29402
29403
29404
29405
29406
29407
29408
29409
29410
29411
29412
29413
29414
29415
29416
29417
29418
29419
29420
29421
29422
29423
29424
29425
29426
29427
29428
29429
29430
29431
29432
29433
29434
29435
29436
29437
29438
29439
29440
29441
29442
29443
29444
29445
29446
29447
29448
29449
29450
29451
29452
29453
29454
29455
29456
29457
29458
29459
29460
29461
29462
29463
29464
29465
29466
29467
29468
29469
29470
29471
29472
29473
29474
29475
29476
29477
29478
29479
29480
29481
29482
29483
29484
29485
29486
29487
29488
29489
29490
29491
29492
29493
29494
29495
29496
29497
29498
29499
29500
29501
29502
29503
29504
29505
29506
29507
29508
29509
29510
29511
29512
29513
29514
29515
29516
29517
29518
29519
29520
29521
29522
29523
29524
29525
29526
29527
29528
29529
29530
29531
29532
29533
29534
29535
29536
29537
29538
29539
29540
29541
29542
29543
29544
29545
29546
29547
29548
29549
29550
29551
29552
29553
29554
29555
29556
29557
29558
29559
29560
29561
29562
29563
29564
34992
34993
34994
34995
34996
34997
34998
34999
35000
35001
35002
35003
35004
35005
35006
35007
35008
35009
35010
35011
35012
35013
35014
35015
35016
35017
35018
35019
35020
35021
35022
35023
35024
35025
35026
35027
35028
35029
35030
35031
35032
35033
35034
35035
35036
35037
35038
35039
35040
35041
35042
35043
35044
35045
35046
35047
35048
35049
35050
35051
35052
35053
35054
35055
35056
35057
35058
35059
35060
35061
35062
35063
35064
35065
35066
35067
35068
35069
35070
35071
35072
35073
35074
35075
35076
35077
35078
35079
35080
35081
35082
35083
35084
35085
35086
35087
35088
35089
35090
35091
35092
35093
35094
35095
35096
35097
35098
35099
35100
35101
35102
35103
35104
35105
35106
35107
35108
35109
35110
35111
35112
35113
35114
35115
35116
35117
35118
35119
35120
35121
35122
35123
35124
35125
35126
35127
35128
35129
35130
35131
35132
35133
35134
35135
35136
35137
35138
35139
35140
35141
35142
35143
35144
35145
35146
35147
35148
35149
35150
35151
35152
35153
35154
35155
35156
35157
35158
35159
35160
35161
35162
35163
35164
35165
35166
35167
35168
35169
35170
35171
35172
35173
35174
35175
35176
35177
35178
35179
35180
35181
35182
35183
35184
35185
35186
35187
35188
35189
35190
35191
35192
35193
35194
35195
35196
35197
35198
35199
35200
35201
35202
35203
35204
35205
35206
35207
35208
35209
35210
35211
35212
35213
35214
35215
35216
35217
35218
35219
35220
35221
35222
35223
35224
35225
35226
35227
35228
35229
35230
35231
35232
35233
35234
35235
35236
35237
35238
35239
35240
35241
35242
35243
35244
35245
35246
35247
35248
35249
35250
35251
35252
35253
35254
35255
35256
35257
35258
35259
35260
35261
35262
35263
35264
35265
35266
35267
35268
35269
35270
35271
35272
35273
35274
35275
35276
35277
35278
35279
35280
35281
35282
35283
35284
35285
35286
35287
35288
35289
35290
35291
35292
35293
35294
35295
35296
35297
35298
35299
35300
35301
35302
35303
35304
35305
35306
35307
35308
35309
35310
35311
35312
35313
35314
35315
35316
35317
35318
35319
35320
35321
35322
35323
35324
35325
35326
35327
35328
35329
35330
35331
35332
35333
35334
35335
35336
35337
35338
35339
35340
35341
35342
35343
35344
35345
35346
35347
35348
35349
35350
35351
35352
35353
35354
35355
35356
35357
35358
35359
35360
35361
35362
35363
35364
35365
35366
35367
35368
35369
35370
35371
35372
35373
35374
35375
35376
35377
35378
35379
35380
35381
35382
35383
35384
35385
35386
35387
35388
35389
35390
35391
35392
35393
35394
35395
35396
35397
35398
35399
35400
35401
35402
35403
35404
35405
35406
35407
35408
35409
35410
35411
35412
35413
35414
35415
35416
35417
35418
35419
35420
35421
35422
35423
35424
35425
35426
35427
35428
35429
35430
35431
35432
35433
35434
35435
35436
35437
35438
35439
35440
35441
35442
35443
35444
35445
35446
35447
35448
35449
35450
35451
35452
35453
35454
35455
35456
35457
35458
35459
35460
35461
35462
35463
35464
35465
35466
35467
35468
35469
35470
35471
35472
35473
35474
35475
35476
35477
35478
35479
35480
35481
35482
35483
35484
35485
35486
35487
35488
35489
35490
35491
35492
35493
35494
35495
35496
35497
35498
35499
35500
35501
35502
35503
35504
35505
35506
35507
35508
35509
35510
35511
35512
35513
35514
35515
35516
35517
35518
35519
35520
35521
35522
35523
35524
35525
35526
35527
35528
35529
35530
35531
35532
35533
35534
35535
35536
35537
35538
35539
35540
35541
35542
35543
35544
35545
35546
35547
35548
35549
35550
35551
35552
35553
35554
35555
35556
35557
35558
35559
35560
35561
35562
35563
35564
35565
35566
35567
35568
35569
35570
35571
35572
35573
35574
35575
35576
35577
35578
35579
35580
35581
35582
35583
35584
35585
35586
35587
35588
35589
35590
35591
35592
35593
35594
35595
35596
35597
35598
35599
35600
35601
35602
35603
35604
35605
35606
35607
35608
35609
35610
35611
35612
35613
35614
35615
35616
35617
35618
35619
35620
35621
35622
35623
35624
35625
35626
35627
35628
35629
35630
35631
35632
35633
35634
35635
35636
35637
35638
35639
35640
35641
35642
35643
35644
35645
35646
35647
35648
35649
35650
35651
35652
35653
35654
35655
35656
35657
35658
35659
35660
35661
35662
35663
35664
35665
35666
35667
35668
35669
35670
35671
35672
35673
35674
35675
35676
35677
35678
35679
35680
35681
35682
35683
35684
35685
35686
35687
35688
35689
35690
35691
35692
35693
35694
35695
35696
35697
35698
35699
35700
35701
35702
35703
35704
35705
35706
35707
35708
35709
35710
35711
35712
35713
35714
35715
35716
35717
35718
35719
35720
35721
35722
35723
35724
35725
35726
35727
35728
35729
35730
35731
35732
35733
35734
35735
35736
35737
35738
35739
35740
35741
35742
35743
35744
35745
35746
35747
35748
35749
35750
35751
35752
35753
35754
35755
35756
35757
35758
35759
35760
35761
35762
35763
35764
35765
35766
35767
35768
35769
35770
35771
35772
35773
35774
35775
35776
35777
35778
35779
35780
35781
35782
35783
35784
35785
35786
35787
35788
35789
35790
35791
35792
35793
35794
35795
35796
35797
35798
35799
35800
35801
35802
35803
35804
35805
35806
35807
35808
35809
35810
35811
35812
35813
35814
35815
35816
35817
35818
35819
35820
35821
35822
35823
35824
35825
35826
35827
35828
35829
35830
35831
35832
35833
35834
35835
35836
35837
35838
35839
35840
35841
35842
35843
35844
35845
35846
35847
35848
35849
35850
35851
35852
35853
35854
35855
35856
35857
35858
35859
35860
35861
35862
35863
35864
35865
35866
35867
35868
35869
35870
35871
35872
35873
35874
35875
35876
35877
35878
35879
35880
35881
35882
35883
35884
35885
35886
35887
35888
35889
35890
35891
35892
35893
35894
35895
35896
35897
35898
35899
35900
35901
35902
35903
35904
35905
35906
35907
35908
35909
35910
35911
35912
35913
35914
35915
35916
35917
35918
35919
35920
35921
35922
35923
35924
35925
35926
35927
35928
35929
35930
35931
35932
35933
35934
35935
35936
35937
35938
35939
35940
35941
35942
35943
35944
35945
35946
35947
35948
35949
35950
35951
35952
35953
35954
35955
35956
35957
35958
35959
35960
35961
35962
35963
35964
35965
35966
35967
35968
35969
35970
35971
35972
35973
35974
35975
35976
35977
35978
35979
35980
35981
35982
35983
35984
35985
35986
35987
35988
35989
35990
35991
35992
35993
35994
35995
35996
35997
35998
35999
36000
36001
36002
36003
36004
36005
36006
36007
36008
36009
36010
36011
36012
36013
36014
36015
36016
36017
36018
36019
36020
36021
36022
36023
36024
36025
36026
36027
36028
36029
36030
36031
36032
36033
36034
36035
36036
36037
36038
36039
36040
36041
36042
36043
36044
36045
36046
36047
36048
36049
36050
36051
36052
36053
36054
36055
36056
36057
36058
36059
36060
36061
36062
36063
36064
36065
36066
36067
36068
36069
36070
36071
36072
36073
36074
36075
36076
36077
36078
36079
36080
36081
36082
36083
36084
36085
36086
36087
36088
36089
36090
36091
36092
36093
36094
36095
36096
36097
36098
36099
36100
36101
36102
36103
36104
36105
36106
36107
36108
36109
36110
36111
36112
36113
36114
36115
36116
36117
36118
36119
36120
36121
36122
36123
36124
36125
41553
41554
41555
41556
41557
41558
41559
41560
41561
41562
41563
41564
41565
41566
41567
41568
41569
41570
41571
41572
41573
41574
41575
41576
41577
41578
41579
41580
41581
41582
41583
41584
41585
41586
41587
41588
41589
41590
41591
41592
41593
41594
41595
41596
41597
41598
41599
41600
41601
41602
41603
41604
41605
41606
41607
41608
41609
41610
41611
41612
41613
41614
41615
41616
41617
41618
41619
41620
41621
41622
41623
41624
41625
41626
41627
41628
41629
41630
41631
41632
41633
41634
41635
41636
41637
41638
41639
41640
41641
41642
41643
41644
41645
41646
41647
41648
41649
41650
41651
41652
41653
41654
41655
41656
41657
41658
41659
41660
41661
41662
41663
41664
41665
41666
41667
41668
41669
41670
41671
41672
41673
41674
41675
41676
41677
41678
41679
41680
41681
41682
41683
41684
41685
41686
41687
41688
41689
41690
41691
41692
41693
41694
41695
41696
41697
41698
41699
41700
41701
41702
41703
41704
41705
41706
41707
41708
41709
41710
41711
41712
41713
41714
41715
41716
41717
41718
41719
41720
41721
41722
41723
41724
41725
41726
41727
41728
41729
41730
41731
41732
41733
41734
41735
41736
41737
41738
41739
41740
41741
41742
41743
41744
41745
41746
41747
41748
41749
41750
41751
41752
41753
41754
41755
41756
41757
41758
41759
41760
41761
41762
41763
41764
41765
41766
41767
41768
41769
41770
41771
41772
41773
41774
41775
41776
41777
41778
41779
41780
41781
41782
41783
41784
41785
41786
41787
41788
41789
41790
41791
41792
41793
41794
41795
41796
41797
41798
41799
41800
41801
41802
41803
41804
41805
41806
41807
41808
41809
41810
41811
41812
41813
41814
41815
41816
41817
41818
41819
41820
41821
41822
41823
41824
41825
41826
41827
41828
41829
41830
41831
41832
41833
41834
41835
41836
41837
41838
41839
41840
41841
41842
41843
41844
41845
41846
41847
41848
41849
41850
41851
41852
41853
41854
41855
41856
41857
41858
41859
41860
41861
41862
41863
41864
41865
41866
41867
41868
41869
41870
41871
41872
41873
41874
41875
41876
41877
41878
41879
41880
41881
41882
41883
41884
41885
41886
41887
41888
41889
41890
41891
41892
41893
41894
41895
41896
41897
41898
41899
41900
41901
41902
41903
41904
41905
41906
41907
41908
41909
41910
41911
41912
41913
41914
41915
41916
41917
41918
41919
41920
41921
41922
41923
41924
41925
41926
41927
41928
41929
41930
41931
41932
41933
41934
41935
41936
41937
41938
41939
41940
41941
41942
41943
41944
41945
41946
41947
41948
41949
41950
41951
41952
41953
41954
41955
41956
41957
41958
41959
41960
41961
41962
41963
41964
41965
41966
41967
41968
41969
41970
41971
41972
41973
41974
41975
41976
41977
41978
41979
41980
41981
41982
41983
41984
41985
41986
41987
41988
41989
41990
41991
41992
41993
41994
41995
41996
41997
41998
41999
42000
42001
42002
42003
42004
42005
42006
42007
42008
42009
42010
42011
42012
42013
42014
42015
42016
42017
42018
42019
42020
42021
42022
42023
42024
42025
42026
42027
42028
42029
42030
42031
42032
42033
42034
42035
42036
42037
42038
42039
42040
42041
42042
42043
42044
42045
42046
42047
42048
42049
42050
42051
42052
42053
42054
42055
42056
42057
42058
42059
42060
42061
42062
42063
42064
42065
42066
42067
42068
42069
42070
42071
42072
42073
42074
42075
42076
42077
42078
42079
42080
42081
42082
42083
42084
42085
42086
42087
42088
42089
42090
42091
42092
42093
42094
42095
42096
42097
42098
42099
42100
42101
42102
42103
42104
42105
42106
42107
42108
42109
42110
42111
42112
42113
42114
42115
42116
42117
42118
42119
42120
42121
42122
42123
42124
42125
42126
42127
42128
42129
42130
42131
42132
42133
42134
42135
42136
42137
42138
42139
42140
42141
42142
42143
42144
42145
42146
42147
42148
42149
42150
42151
42152
42153
42154
42155
42156
42157
42158
42159
42160
42161
42162
42163
42164
42165
42166
42167
42168
42169
42170
42171
42172
42173
42174
42175
42176
42177
42178
42179
42180
42181
42182
42183
42184
42185
42186
42187
42188
42189
42190
42191
42192
42193
42194
42195
42196
42197
42198
42199
42200
42201
42202
42203
42204
42205
42206
42207
42208
42209
42210
42211
42212
42213
42214
42215
42216
42217
42218
42219
42220
42221
42222
42223
42224
42225
42226
42227
42228
42229
42230
42231
42232
42233
42234
42235
42236
42237
42238
42239
42240
42241
42242
42243
42244
42245
42246
42247
42248
42249
42250
42251
42252
42253
42254
42255
42256
42257
42258
42259
42260
42261
42262
42263
42264
42265
42266
42267
42268
42269
42270
42271
42272
42273
42274
42275
42276
42277
42278
42279
42280
42281
42282
42283
42284
42285
42286
42287
42288
42289
42290
42291
42292
42293
42294
42295
42296
42297
42298
42299
42300
42301
42302
42303
42304
42305
42306
42307
42308
42309
42310
42311
42312
42313
42314
42315
42316
42317
42318
42319
42320
42321
42322
42323
42324
42325
42326
42327
42328
42329
42330
42331
42332
42333
42334
42335
42336
42337
42338
42339
42340
42341
42342
42343
42344
42345
42346
42347
42348
42349
42350
42351
42352
42353
42354
42355
42356
42357
42358
42359
42360
42361
42362
42363
42364
42365
42366
42367
42368
42369
42370
42371
42372
42373
42374
42375
42376
42377
42378
42379
42380
42381
42382
42383
42384
42385
42386
42387
42388
42389
42390
42391
42392
42393
42394
42395
42396
42397
42398
42399
42400
42401
42402
42403
42404
42405
42406
42407
42408
42409
42410
42411
42412
42413
42414
42415
42416
42417
42418
42419
42420
42421
42422
42423
42424
42425
42426
42427
42428
42429
42430
42431
42432
42433
42434
42435
42436
42437
42438
42439
42440
42441
42442
42443
42444
42445
42446
42447
42448
42449
42450
42451
42452
42453
42454
42455
42456
42457
42458
42459
42460
42461
42462
42463
42464
42465
42466
42467
42468
42469
42470
42471
42472
42473
42474
42475
42476
42477
42478
42479
42480
42481
42482
42483
42484
42485
42486
42487
42488
42489
42490
42491
42492
42493
42494
42495
42496
42497
42498
42499
42500
42501
42502
42503
42504
42505
42506
42507
42508
42509
42510
42511
42512
42513
42514
42515
42516
42517
42518
42519
42520
42521
42522
42523
42524
42525
42526
42527
42528
42529
42530
42531
42532
42533
42534
42535
42536
42537
42538
42539
42540
42541
42542
42543
42544
42545
42546
42547
42548
42549
42550
42551
42552
42553
42554
42555
42556
42557
42558
42559
42560
42561
42562
42563
42564
42565
42566
42567
42568
42569
42570
42571
42572
42573
42574
42575
42576
42577
42578
42579
42580
42581
42582
42583
42584
42585
42586
42587
42588
42589
42590
42591
42592
42593
42594
42595
42596
42597
42598
42599
42600
42601
42602
42603
42604
42605
42606
42607
42608
42609
42610
42611
42612
42613
42614
42615
42616
42617
42618
42619
42620
42621
42622
42623
42624
42625
42626
42627
42628
42629
42630
42631
42632
42633
42634
42635
42636
42637
42638
42639
42640
42641
42642
42643
42644
42645
42646
42647
42648
42649
42650
42651
42652
42653
42654
42655
42656
42657
42658
42659
42660
42661
42662
42663
42664
42665
42666
42667
42668
42669
42670
42671
42672
42673
42674
42675
42676
42677
42678
42679
42680
42681
42682
42683
42684
42685
42686
48114
48115
48116
48117
48118
48119
48120
48121
48122
48123
48124
48125
48126
48127
48128
48129
48130
48131
48132
48133
48134
48135
48136
48137
48138
48139
48140
48141
48142
48143
48144
48145
48146
48147
48148
48149
48150
48151
48152
48153
48154
48155
48156
48157
48158
48159
48160
48161
48162
48163
48164
48165
48166
48167
48168
48169
48170
48171
48172
48173
48174
48175
48176
48177
48178
48179
48180
48181
48182
48183
48184
48185
48186
48187
48188
48189
48190
48191
48192
48193
48194
48195
48196
48197
48198
48199
48200
48201
48202
48203
48204
48205
48206
48207
48208
48209
48210
48211
48212
48213
48214
48215
48216
48217
48218
48219
48220
48221
48222
48223
48224
48225
48226
48227
48228
48229
48230
48231
48232
48233
48234
48235
48236
48237
48238
48239
48240
48241
48242
48243
48244
48245
48246
48247
48248
48249
48250
48251
48252
48253
48254
48255
48256
48257
48258
48259
48260
48261
48262
48263
48264
48265
48266
48267
48268
48269
48270
48271
48272
48273
48274
48275
48276
48277
48278
48279
48280
48281
48282
48283
48284
48285
48286
48287
48288
48289
48290
48291
48292
48293
48294
48295
48296
48297
48298
48299
48300
48301
48302
48303
48304
48305
48306
48307
48308
48309
48310
48311
48312
48313
48314
48315
48316
48317
48318
48319
48320
48321
48322
48323
48324
48325
48326
48327
48328
48329
48330
48331
48332
48333
48334
48335
48336
48337
48338
48339
48340
48341
48342
48343
48344
48345
48346
48347
48348
48349
48350
48351
48352
48353
48354
48355
48356
48357
48358
48359
48360
48361
48362
48363
48364
48365
48366
48367
48368
48369
48370
48371
48372
48373
48374
48375
48376
48377
48378
48379
48380
48381
48382
48383
48384
48385
48386
48387
48388
48389
48390
48391
48392
48393
48394
48395
48396
48397
48398
48399
48400
48401
48402
48403
48404
48405
48406
48407
48408
48409
48410
48411
48412
48413
48414
48415
48416
48417
48418
48419
48420
48421
48422
48423
48424
48425
48426
48427
48428
48429
48430
48431
48432
48433
48434
48435
48436
48437
48438
48439
48440
48441
48442
48443
48444
48445
48446
48447
48448
48449
48450
48451
48452
48453
48454
48455
48456
48457
48458
48459
48460
48461
48462
48463
48464
48465
48466
48467
48468
48469
48470
48471
48472
48473
48474
48475
48476
48477
48478
48479
48480
48481
48482
48483
48484
48485
48486
48487
48488
48489
48490
48491
48492
48493
48494
48495
48496
48497
48498
48499
48500
48501
48502
48503
48504
48505
48506
48507
48508
48509
48510
48511
48512
48513
48514
48515
48516
48517
48518
48519
48520
48521
48522
48523
48524
48525
48526
48527
48528
48529
48530
48531
48532
48533
48534
48535
48536
48537
48538
48539
48540
48541
48542
48543
48544
48545
48546
48547
48548
48549
48550
48551
48552
48553
48554
48555
48556
48557
48558
48559
48560
48561
48562
48563
48564
48565
48566
48567
48568
48569
48570
48571
48572
48573
48574
48575
48576
48577
48578
48579
48580
48581
48582
48583
48584
48585
48586
48587
48588
48589
48590
48591
48592
48593
48594
48595
48596
48597
48598
48599
48600
48601
48602
48603
48604
48605
48606
48607
48608
48609
48610
48611
48612
48613
48614
48615
48616
48617
48618
48619
48620
48621
48622
48623
48624
48625
48626
48627
48628
48629
48630
48631
48632
48633
48634
48635
48636
48637
48638
48639
48640
48641
48642
48643
48644
48645
48646
48647
48648
48649
48650
48651
48652
48653
48654
48655
48656
48657
48658
48659
48660
48661
48662
48663
48664
48665
48666
48667
48668
48669
48670
48671
48672
48673
48674
48675
48676
48677
48678
48679
48680
48681
48682
48683
48684
48685
48686
48687
48688
48689
48690
48691
48692
48693
48694
48695
48696
48697
48698
48699
48700
48701
48702
48703
48704
48705
48706
48707
48708
48709
48710
48711
48712
48713
48714
48715
48716
48717
48718
48719
48720
48721
48722
48723
48724
48725
48726
48727
48728
48729
48730
48731
48732
48733
48734
48735
48736
48737
48738
48739
48740
48741
48742
48743
48744
48745
48746
48747
48748
48749
48750
48751
48752
48753
48754
48755
48756
48757
48758
48759
48760
48761
48762
48763
48764
48765
48766
48767
48768
48769
48770
48771
48772
48773
48774
48775
48776
48777
48778
48779
48780
48781
48782
48783
48784
48785
48786
48787
48788
48789
48790
48791
48792
48793
48794
48795
48796
48797
48798
48799
48800
48801
48802
48803
48804
48805
48806
48807
48808
48809
48810
48811
48812
48813
48814
48815
48816
48817
48818
48819
48820
48821
48822
48823
48824
48825
48826
48827
48828
48829
48830
48831
48832
48833
48834
48835
48836
48837
48838
48839
48840
48841
48842
48843
48844
48845
48846
48847
48848
48849
48850
48851
48852
48853
48854
48855
48856
48857
48858
48859
48860
48861
48862
48863
48864
48865
48866
48867
48868
48869
48870
48871
48872
48873
48874
48875
48876
48877
48878
48879
48880
48881
48882
48883
48884
48885
48886
48887
48888
48889
48890
48891
48892
48893
48894
48895
48896
48897
48898
48899
48900
48901
48902
48903
48904
48905
48906
48907
48908
48909
48910
48911
48912
48913
48914
48915
48916
48917
48918
48919
48920
48921
48922
48923
48924
48925
48926
48927
48928
48929
48930
48931
48932
48933
48934
48935
48936
48937
48938
48939
48940
48941
48942
48943
48944
48945
48946
48947
48948
48949
48950
48951
48952
48953
48954
48955
48956
48957
48958
48959
48960
48961
48962
48963
48964
48965
48966
48967
48968
48969
48970
48971
48972
48973
48974
48975
48976
48977
48978
48979
48980
48981
48982
48983
48984
48985
48986
48987
48988
48989
48990
48991
48992
48993
48994
48995
48996
48997
48998
48999
49000
49001
49002
49003
49004
49005
49006
49007
49008
49009
49010
49011
49012
49013
49014
49015
49016
49017
49018
49019
49020
49021
49022
49023
49024
49025
49026
49027
49028
49029
49030
49031
49032
49033
49034
49035
49036
49037
49038
49039
49040
49041
49042
49043
49044
49045
49046
49047
49048
49049
49050
49051
49052
49053
49054
49055
49056
49057
49058
49059
49060
49061
49062
49063
49064
49065
49066
49067
49068
49069
49070
49071
49072
49073
49074
49075
49076
49077
49078
49079
49080
49081
49082
49083
49084
49085
49086
49087
49088
49089
49090
49091
49092
49093
49094
49095
49096
49097
49098
49099
49100
49101
49102
49103
49104
49105
49106
49107
49108
49109
49110
49111
49112
49113
49114
49115
49116
49117
49118
49119
49120
49121
49122
49123
49124
49125
49126
49127
49128
49129
49130
49131
49132
49133
49134
49135
49136
49137
49138
49139
49140
49141
49142
49143
49144
49145
49146
49147
49148
49149
49150
49151
49152
49153
49154
49155
49156
49157
49158
49159
49160
49161
49162
49163
49164
49165
49166
49167
49168
49169
49170
49171
49172
49173
49174
49175
49176
49177
49178
49179
49180
49181
49182
49183
49184
49185
49186
49187
49188
49189
49190
49191
49192
49193
49194
49195
49196
49197
49198
49199
49200
49201
49202
49203
49204
49205
49206
49207
49208
49209
49210
49211
49212
49213
49214
49215
49216
49217
49218
49219
49220
49221
49222
49223
49224
49225
49226
49227
49228
49229
49230
49231
49232
49233
49234
49235
49236
49237
49238
49239
49240
49241
49242
49243
49244
49245
49246
49247
54675
54676
54677
54678
54679
54680
54681
54682
54683
54684
54685
54686
54687
54688
54689
54690
54691
54692
54693
54694
54695
54696
54697
54698
54699
54700
54701
54702
54703
54704
54705
54706
54707
54708
54709
54710
54711
54712
54713
54714
54715
54716
54717
54718
54719
54720
54721
54722
54723
54724
54725
54726
54727
54728
54729
54730
54731
54732
54733
54734
54735
54736
54737
54738
54739
54740
54741
54742
54743
54744
54745
54746
54747
54748
54749
54750
54751
54752
54753
54754
54755
54756
54757
54758
54759
54760
54761
54762
54763
54764
54765
54766
54767
54768
54769
54770
54771
54772
54773
54774
54775
54776
54777
54778
54779
54780
54781
54782
54783
54784
54785
54786
54787
54788
54789
54790
54791
54792
54793
54794
54795
54796
54797
54798
54799
54800
54801
54802
54803
54804
54805
54806
54807
54808
54809
54810
54811
54812
54813
54814
54815
54816
54817
54818
54819
54820
54821
54822
54823
54824
54825
54826
54827
54828
54829
54830
54831
54832
54833
54834
54835
54836
54837
54838
54839
54840
54841
54842
54843
54844
54845
54846
54847
54848
54849
54850
54851
54852
54853
54854
54855
54856
54857
54858
54859
54860
54861
54862
54863
54864
54865
54866
54867
54868
54869
54870
54871
54872
54873
54874
54875
54876
54877
54878
54879
54880
54881
54882
54883
54884
54885
54886
54887
54888
54889
54890
54891
54892
54893
54894
54895
54896
54897
54898
54899
54900
54901
54902
54903
54904
54905
54906
54907
54908
54909
54910
54911
54912
54913
54914
54915
54916
54917
54918
54919
54920
54921
54922
54923
54924
54925
54926
54927
54928
54929
54930
54931
54932
54933
54934
54935
54936
54937
54938
54939
54940
54941
54942
54943
54944
54945
54946
54947
54948
54949
54950
54951
54952
54953
54954
54955
54956
54957
54958
54959
54960
54961
54962
54963
54964
54965
54966
54967
54968
54969
54970
54971
54972
54973
54974
54975
54976
54977
54978
54979
54980
54981
54982
54983
54984
54985
54986
54987
54988
54989
54990
54991
54992
54993
54994
54995
54996
54997
54998
54999
55000
55001
55002
55003
55004
55005
55006
55007
55008
55009
55010
55011
55012
55013
55014
55015
55016
55017
55018
55019
55020
55021
55022
55023
55024
55025
55026
55027
55028
55029
55030
55031
55032
55033
55034
55035
55036
55037
55038
55039
55040
55041
55042
55043
55044
55045
55046
55047
55048
55049
55050
55051
55052
55053
55054
55055
55056
55057
55058
55059
55060
55061
55062
55063
55064
55065
55066
55067
55068
55069
55070
55071
55072
55073
55074
55075
55076
55077
55078
55079
55080
55081
55082
55083
55084
55085
55086
55087
55088
55089
55090
55091
55092
55093
55094
55095
55096
55097
55098
55099
55100
55101
55102
55103
55104
55105
55106
55107
55108
55109
55110
55111
55112
55113
55114
55115
55116
55117
55118
55119
55120
55121
55122
55123
55124
55125
55126
55127
55128
55129
55130
55131
55132
55133
55134
55135
55136
55137
55138
55139
55140
55141
55142
55143
55144
55145
55146
55147
55148
55149
55150
55151
55152
55153
55154
55155
55156
55157
55158
55159
55160
55161
55162
55163
55164
55165
55166
55167
55168
55169
55170
55171
55172
55173
55174
55175
55176
55177
55178
55179
55180
55181
55182
55183
55184
55185
55186
55187
55188
55189
55190
55191
55192
55193
55194
55195
55196
55197
55198
55199
55200
55201
55202
55203
55204
55205
55206
55207
55208
55209
55210
55211
55212
55213
55214
55215
55216
55217
55218
55219
55220
55221
55222
55223
55224
55225
55226
55227
55228
55229
55230
55231
55232
55233
55234
55235
55236
55237
55238
55239
55240
55241
55242
55243
55244
55245
55246
55247
55248
55249
55250
55251
55252
55253
55254
55255
55256
55257
55258
55259
55260
55261
55262
55263
55264
55265
55266
55267
55268
55269
55270
55271
55272
55273
55274
55275
55276
55277
55278
55279
55280
55281
55282
55283
55284
55285
55286
55287
55288
55289
55290
55291
55292
55293
55294
55295
55296
55297
55298
55299
55300
55301
55302
55303
55304
55305
55306
55307
55308
55309
55310
55311
55312
55313
55314
55315
55316
55317
55318
55319
55320
55321
55322
55323
55324
55325
55326
55327
55328
55329
55330
55331
55332
55333
55334
55335
55336
55337
55338
55339
55340
55341
55342
55343
55344
55345
55346
55347
55348
55349
55350
55351
55352
55353
55354
55355
55356
55357
55358
55359
55360
55361
55362
55363
55364
55365
55366
55367
55368
55369
55370
55371
55372
55373
55374
55375
55376
55377
55378
55379
55380
55381
55382
55383
55384
55385
55386
55387
55388
55389
55390
55391
55392
55393
55394
55395
55396
55397
55398
55399
55400
55401
55402
55403
55404
55405
55406
55407
55408
55409
55410
55411
55412
55413
55414
55415
55416
55417
55418
55419
55420
55421
55422
55423
55424
55425
55426
55427
55428
55429
55430
55431
55432
55433
55434
55435
55436
55437
55438
55439
55440
55441
55442
55443
55444
55445
55446
55447
55448
55449
55450
55451
55452
55453
55454
55455
55456
55457
55458
55459
55460
55461
55462
55463
55464
55465
55466
55467
55468
55469
55470
55471
55472
55473
55474
55475
55476
55477
55478
55479
55480
55481
55482
55483
55484
55485
55486
55487
55488
55489
55490
55491
55492
55493
55494
55495
55496
55497
55498
55499
55500
55501
55502
55503
55504
55505
55506
55507
55508
55509
55510
55511
55512
55513
55514
55515
55516
55517
55518
55519
55520
55521
55522
55523
55524
55525
55526
55527
55528
55529
55530
55531
55532
55533
55534
55535
55536
55537
55538
55539
55540
55541
55542
55543
55544
55545
55546
55547
55548
55549
55550
55551
55552
55553
55554
55555
55556
55557
55558
55559
55560
55561
55562
55563
55564
55565
55566
55567
55568
55569
55570
55571
55572
55573
55574
55575
55576
55577
55578
55579
55580
55581
55582
55583
55584
55585
55586
55587
55588
55589
55590
55591
55592
55593
55594
55595
55596
55597
55598
55599
55600
55601
55602
55603
55604
55605
55606
55607
55608
55609
55610
55611
55612
55613
55614
55615
55616
55617
55618
55619
55620
55621
55622
55623
55624
55625
55626
55627
55628
55629
55630
55631
55632
55633
55634
55635
55636
55637
55638
55639
55640
55641
55642
55643
55644
55645
55646
55647
55648
55649
55650
55651
55652
55653
55654
55655
55656
55657
55658
55659
55660
55661
55662
55663
55664
55665
55666
55667
55668
55669
55670
55671
55672
55673
55674
55675
55676
55677
55678
55679
55680
55681
55682
55683
55684
55685
55686
55687
55688
55689
55690
55691
55692
55693
55694
55695
55696
55697
55698
55699
55700
55701
55702
55703
55704
55705
55706
55707
55708
55709
55710
55711
55712
55713
55714
55715
55716
55717
55718
55719
55720
55721
55722
55723
55724
55725
55726
55727
55728
55729
55730
55731
55732
55733
55734
55735
55736
55737
55738
55739
55740
55741
55742
55743
55744
55745
55746
55747
55748
55749
55750
55751
55752
55753
55754
55755
55756
55757
55758
55759
55760
55761
55762
55763
55764
55765
55766
55767
55768
55769
55770
55771
55772
55773
55774
55775
55776
55777
55778
55779
55780
55781
55782
55783
55784
55785
55786
55787
55788
55789
55790
55791
55792
55793
55794
55795
55796
55797
55798
55799
55800
55801
55802
55803
55804
55805
55806
55807
55808
61236
61237
61238
61239
61240
61241
61242
61243
61244
61245
61246
61247
61248
61249
61250
61251
61252
61253
61254
61255
61256
61257
61258
61259
61260
61261
61262
61263
61264
61265
61266
61267
61268
61269
61270
61271
61272
61273
61274
61275
61276
61277
61278
61279
61280
61281
61282
61283
61284
61285
61286
61287
61288
61289
61290
61291
61292
61293
61294
61295
61296
61297
61298
61299
61300
61301
61302
61303
61304
61305
61306
61307
61308
61309
61310
61311
61312
61313
61314
61315
61316
61317
61318
61319
61320
61321
61322
61323
61324
61325
61326
61327
61328
61329
61330
61331
61332
61333
61334
61335
61336
61337
61338
61339
61340
61341
61342
61343
61344
61345
61346
61347
61348
61349
61350
61351
61352
61353
61354
61355
61356
61357
61358
61359
61360
61361
61362
61363
61364
61365
61366
61367
61368
61369
61370
61371
61372
61373
61374
61375
61376
61377
61378
61379
61380
61381
61382
61383
61384
61385
61386
61387
61388
61389
61390
61391
61392
61393
61394
61395
61396
61397
61398
61399
61400
61401
61402
61403
61404
61405
61406
61407
61408
61409
61410
61411
61412
61413
61414
61415
61416
61417
61418
61419
61420
61421
61422
61423
61424
61425
61426
61427
61428
61429
61430
61431
61432
61433
61434
61435
61436
61437
61438
61439
61440
61441
61442
61443
61444
61445
61446
61447
61448
61449
61450
61451
61452
61453
61454
61455
61456
61457
61458
61459
61460
61461
61462
61463
61464
61465
61466
61467
61468
61469
61470
61471
61472
61473
61474
61475
61476
61477
61478
61479
61480
61481
61482
61483
61484
61485
61486
61487
61488
61489
61490
61491
61492
61493
61494
61495
61496
61497
61498
61499
61500
61501
61502
61503
61504
61505
61506
61507
61508
61509
61510
61511
61512
61513
61514
61515
61516
61517
61518
61519
61520
61521
61522
61523
61524
61525
61526
61527
61528
61529
61530
61531
61532
61533
61534
61535
61536
61537
61538
61539
61540
61541
61542
61543
61544
61545
61546
61547
61548
61549
61550
61551
61552
61553
61554
61555
61556
61557
61558
61559
61560
61561
61562
61563
61564
61565
61566
61567
61568
61569
61570
61571
61572
61573
61574
61575
61576
61577
61578
61579
61580
61581
61582
61583
61584
61585
61586
61587
61588
61589
61590
61591
61592
61593
61594
61595
61596
61597
61598
61599
61600
61601
61602
61603
61604
61605
61606
61607
61608
61609
61610
61611
61612
61613
61614
61615
61616
61617
61618
61619
61620
61621
61622
61623
61624
61625
61626
61627
61628
61629
61630
61631
61632
61633
61634
61635
61636
61637
61638
61639
61640
61641
61642
61643
61644
61645
61646
61647
61648
61649
61650
61651
61652
61653
61654
61655
61656
61657
61658
61659
61660
61661
61662
61663
61664
61665
61666
61667
61668
61669
61670
61671
61672
61673
61674
61675
61676
61677
61678
61679
61680
61681
61682
61683
61684
61685
61686
61687
61688
61689
61690
61691
61692
61693
61694
61695
61696
61697
61698
61699
61700
61701
61702
61703
61704
61705
61706
61707
61708
61709
61710
61711
61712
61713
61714
61715
61716
61717
61718
61719
61720
61721
61722
61723
61724
61725
61726
61727
61728
61729
61730
61731
61732
61733
61734
61735
61736
61737
61738
61739
61740
61741
61742
61743
61744
61745
61746
61747
61748
61749
61750
61751
61752
61753
61754
61755
61756
61757
61758
61759
61760
61761
61762
61763
61764
61765
61766
61767
61768
61769
61770
61771
61772
61773
61774
61775
61776
61777
61778
61779
61780
61781
61782
61783
61784
61785
61786
61787
61788
61789
61790
61791
61792
61793
61794
61795
61796
61797
61798
61799
61800
61801
61802
61803
61804
61805
61806
61807
61808
61809
61810
61811
61812
61813
61814
61815
61816
61817
61818
61819
61820
61821
61822
61823
61824
61825
61826
61827
61828
61829
61830
61831
61832
61833
61834
61835
61836
61837
61838
61839
61840
61841
61842
61843
61844
61845
61846
61847
61848
61849
61850
61851
61852
61853
61854
61855
61856
61857
61858
61859
61860
61861
61862
61863
61864
61865
61866
61867
61868
61869
61870
61871
61872
61873
61874
61875
61876
61877
61878
61879
61880
61881
61882
61883
61884
61885
61886
61887
61888
61889
61890
61891
61892
61893
61894
61895
61896
61897
61898
61899
61900
61901
61902
61903
61904
61905
61906
61907
61908
61909
61910
61911
61912
61913
61914
61915
61916
61917
61918
61919
61920
61921
61922
61923
61924
61925
61926
61927
61928
61929
61930
61931
61932
61933
61934
61935
61936
61937
61938
61939
61940
61941
61942
61943
61944
61945
61946
61947
61948
61949
61950
61951
61952
61953
61954
61955
61956
61957
61958
61959
61960
61961
61962
61963
61964
61965
61966
61967
61968
61969
61970
61971
61972
61973
61974
61975
61976
61977
61978
61979
61980
61981
61982
61983
61984
61985
61986
61987
61988
61989
61990
61991
61992
61993
61994
61995
61996
61997
61998
61999
62000
62001
62002
62003
62004
62005
62006
62007
62008
62009
62010
62011
62012
62013
62014
62015
62016
62017
62018
62019
62020
62021
62022
62023
62024
62025
62026
62027
62028
62029
62030
62031
62032
62033
62034
62035
62036
62037
62038
62039
62040
62041
62042
62043
62044
62045
62046
62047
62048
62049
62050
62051
62052
62053
62054
62055
62056
62057
62058
62059
62060
62061
62062
62063
62064
62065
62066
62067
62068
62069
62070
62071
62072
62073
62074
62075
62076
62077
62078
62079
62080
62081
62082
62083
62084
62085
62086
62087
62088
62089
62090
62091
62092
62093
62094
62095
62096
62097
62098
62099
62100
62101
62102
62103
62104
62105
62106
62107
62108
62109
62110
62111
62112
62113
62114
62115
62116
62117
62118
62119
62120
62121
62122
62123
62124
62125
62126
62127
62128
62129
62130
62131
62132
62133
62134
62135
62136
62137
62138
62139
62140
62141
62142
62143
62144
62145
62146
62147
62148
62149
62150
62151
62152
62153
62154
62155
62156
62157
62158
62159
62160
62161
62162
62163
62164
62165
62166
62167
62168
62169
62170
62171
62172
62173
62174
62175
62176
62177
62178
62179
62180
62181
62182
62183
62184
62185
62186
62187
62188
62189
62190
62191
62192
62193
62194
62195
62196
62197
62198
62199
62200
62201
62202
62203
62204
62205
62206
62207
62208
62209
62210
62211
62212
62213
62214
62215
62216
62217
62218
62219
62220
62221
62222
62223
62224
62225
62226
62227
62228
62229
62230
62231
62232
62233
62234
62235
62236
62237
62238
62239
62240
62241
62242
62243
62244
62245
62246
62247
62248
62249
62250
62251
62252
62253
62254
62255
62256
62257
62258
62259
62260
62261
62262
62263
62264
62265
62266
62267
62268
62269
62270
62271
62272
62273
62274
62275
62276
62277
62278
62279
62280
62281
62282
62283
62284
62285
62286
62287
62288
62289
62290
62291
62292
62293
62294
62295
62296
62297
62298
62299
62300
62301
62302
62303
62304
62305
62306
62307
62308
62309
62310
62311
62312
62313
62314
62315
62316
62317
62318
62319
62320
62321
62322
62323
62324
62325
62326
62327
62328
62329
62330
62331
62332
62333
62334
62335
62336
62337
62338
62339
62340
62341
62342
62343
62344
62345
62346
62347
62348
62349
62350
62351
62352
62353
62354
62355
62356
62357
62358
62359
62360
62361
62362
62363
62364
62365
62366
62367
62368
62369
67797
67798
67799
67800
67801
67802
67803
67804
67805
67806
67807
67808
67809
67810
67811
67812
67813
67814
67815
67816
67817
67818
67819
67820
67821
67822
67823
67824
67825
67826
67827
67828
67829
67830
67831
67832
67833
67834
67835
67836
67837
67838
67839
67840
67841
67842
67843
67844
67845
67846
67847
67848
67849
67850
67851
67852
67853
67854
67855
67856
67857
67858
67859
67860
67861
67862
67863
67864
67865
67866
67867
67868
67869
67870
67871
67872
67873
67874
67875
67876
67877
67878
67879
67880
67881
67882
67883
67884
67885
67886
67887
67888
67889
67890
67891
67892
67893
67894
67895
67896
67897
67898
67899
67900
67901
67902
67903
67904
67905
67906
67907
67908
67909
67910
67911
67912
67913
67914
67915
67916
67917
67918
67919
67920
67921
67922
67923
67924
67925
67926
67927
67928
67929
67930
67931
67932
67933
67934
67935
67936
67937
67938
67939
67940
67941
67942
67943
67944
67945
67946
67947
67948
67949
67950
67951
67952
67953
67954
67955
67956
67957
67958
67959
67960
67961
67962
67963
67964
67965
67966
67967
67968
67969
67970
67971
67972
67973
67974
67975
67976
67977
67978
67979
67980
67981
67982
67983
67984
67985
67986
67987
67988
67989
67990
67991
67992
67993
67994
67995
67996
67997
67998
67999
68000
68001
68002
68003
68004
68005
68006
68007
68008
68009
68010
68011
68012
68013
68014
68015
68016
68017
68018
68019
68020
68021
68022
68023
68024
68025
68026
68027
68028
68029
68030
68031
68032
68033
68034
68035
68036
68037
68038
68039
68040
68041
68042
68043
68044
68045
68046
68047
68048
68049
68050
68051
68052
68053
68054
68055
68056
68057
68058
68059
68060
68061
68062
68063
68064
68065
68066
68067
68068
68069
68070
68071
68072
68073
68074
68075
68076
68077
68078
68079
68080
68081
68082
68083
68084
68085
68086
68087
68088
68089
68090
68091
68092
68093
68094
68095
68096
68097
68098
68099
68100
68101
68102
68103
68104
68105
68106
68107
68108
68109
68110
68111
68112
68113
68114
68115
68116
68117
68118
68119
68120
68121
68122
68123
68124
68125
68126
68127
68128
68129
68130
68131
68132
68133
68134
68135
68136
68137
68138
68139
68140
68141
68142
68143
68144
68145
68146
68147
68148
68149
68150
68151
68152
68153
68154
68155
68156
68157
68158
68159
68160
68161
68162
68163
68164
68165
68166
68167
68168
68169
68170
68171
68172
68173
68174
68175
68176
68177
68178
68179
68180
68181
68182
68183
68184
68185
68186
68187
68188
68189
68190
68191
68192
68193
68194
68195
68196
68197
68198
68199
68200
68201
68202
68203
68204
68205
68206
68207
68208
68209
68210
68211
68212
68213
68214
68215
68216
68217
68218
68219
68220
68221
68222
68223
68224
68225
68226
68227
68228
68229
68230
68231
68232
68233
68234
68235
68236
68237
68238
68239
68240
68241
68242
68243
68244
68245
68246
68247
68248
68249
68250
68251
68252
68253
68254
68255
68256
68257
68258
68259
68260
68261
68262
68263
68264
68265
68266
68267
68268
68269
68270
68271
68272
68273
68274
68275
68276
68277
68278
68279
68280
68281
68282
68283
68284
68285
68286
68287
68288
68289
68290
68291
68292
68293
68294
68295
68296
68297
68298
68299
68300
68301
68302
68303
68304
68305
68306
68307
68308
68309
68310
68311
68312
68313
68314
68315
68316
68317
68318
68319
68320
68321
68322
68323
68324
68325
68326
68327
68328
68329
68330
68331
68332
68333
68334
68335
68336
68337
68338
68339
68340
68341
68342
68343
68344
68345
68346
68347
68348
68349
68350
68351
68352
68353
68354
68355
68356
68357
68358
68359
68360
68361
68362
68363
68364
68365
68366
68367
68368
68369
68370
68371
68372
68373
68374
68375
68376
68377
68378
68379
68380
68381
68382
68383
68384
68385
68386
68387
68388
68389
68390
68391
68392
68393
68394
68395
68396
68397
68398
68399
68400
68401
68402
68403
68404
68405
68406
68407
68408
68409
68410
68411
68412
68413
68414
68415
68416
68417
68418
68419
68420
68421
68422
68423
68424
68425
68426
68427
68428
68429
68430
68431
68432
68433
68434
68435
68436
68437
68438
68439
68440
68441
68442
68443
68444
68445
68446
68447
68448
68449
68450
68451
68452
68453
68454
68455
68456
68457
68458
68459
68460
68461
68462
68463
68464
68465
68466
68467
68468
68469
68470
68471
68472
68473
68474
68475
68476
68477
68478
68479
68480
68481
68482
68483
68484
68485
68486
68487
68488
68489
68490
68491
68492
68493
68494
68495
68496
68497
68498
68499
68500
68501
68502
68503
68504
68505
68506
68507
68508
68509
68510
68511
68512
68513
68514
68515
68516
68517
68518
68519
68520
68521
68522
68523
68524
68525
68526
68527
68528
68529
68530
68531
68532
68533
68534
68535
68536
68537
68538
68539
68540
68541
68542
68543
68544
68545
68546
68547
68548
68549
68550
68551
68552
68553
68554
68555
68556
68557
68558
68559
68560
68561
68562
68563
68564
68565
68566
68567
68568
68569
68570
68571
68572
68573
68574
68575
68576
68577
68578
68579
68580
68581
68582
68583
68584
68585
68586
68587
68588
68589
68590
68591
68592
68593
68594
68595
68596
68597
68598
68599
68600
68601
68602
68603
68604
68605
68606
68607
68608
68609
68610
68611
68612
68613
68614
68615
68616
68617
68618
68619
68620
68621
68622
68623
68624
68625
68626
68627
68628
68629
68630
68631
68632
68633
68634
68635
68636
68637
68638
68639
68640
68641
68642
68643
68644
68645
68646
68647
68648
68649
68650
68651
68652
68653
68654
68655
68656
68657
68658
68659
68660
68661
68662
68663
68664
68665
68666
68667
68668
68669
68670
68671
68672
68673
68674
68675
68676
68677
68678
68679
68680
68681
68682
68683
68684
68685
68686
68687
68688
68689
68690
68691
68692
68693
68694
68695
68696
68697
68698
68699
68700
68701
68702
68703
68704
68705
68706
68707
68708
68709
68710
68711
68712
68713
68714
68715
68716
68717
68718
68719
68720
68721
68722
68723
68724
68725
68726
68727
68728
68729
68730
68731
68732
68733
68734
68735
68736
68737
68738
68739
68740
68741
68742
68743
68744
68745
68746
68747
68748
68749
68750
68751
68752
68753
68754
68755
68756
68757
68758
68759
68760
68761
68762
68763
68764
68765
68766
68767
68768
68769
68770
68771
68772
68773
68774
68775
68776
68777
68778
68779
68780
68781
68782
68783
68784
68785
68786
68787
68788
68789
68790
68791
68792
68793
68794
68795
68796
68797
68798
68799
68800
68801
68802
68803
68804
68805
68806
68807
68808
68809
68810
68811
68812
68813
68814
68815
68816
68817
68818
68819
68820
68821
68822
68823
68824
68825
68826
68827
68828
68829
68830
68831
68832
68833
68834
68835
68836
68837
68838
68839
68840
68841
68842
68843
68844
68845
68846
68847
68848
68849
68850
68851
68852
68853
68854
68855
68856
68857
68858
68859
68860
68861
68862
68863
68864
68865
68866
68867
68868
68869
68870
68871
68872
68873
68874
68875
68876
68877
68878
68879
68880
68881
68882
68883
68884
68885
68886
68887
68888
68889
68890
68891
68892
68893
68894
68895
68896
68897
68898
68899
68900
68901
68902
68903
68904
68905
68906
68907
68908
68909
68910
68911
68912
68913
68914
68915
68916
68917
68918
68919
68920
68921
68922
68923
68924
68925
68926
68927
68928
68929
68930
74358
74359
74360
74361
74362
74363
74364
74365
74366
74367
74368
74369
74370
74371
74372
74373
74374
74375
74376
74377
74378
74379
74380
74381
74382
74383
74384
74385
74386
74387
74388
74389
74390
74391
74392
74393
74394
74395
74396
74397
74398
74399
74400
74401
74402
74403
74404
74405
74406
74407
74408
74409
74410
74411
74412
74413
74414
74415
74416
74417
74418
74419
74420
74421
74422
74423
74424
74425
74426
74427
74428
74429
74430
74431
74432
74433
74434
74435
74436
74437
74438
74439
74440
74441
74442
74443
74444
74445
74446
74447
74448
74449
74450
74451
74452
74453
74454
74455
74456
74457
74458
74459
74460
74461
74462
74463
74464
74465
74466
74467
74468
74469
74470
74471
74472
74473
74474
74475
74476
74477
74478
74479
74480
74481
74482
74483
74484
74485
74486
74487
74488
74489
74490
74491
74492
74493
74494
74495
74496
74497
74498
74499
74500
74501
74502
74503
74504
74505
74506
74507
74508
74509
74510
74511
74512
74513
74514
74515
74516
74517
74518
74519
74520
74521
74522
74523
74524
74525
74526
74527
74528
74529
74530
74531
74532
74533
74534
74535
74536
74537
74538
74539
74540
74541
74542
74543
74544
74545
74546
74547
74548
74549
74550
74551
74552
74553
74554
74555
74556
74557
74558
74559
74560
74561
74562
74563
74564
74565
74566
74567
74568
74569
74570
74571
74572
74573
74574
74575
74576
74577
74578
74579
74580
74581
74582
74583
74584
74585
74586
74587
74588
74589
74590
74591
74592
74593
74594
74595
74596
74597
74598
74599
74600
74601
74602
74603
74604
74605
74606
74607
74608
74609
74610
74611
74612
74613
74614
74615
74616
74617
74618
74619
74620
74621
74622
74623
74624
74625
74626
74627
74628
74629
74630
74631
74632
74633
74634
74635
74636
74637
74638
74639
74640
74641
74642
74643
74644
74645
74646
74647
74648
74649
74650
74651
74652
74653
74654
74655
74656
74657
74658
74659
74660
74661
74662
74663
74664
74665
74666
74667
74668
74669
74670
74671
74672
74673
74674
74675
74676
74677
74678
74679
74680
74681
74682
74683
74684
74685
74686
74687
74688
74689
74690
74691
74692
74693
74694
74695
74696
74697
74698
74699
74700
74701
74702
74703
74704
74705
74706
74707
74708
74709
74710
74711
74712
74713
74714
74715
74716
74717
74718
74719
74720
74721
74722
74723
74724
74725
74726
74727
74728
74729
74730
74731
74732
74733
74734
74735
74736
74737
74738
74739
74740
74741
74742
74743
74744
74745
74746
74747
74748
74749
74750
74751
74752
74753
74754
74755
74756
74757
74758
74759
74760
74761
74762
74763
74764
74765
74766
74767
74768
74769
74770
74771
74772
74773
74774
74775
74776
74777
74778
74779
74780
74781
74782
74783
74784
74785
74786
74787
74788
74789
74790
74791
74792
74793
74794
74795
74796
74797
74798
74799
74800
74801
74802
74803
74804
74805
74806
74807
74808
74809
74810
74811
74812
74813
74814
74815
74816
74817
74818
74819
74820
74821
74822
74823
74824
74825
74826
74827
74828
74829
74830
74831
74832
74833
74834
74835
74836
74837
74838
74839
74840
74841
74842
74843
74844
74845
74846
74847
74848
74849
74850
74851
74852
74853
74854
74855
74856
74857
74858
74859
74860
74861
74862
74863
74864
74865
74866
74867
74868
74869
74870
74871
74872
74873
74874
74875
74876
74877
74878
74879
74880
74881
74882
74883
74884
74885
74886
74887
74888
74889
74890
74891
74892
74893
74894
74895
74896
74897
74898
74899
74900
74901
74902
74903
74904
74905
74906
74907
74908
74909
74910
74911
74912
74913
74914
74915
74916
74917
74918
74919
74920
74921
74922
74923
74924
74925
74926
74927
74928
74929
74930
74931
74932
74933
74934
74935
74936
74937
74938
74939
74940
74941
74942
74943
74944
74945
74946
74947
74948
74949
74950
74951
74952
74953
74954
74955
74956
74957
74958
74959
74960
74961
74962
74963
74964
74965
74966
74967
74968
74969
74970
74971
74972
74973
74974
74975
74976
74977
74978
74979
74980
74981
74982
74983
74984
74985
74986
74987
74988
74989
74990
74991
74992
74993
74994
74995
74996
74997
74998
74999
75000
75001
75002
75003
75004
75005
75006
75007
75008
75009
75010
75011
75012
75013
75014
75015
75016
75017
75018
75019
75020
75021
75022
75023
75024
75025
75026
75027
75028
75029
75030
75031
75032
75033
75034
75035
75036
75037
75038
75039
75040
75041
75042
75043
75044
75045
75046
75047
75048
75049
75050
75051
75052
75053
75054
75055
75056
75057
75058
75059
75060
75061
75062
75063
75064
75065
75066
75067
75068
75069
75070
75071
75072
75073
75074
75075
75076
75077
75078
75079
75080
75081
75082
75083
75084
75085
75086
75087
75088
75089
75090
75091
75092
75093
75094
75095
75096
75097
75098
75099
75100
75101
75102
75103
75104
75105
75106
75107
75108
75109
75110
75111
75112
75113
75114
75115
75116
75117
75118
75119
75120
75121
75122
75123
75124
75125
75126
75127
75128
75129
75130
75131
75132
75133
75134
75135
75136
75137
75138
75139
75140
75141
75142
75143
75144
75145
75146
75147
75148
75149
75150
75151
75152
75153
75154
75155
75156
75157
75158
75159
75160
75161
75162
75163
75164
75165
75166
75167
75168
75169
75170
75171
75172
75173
75174
75175
75176
75177
75178
75179
75180
75181
75182
75183
75184
75185
75186
75187
75188
75189
75190
75191
75192
75193
75194
75195
75196
75197
75198
75199
75200
75201
75202
75203
75204
75205
75206
75207
75208
75209
75210
75211
75212
75213
75214
75215
75216
75217
75218
75219
75220
75221
75222
75223
75224
75225
75226
75227
75228
75229
75230
75231
75232
75233
75234
75235
75236
75237
75238
75239
75240
75241
75242
75243
75244
75245
75246
75247
75248
75249
75250
75251
75252
75253
75254
75255
75256
75257
75258
75259
75260
75261
75262
75263
75264
75265
75266
75267
75268
75269
75270
75271
75272
75273
75274
75275
75276
75277
75278
75279
75280
75281
75282
75283
75284
75285
75286
75287
75288
75289
75290
75291
75292
75293
75294
75295
75296
75297
75298
75299
75300
75301
75302
75303
75304
75305
75306
75307
75308
75309
75310
75311
75312
75313
75314
75315
75316
75317
75318
75319
75320
75321
75322
75323
75324
75325
75326
75327
75328
75329
75330
75331
75332
75333
75334
75335
75336
75337
75338
75339
75340
75341
75342
75343
75344
75345
75346
75347
75348
75349
75350
75351
75352
75353
75354
75355
75356
75357
75358
75359
75360
75361
75362
75363
75364
75365
75366
75367
75368
75369
75370
75371
75372
75373
75374
75375
75376
75377
75378
75379
75380
75381
75382
75383
75384
75385
75386
75387
75388
75389
75390
75391
75392
75393
75394
75395
75396
75397
75398
75399
75400
75401
75402
75403
75404
75405
75406
75407
75408
75409
75410
75411
75412
75413
75414
75415
75416
75417
75418
75419
75420
75421
75422
75423
75424
75425
75426
75427
75428
75429
75430
75431
75432
75433
75434
75435
75436
75437
75438
75439
75440
75441
75442
75443
75444
75445
75446
75447
75448
75449
75450
75451
75452
75453
75454
75455
75456
75457
75458
75459
75460
75461
75462
75463
75464
75465
75466
75467
75468
75469
75470
75471
75472
75473
75474
75475
75476
75477
75478
75479
75480
75481
75482
75483
75484
75485
75486
75487
75488
75489
75490
75491
80919
80920
80921
80922
80923
80924
80925
80926
80927
80928
80929
80930
80931
80932
80933
80934
80935
80936
80937
80938
80939
80940
80941
80942
80943
80944
80945
80946
80947
80948
80949
80950
80951
80952
80953
80954
80955
80956
80957
80958
80959
80960
80961
80962
80963
80964
80965
80966
80967
80968
80969
80970
80971
80972
80973
80974
80975
80976
80977
80978
80979
80980
80981
80982
80983
80984
80985
80986
80987
80988
80989
80990
80991
80992
80993
80994
80995
80996
80997
80998
80999
81000
81001
81002
81003
81004
81005
81006
81007
81008
81009
81010
81011
81012
81013
81014
81015
81016
81017
81018
81019
81020
81021
81022
81023
81024
81025
81026
81027
81028
81029
81030
81031
81032
81033
81034
81035
81036
81037
81038
81039
81040
81041
81042
81043
81044
81045
81046
81047
81048
81049
81050
81051
81052
81053
81054
81055
81056
81057
81058
81059
81060
81061
81062
81063
81064
81065
81066
81067
81068
81069
81070
81071
81072
81073
81074
81075
81076
81077
81078
81079
81080
81081
81082
81083
81084
81085
81086
81087
81088
81089
81090
81091
81092
81093
81094
81095
81096
81097
81098
81099
81100
81101
81102
81103
81104
81105
81106
81107
81108
81109
81110
81111
81112
81113
81114
81115
81116
81117
81118
81119
81120
81121
81122
81123
81124
81125
81126
81127
81128
81129
81130
81131
81132
81133
81134
81135
81136
81137
81138
81139
81140
81141
81142
81143
81144
81145
81146
81147
81148
81149
81150
81151
81152
81153
81154
81155
81156
81157
81158
81159
81160
81161
81162
81163
81164
81165
81166
81167
81168
81169
81170
81171
81172
81173
81174
81175
81176
81177
81178
81179
81180
81181
81182
81183
81184
81185
81186
81187
81188
81189
81190
81191
81192
81193
81194
81195
81196
81197
81198
81199
81200
81201
81202
81203
81204
81205
81206
81207
81208
81209
81210
81211
81212
81213
81214
81215
81216
81217
81218
81219
81220
81221
81222
81223
81224
81225
81226
81227
81228
81229
81230
81231
81232
81233
81234
81235
81236
81237
81238
81239
81240
81241
81242
81243
81244
81245
81246
81247
81248
81249
81250
81251
81252
81253
81254
81255
81256
81257
81258
81259
81260
81261
81262
81263
81264
81265
81266
81267
81268
81269
81270
81271
81272
81273
81274
81275
81276
81277
81278
81279
81280
81281
81282
81283
81284
81285
81286
81287
81288
81289
81290
81291
81292
81293
81294
81295
81296
81297
81298
81299
81300
81301
81302
81303
81304
81305
81306
81307
81308
81309
81310
81311
81312
81313
81314
81315
81316
81317
81318
81319
81320
81321
81322
81323
81324
81325
81326
81327
81328
81329
81330
81331
81332
81333
81334
81335
81336
81337
81338
81339
81340
81341
81342
81343
81344
81345
81346
81347
81348
81349
81350
81351
81352
81353
81354
81355
81356
81357
81358
81359
81360
81361
81362
81363
81364
81365
81366
81367
81368
81369
81370
81371
81372
81373
81374
81375
81376
81377
81378
81379
81380
81381
81382
81383
81384
81385
81386
81387
81388
81389
81390
81391
81392
81393
81394
81395
81396
81397
81398
81399
81400
81401
81402
81403
81404
81405
81406
81407
81408
81409
81410
81411
81412
81413
81414
81415
81416
81417
81418
81419
81420
81421
81422
81423
81424
81425
81426
81427
81428
81429
81430
81431
81432
81433
81434
81435
81436
81437
81438
81439
81440
81441
81442
81443
81444
81445
81446
81447
81448
81449
81450
81451
81452
81453
81454
81455
81456
81457
81458
81459
81460
81461
81462
81463
81464
81465
81466
81467
81468
81469
81470
81471
81472
81473
81474
81475
81476
81477
81478
81479
81480
81481
81482
81483
81484
81485
81486
81487
81488
81489
81490
81491
81492
81493
81494
81495
81496
81497
81498
81499
81500
81501
81502
81503
81504
81505
81506
81507
81508
81509
81510
81511
81512
81513
81514
81515
81516
81517
81518
81519
81520
81521
81522
81523
81524
81525
81526
81527
81528
81529
81530
81531
81532
81533
81534
81535
81536
81537
81538
81539
81540
81541
81542
81543
81544
81545
81546
81547
81548
81549
81550
81551
81552
81553
81554
81555
81556
81557
81558
81559
81560
81561
81562
81563
81564
81565
81566
81567
81568
81569
81570
81571
81572
81573
81574
81575
81576
81577
81578
81579
81580
81581
81582
81583
81584
81585
81586
81587
81588
81589
81590
81591
81592
81593
81594
81595
81596
81597
81598
81599
81600
81601
81602
81603
81604
81605
81606
81607
81608
81609
81610
81611
81612
81613
81614
81615
81616
81617
81618
81619
81620
81621
81622
81623
81624
81625
81626
81627
81628
81629
81630
81631
81632
81633
81634
81635
81636
81637
81638
81639
81640
81641
81642
81643
81644
81645
81646
81647
81648
81649
81650
81651
81652
81653
81654
81655
81656
81657
81658
81659
81660
81661
81662
81663
81664
81665
81666
81667
81668
81669
81670
81671
81672
81673
81674
81675
81676
81677
81678
81679
81680
81681
81682
81683
81684
81685
81686
81687
81688
81689
81690
81691
81692
81693
81694
81695
81696
81697
81698
81699
81700
81701
81702
81703
81704
81705
81706
81707
81708
81709
81710
81711
81712
81713
81714
81715
81716
81717
81718
81719
81720
81721
81722
81723
81724
81725
81726
81727
81728
81729
81730
81731
81732
81733
81734
81735
81736
81737
81738
81739
81740
81741
81742
81743
81744
81745
81746
81747
81748
81749
81750
81751
81752
81753
81754
81755
81756
81757
81758
81759
81760
81761
81762
81763
81764
81765
81766
81767
81768
81769
81770
81771
81772
81773
81774
81775
81776
81777
81778
81779
81780
81781
81782
81783
81784
81785
81786
81787
81788
81789
81790
81791
81792
81793
81794
81795
81796
81797
81798
81799
81800
81801
81802
81803
81804
81805
81806
81807
81808
81809
81810
81811
81812
81813
81814
81815
81816
81817
81818
81819
81820
81821
81822
81823
81824
81825
81826
81827
81828
81829
81830
81831
81832
81833
81834
81835
81836
81837
81838
81839
81840
81841
81842
81843
81844
81845
81846
81847
81848
81849
81850
81851
81852
81853
81854
81855
81856
81857
81858
81859
81860
81861
81862
81863
81864
81865
81866
81867
81868
81869
81870
81871
81872
81873
81874
81875
81876
81877
81878
81879
81880
81881
81882
81883
81884
81885
81886
81887
81888
81889
81890
81891
81892
81893
81894
81895
81896
81897
81898
81899
81900
81901
81902
81903
81904
81905
81906
81907
81908
81909
81910
81911
81912
81913
81914
81915
81916
81917
81918
81919
81920
81921
81922
81923
81924
81925
81926
81927
81928
81929
81930
81931
81932
81933
81934
81935
81936
81937
81938
81939
81940
81941
81942
81943
81944
81945
81946
81947
81948
81949
81950
81951
81952
81953
81954
81955
81956
81957
81958
81959
81960
81961
81962
81963
81964
81965
81966
81967
81968
81969
81970
81971
81972
81973
81974
81975
81976
81977
81978
81979
81980
81981
81982
81983
81984
81985
81986
81987
81988
81989
81990
81991
81992
81993
81994
81995
81996
81997
81998
81999
82000
82001
82002
82003
82004
82005
82006
82007
82008
82009
82010
82011
82012
82013
82014
82015
82016
82017
82018
82019
82020
82021
82022
82023
82024
82025
82026
82027
82028
82029
82030
82031
82032
82033
82034
82035
82036
82037
82038
82039
82040
82041
82042
82043
82044
82045
82046
82047
82048
82049
82050
82051
82052
87480
87481
87482
87483
87484
87485
87486
87487
87488
87489
87490
87491
87492
87493
87494
87495
87496
87497
87498
87499
87500
87501
87502
87503
87504
87505
87506
87507
87508
87509
87510
87511
87512
87513
87514
87515
87516
87517
87518
87519
87520
87521
87522
87523
87524
87525
87526
87527
87528
87529
87530
87531
87532
87533
87534
87535
87536
87537
87538
87539
87540
87541
87542
87543
87544
87545
87546
87547
87548
87549
87550
87551
87552
87553
87554
87555
87556
87557
87558
87559
87560
87561
87562
87563
87564
87565
87566
87567
87568
87569
87570
87571
87572
87573
87574
87575
87576
87577
87578
87579
87580
87581
87582
87583
87584
87585
87586
87587
87588
87589
87590
87591
87592
87593
87594
87595
87596
87597
87598
87599
87600
87601
87602
87603
87604
87605
87606
87607
87608
87609
87610
87611
87612
87613
87614
87615
87616
87617
87618
87619
87620
87621
87622
87623
87624
87625
87626
87627
87628
87629
87630
87631
87632
87633
87634
87635
87636
87637
87638
87639
87640
87641
87642
87643
87644
87645
87646
87647
87648
87649
87650
87651
87652
87653
87654
87655
87656
87657
87658
87659
87660
87661
87662
87663
87664
87665
87666
87667
87668
87669
87670
87671
87672
87673
87674
87675
87676
87677
87678
87679
87680
87681
87682
87683
87684
87685
87686
87687
87688
87689
87690
87691
87692
87693
87694
87695
87696
87697
87698
87699
87700
87701
87702
87703
87704
87705
87706
87707
87708
87709
87710
87711
87712
87713
87714
87715
87716
87717
87718
87719
87720
87721
87722
87723
87724
87725
87726
87727
87728
87729
87730
87731
87732
87733
87734
87735
87736
87737
87738
87739
87740
87741
87742
87743
87744
87745
87746
87747
87748
87749
87750
87751
87752
87753
87754
87755
87756
87757
87758
87759
87760
87761
87762
87763
87764
87765
87766
87767
87768
87769
87770
87771
87772
87773
87774
87775
87776
87777
87778
87779
87780
87781
87782
87783
87784
87785
87786
87787
87788
87789
87790
87791
87792
87793
87794
87795
87796
87797
87798
87799
87800
87801
87802
87803
87804
87805
87806
87807
87808
87809
87810
87811
87812
87813
87814
87815
87816
87817
87818
87819
87820
87821
87822
87823
87824
87825
87826
87827
87828
87829
87830
87831
87832
87833
87834
87835
87836
87837
87838
87839
87840
87841
87842
87843
87844
87845
87846
87847
87848
87849
87850
87851
87852
87853
87854
87855
87856
87857
87858
87859
87860
87861
87862
87863
87864
87865
87866
87867
87868
87869
87870
87871
87872
87873
87874
87875
87876
87877
87878
87879
87880
87881
87882
87883
87884
87885
87886
87887
87888
87889
87890
87891
87892
87893
87894
87895
87896
87897
87898
87899
87900
87901
87902
87903
87904
87905
87906
87907
87908
87909
87910
87911
87912
87913
87914
87915
87916
87917
87918
87919
87920
87921
87922
87923
87924
87925
87926
87927
87928
87929
87930
87931
87932
87933
87934
87935
87936
87937
87938
87939
87940
87941
87942
87943
87944
87945
87946
87947
87948
87949
87950
87951
87952
87953
87954
87955
87956
87957
87958
87959
87960
87961
87962
87963
87964
87965
87966
87967
87968
87969
87970
87971
87972
87973
87974
87975
87976
87977
87978
87979
87980
87981
87982
87983
87984
87985
87986
87987
87988
87989
87990
87991
87992
87993
87994
87995
87996
87997
87998
87999
88000
88001
88002
88003
88004
88005
88006
88007
88008
88009
88010
88011
88012
88013
88014
88015
88016
88017
88018
88019
88020
88021
88022
88023
88024
88025
88026
88027
88028
88029
88030
88031
88032
88033
88034
88035
88036
88037
88038
88039
88040
88041
88042
88043
88044
88045
88046
88047
88048
88049
88050
88051
88052
88053
88054
88055
88056
88057
88058
88059
88060
88061
88062
88063
88064
88065
88066
88067
88068
88069
88070
88071
88072
88073
88074
88075
88076
88077
88078
88079
88080
88081
88082
88083
88084
88085
88086
88087
88088
88089
88090
88091
88092
88093
88094
88095
88096
88097
88098
88099
88100
88101
88102
88103
88104
88105
88106
88107
88108
88109
88110
88111
88112
88113
88114
88115
88116
88117
88118
88119
88120
88121
88122
88123
88124
88125
88126
88127
88128
88129
88130
88131
88132
88133
88134
88135
88136
88137
88138
88139
88140
88141
88142
88143
88144
88145
88146
88147
88148
88149
88150
88151
88152
88153
88154
88155
88156
88157
88158
88159
88160
88161
88162
88163
88164
88165
88166
88167
88168
88169
88170
88171
88172
88173
88174
88175
88176
88177
88178
88179
88180
88181
88182
88183
88184
88185
88186
88187
88188
88189
88190
88191
88192
88193
88194
88195
88196
88197
88198
88199
88200
88201
88202
88203
88204
88205
88206
88207
88208
88209
88210
88211
88212
88213
88214
88215
88216
88217
88218
88219
88220
88221
88222
88223
88224
88225
88226
88227
88228
88229
88230
88231
88232
88233
88234
88235
88236
88237
88238
88239
88240
88241
88242
88243
88244
88245
88246
88247
88248
88249
88250
88251
88252
88253
88254
88255
88256
88257
88258
88259
88260
88261
88262
88263
88264
88265
88266
88267
88268
88269
88270
88271
88272
88273
88274
88275
88276
88277
88278
88279
88280
88281
88282
88283
88284
88285
88286
88287
88288
88289
88290
88291
88292
88293
88294
88295
88296
88297
88298
88299
88300
88301
88302
88303
88304
88305
88306
88307
88308
88309
88310
88311
88312
88313
88314
88315
88316
88317
88318
88319
88320
88321
88322
88323
88324
88325
88326
88327
88328
88329
88330
88331
88332
88333
88334
88335
88336
88337
88338
88339
88340
88341
88342
88343
88344
88345
88346
88347
88348
88349
88350
88351
88352
88353
88354
88355
88356
88357
88358
88359
88360
88361
88362
88363
88364
88365
88366
88367
88368
88369
88370
88371
88372
88373
88374
88375
88376
88377
88378
88379
88380
88381
88382
88383
88384
88385
88386
88387
88388
88389
88390
88391
88392
88393
88394
88395
88396
88397
88398
88399
88400
88401
88402
88403
88404
88405
88406
88407
88408
88409
88410
88411
88412
88413
88414
88415
88416
88417
88418
88419
88420
88421
88422
88423
88424
88425
88426
88427
88428
88429
88430
88431
88432
88433
88434
88435
88436
88437
88438
88439
88440
88441
88442
88443
88444
88445
88446
88447
88448
88449
88450
88451
88452
88453
88454
88455
88456
88457
88458
88459
88460
88461
88462
88463
88464
88465
88466
88467
88468
88469
88470
88471
88472
88473
88474
88475
88476
88477
88478
88479
88480
88481
88482
88483
88484
88485
88486
88487
88488
88489
88490
88491
88492
88493
88494
88495
88496
88497
88498
88499
88500
88501
88502
88503
88504
88505
88506
88507
88508
88509
88510
88511
88512
88513
88514
88515
88516
88517
88518
88519
88520
88521
88522
88523
88524
88525
88526
88527
88528
88529
88530
88531
88532
88533
88534
88535
88536
88537
88538
88539
88540
88541
88542
88543
88544
88545
88546
88547
88548
88549
88550
88551
88552
88553
88554
88555
88556
88557
88558
88559
88560
88561
88562
88563
88564
88565
88566
88567
88568
88569
88570
88571
88572
88573
88574
88575
88576
88577
88578
88579
88580
88581
88582
88583
88584
88585
88586
88587
88588
88589
88590
88591
88592
88593
88594
88595
88596
88597
88598
88599
88600
88601
88602
88603
88604
88605
88606
88607
88608
88609
88610
88611
88612
88613
94041
94042
94043
94044
94045
94046
94047
94048
94049
94050
94051
94052
94053
94054
94055
94056
94057
94058
94059
94060
94061
94062
94063
94064
94065
94066
94067
94068
94069
94070
94071
94072
94073
94074
94075
94076
94077
94078
94079
94080
94081
94082
94083
94084
94085
94086
94087
94088
94089
94090
94091
94092
94093
94094
94095
94096
94097
94098
94099
94100
94101
94102
94103
94104
94105
94106
94107
94108
94109
94110
94111
94112
94113
94114
94115
94116
94117
94118
94119
94120
94121
94122
94123
94124
94125
94126
94127
94128
94129
94130
94131
94132
94133
94134
94135
94136
94137
94138
94139
94140
94141
94142
94143
94144
94145
94146
94147
94148
94149
94150
94151
94152
94153
94154
94155
94156
94157
94158
94159
94160
94161
94162
94163
94164
94165
94166
94167
94168
94169
94170
94171
94172
94173
94174
94175
94176
94177
94178
94179
94180
94181
94182
94183
94184
94185
94186
94187
94188
94189
94190
94191
94192
94193
94194
94195
94196
94197
94198
94199
94200
94201
94202
94203
94204
94205
94206
94207
94208
94209
94210
94211
94212
94213
94214
94215
94216
94217
94218
94219
94220
94221
94222
94223
94224
94225
94226
94227
94228
94229
94230
94231
94232
94233
94234
94235
94236
94237
94238
94239
94240
94241
94242
94243
94244
94245
94246
94247
94248
94249
94250
94251
94252
94253
94254
94255
94256
94257
94258
94259
94260
94261
94262
94263
94264
94265
94266
94267
94268
94269
94270
94271
94272
94273
94274
94275
94276
94277
94278
94279
94280
94281
94282
94283
94284
94285
94286
94287
94288
94289
94290
94291
94292
94293
94294
94295
94296
94297
94298
94299
94300
94301
94302
94303
94304
94305
94306
94307
94308
94309
94310
94311
94312
94313
94314
94315
94316
94317
94318
94319
94320
94321
94322
94323
94324
94325
94326
94327
94328
94329
94330
94331
94332
94333
94334
94335
94336
94337
94338
94339
94340
94341
94342
94343
94344
94345
94346
94347
94348
94349
94350
94351
94352
94353
94354
94355
94356
94357
94358
94359
94360
94361
94362
94363
94364
94365
94366
94367
94368
94369
94370
94371
94372
94373
94374
94375
94376
94377
94378
94379
94380
94381
94382
94383
94384
94385
94386
94387
94388
94389
94390
94391
94392
94393
94394
94395
94396
94397
94398
94399
94400
94401
94402
94403
94404
94405
94406
94407
94408
94409
94410
94411
94412
94413
94414
94415
94416
94417
94418
94419
94420
94421
94422
94423
94424
94425
94426
94427
94428
94429
94430
94431
94432
94433
94434
94435
94436
94437
94438
94439
94440
94441
94442
94443
94444
94445
94446
94447
94448
94449
94450
94451
94452
94453
94454
94455
94456
94457
94458
94459
94460
94461
94462
94463
94464
94465
94466
94467
94468
94469
94470
94471
94472
94473
94474
94475
94476
94477
94478
94479
94480
94481
94482
94483
94484
94485
94486
94487
94488
94489
94490
94491
94492
94493
94494
94495
94496
94497
94498
94499
94500
94501
94502
94503
94504
94505
94506
94507
94508
94509
94510
94511
94512
94513
94514
94515
94516
94517
94518
94519
94520
94521
94522
94523
94524
94525
94526
94527
94528
94529
94530
94531
94532
94533
94534
94535
94536
94537
94538
94539
94540
94541
94542
94543
94544
94545
94546
94547
94548
94549
94550
94551
94552
94553
94554
94555
94556
94557
94558
94559
94560
94561
94562
94563
94564
94565
94566
94567
94568
94569
94570
94571
94572
94573
94574
94575
94576
94577
94578
94579
94580
94581
94582
94583
94584
94585
94586
94587
94588
94589
94590
94591
94592
94593
94594
94595
94596
94597
94598
94599
94600
94601
94602
94603
94604
94605
94606
94607
94608
94609
94610
94611
94612
94613
94614
94615
94616
94617
94618
94619
94620
94621
94622
94623
94624
94625
94626
94627
94628
94629
94630
94631
94632
94633
94634
94635
94636
94637
94638
94639
94640
94641
94642
94643
94644
94645
94646
94647
94648
94649
94650
94651
94652
94653
94654
94655
94656
94657
94658
94659
94660
94661
94662
94663
94664
94665
94666
94667
94668
94669
94670
94671
94672
94673
94674
94675
94676
94677
94678
94679
94680
94681
94682
94683
94684
94685
94686
94687
94688
94689
94690
94691
94692
94693
94694
94695
94696
94697
94698
94699
94700
94701
94702
94703
94704
94705
94706
94707
94708
94709
94710
94711
94712
94713
94714
94715
94716
94717
94718
94719
94720
94721
94722
94723
94724
94725
94726
94727
94728
94729
94730
94731
94732
94733
94734
94735
94736
94737
94738
94739
94740
94741
94742
94743
94744
94745
94746
94747
94748
94749
94750
94751
94752
94753
94754
94755
94756
94757
94758
94759
94760
94761
94762
94763
94764
94765
94766
94767
94768
94769
94770
94771
94772
94773
94774
94775
94776
94777
94778
94779
94780
94781
94782
94783
94784
94785
94786
94787
94788
94789
94790
94791
94792
94793
94794
94795
94796
94797
94798
94799
94800
94801
94802
94803
94804
94805
94806
94807
94808
94809
94810
94811
94812
94813
94814
94815
94816
94817
94818
94819
94820
94821
94822
94823
94824
94825
94826
94827
94828
94829
94830
94831
94832
94833
94834
94835
94836
94837
94838
94839
94840
94841
94842
94843
94844
94845
94846
94847
94848
94849
94850
94851
94852
94853
94854
94855
94856
94857
94858
94859
94860
94861
94862
94863
94864
94865
94866
94867
94868
94869
94870
94871
94872
94873
94874
94875
94876
94877
94878
94879
94880
94881
94882
94883
94884
94885
94886
94887
94888
94889
94890
94891
94892
94893
94894
94895
94896
94897
94898
94899
94900
94901
94902
94903
94904
94905
94906
94907
94908
94909
94910
94911
94912
94913
94914
94915
94916
94917
94918
94919
94920
94921
94922
94923
94924
94925
94926
94927
94928
94929
94930
94931
94932
94933
94934
94935
94936
94937
94938
94939
94940
94941
94942
94943
94944
94945
94946
94947
94948
94949
94950
94951
94952
94953
94954
94955
94956
94957
94958
94959
94960
94961
94962
94963
94964
94965
94966
94967
94968
94969
94970
94971
94972
94973
94974
94975
94976
94977
94978
94979
94980
94981
94982
94983
94984
94985
94986
94987
94988
94989
94990
94991
94992
94993
94994
94995
94996
94997
94998
94999
95000
95001
95002
95003
95004
95005
95006
95007
95008
95009
95010
95011
95012
95013
95014
95015
95016
95017
95018
95019
95020
95021
95022
95023
95024
95025
95026
95027
95028
95029
95030
95031
95032
95033
95034
95035
95036
95037
95038
95039
95040
95041
95042
95043
95044
95045
95046
95047
95048
95049
95050
95051
95052
95053
95054
95055
95056
95057
95058
95059
95060
95061
95062
95063
95064
95065
95066
95067
95068
95069
95070
95071
95072
95073
95074
95075
95076
95077
95078
95079
95080
95081
95082
95083
95084
95085
95086
95087
95088
95089
95090
95091
95092
95093
95094
95095
95096
95097
95098
95099
95100
95101
95102
95103
95104
95105
95106
95107
95108
95109
95110
95111
95112
95113
95114
95115
95116
95117
95118
95119
95120
95121
95122
95123
95124
95125
95126
95127
95128
95129
95130
95131
95132
95133
95134
95135
95136
95137
95138
95139
95140
95141
95142
95143
95144
95145
95146
95147
95148
95149
95150
95151
95152
95153
95154
95155
95156
95157
95158
95159
95160
95161
95162
95163
95164
95165
95166
95167
95168
95169
95170
95171
95172
95173
95174
100521
100522
100602
100603
100604
100605
100606
100607
100608
100609
100610
100611
100612
100613
100614
100615
100616
100617
100618
100619
100620
100621
100622
100623
100624
100625
100626
100627
100628
100629
100630
100631
100632
100633
100634
100635
100636
100637
100638
100639
100640
100641
100642
100643
100644
100645
100646
100647
100648
100649
100650
100651
100652
100653
100654
100655
100656
100657
100658
100659
100660
100661
100662
100663
100664
100665
100666
100667
100668
100669
100670
100671
100672
100673
100674
100675
100676
100677
100678
100679
100680
100681
100682
100683
100684
100685
100686
100687
100688
100689
100690
100691
100692
100693
100694
100695
100696
100697
100698
100699
100700
100701
100702
100703
100704
100705
100706
100707
100708
100709
100710
100711
100712
100713
100714
100715
100716
100717
100718
100719
100720
100721
100722
100723
100724
100725
100726
100727
100728
100729
100730
100731
100732
100733
100734
100735
100736
100737
100738
100739
100740
100741
100742
100743
100744
100745
100746
100747
100748
100749
100750
100751
100752
100753
100754
100755
100756
100757
100758
100759
100760
100761
100762
100763
100764
100765
100766
100767
100768
100769
100770
100771
100772
100773
100774
100775
100776
100777
100778
100779
100780
100781
100782
100783
100784
100785
100786
100787
100788
100789
100790
100791
100792
100793
100794
100795
100796
100797
100798
100799
100800
100801
100802
100803
100804
100805
100806
100807
100808
100809
100810
100811
100812
100813
100814
100815
100816
100817
100818
100819
100820
100821
100822
100823
100824
100825
100826
100827
100828
100829
100830
100831
100832
100833
100834
100835
100836
100837
100838
100839
100840
100841
100842
100843
100844
100845
100846
100847
100848
100849
100850
100851
100852
100853
100854
100855
100856
100857
100858
100859
100860
100861
100862
100863
100864
100865
100866
100867
100868
100869
100870
100871
100872
100873
100874
100875
100876
100877
100878
100879
100880
100881
100882
100883
100884
100885
100886
100887
100888
100889
100890
100891
100892
100893
100894
100895
100896
100897
100898
100899
100900
100901
100902
100903
100904
100905
100906
100907
100908
100909
100910
100911
100912
100913
100914
100915
100916
100917
100918
100919
100920
100921
100922
100923
100924
100925
100926
100927
100928
100929
100930
100931
100932
100933
100934
100935
100936
100937
100938
100939
100940
100941
100942
100943
100944
100945
100946
100947
100948
100949
100950
100951
100952
100953
100954
100955
100956
100957
100958
100959
100960
100961
100962
100963
100964
100965
100966
100967
100968
100969
100970
100971
100972
100973
100974
100975
100976
100977
100978
100979
100980
100981
100982
100983
100984
100985
100986
100987
100988
100989
100990
100991
100992
100993
100994
100995
100996
100997
100998
100999
101000
101001
101002
101003
101004
101005
101006
101007
101008
101009
101010
101011
101012
101013
101014
101015
101016
101017
101018
101019
101020
101021
101022
101023
101024
101025
101026
101027
101028
101029
101030
101031
101032
101033
101034
101035
101036
101037
101038
101039
101040
101041
101042
101043
101044
101045
101046
101047
101048
101049
101050
101051
101052
101053
101054
101055
101056
101057
101058
101059
101060
101061
101062
101063
101064
101065
101066
101067
101068
101069
101070
101071
101072
101073
101074
101075
101076
101077
101078
101079
101080
101081
101082
101083
101084
101085
101086
101087
101088
101089
101090
101091
101092
101093
101094
101095
101096
101097
101098
101099
101100
101101
101102
101103
101104
101105
101106
101107
101108
101109
101110
101111
101112
101113
101114
101115
101116
101117
101118
101119
101120
101121
101122
101123
101124
101125
101126
101127
101128
101129
101130
101131
101132
101133
101134
101135
101136
101137
101138
101139
101140
101141
101142
101143
101144
101145
101146
101147
101148
101149
101150
101151
101152
101153
101154
101155
101156
101157
101158
101159
101160
101161
101162
101163
101164
101165
101166
101167
101168
101169
101170
101171
101172
101173
101174
101175
101176
101177
101178
101179
101180
101181
101182
101183
101184
101185
101186
101187
101188
101189
101190
101191
101192
101193
101194
101195
101196
101197
101198
101199
101200
101201
101202
101203
101204
101205
101206
101207
101208
101209
101210
101211
101212
101213
101214
101215
101216
101217
101218
101219
101220
101221
101222
101223
101224
101225
101226
101227
101228
101229
101230
101231
101232
101233
101234
101235
101236
101237
101238
101239
101240
101241
101242
101243
101244
101245
101246
101247
101248
101249
101250
101251
101252
101253
101254
101255
101256
101257
101258
101259
101260
101261
101262
101263
101264
101265
101266
101267
101268
101269
101270
101271
101272
101273
101274
101275
101276
101277
101278
101279
101280
101281
101282
101283
101284
101285
101286
101287
101288
101289
101290
101291
101292
101293
101294
101295
101296
101297
101298
101299
101300
101301
101302
101303
101304
101305
101306
101307
101308
101309
101310
101311
101312
101313
101314
101315
101316
101317
101318
101319
101320
101321
101322
101323
101324
101325
101326
101327
101328
101329
101330
101331
101332
101333
101334
101335
101336
101337
101338
101339
101340
101341
101342
101343
101344
101345
101346
101347
101348
101349
101350
101351
101352
101353
101354
101355
101356
101357
101358
101359
101360
101361
101362
101363
101364
101365
101366
101367
101368
101369
101370
101371
101372
101373
101374
101375
101376
101377
101378
101379
101380
101381
101382
101383
101384
101385
101386
101387
101388
101389
101390
101391
101392
101393
101394
101395
101396
101397
101398
101399
101400
101401
101402
101403
101404
101405
101406
101407
101408
101409
101410
101411
101412
101413
101414
101415
101416
101417
101418
101419
101420
101421
101422
101423
101424
101425
101426
101427
101428
101429
101430
101431
101432
101433
101434
101435
101436
101437
101438
101439
101440
101441
101442
101443
101444
101445
101446
101447
101448
101449
101450
101451
101452
101453
101454
101455
101456
101457
101458
101459
101460
101461
101462
101463
101464
101465
101466
101467
101468
101469
101470
101471
101472
101473
101474
101475
101476
101477
101478
101479
101480
101481
101482
101483
101484
101485
101486
101487
101488
101489
101490
101491
101492
101493
101494
101495
101496
101497
101498
101499
101500
101501
101502
101503
101504
101505
101506
101507
101508
101509
101510
101511
101512
101513
101514
101515
101516
101517
101518
101519
101520
101521
101522
101523
101524
101525
101526
101527
101528
101529
101530
101531
101532
101533
101534
101535
101536
101537
101538
101539
101540
101541
101542
101543
101544
101545
101546
101547
101548
101549
101550
101551
101552
101553
101554
101555
101556
101557
101558
101559
101560
101561
101562
101563
101564
101565
101566
101567
101568
101569
101570
101571
101572
101573
101574
101575
101576
101577
101578
101579
101580
101581
101582
101583
101584
101585
101586
101587
101588
101589
101590
101591
101592
101593
101594
101595
101596
101597
101598
101599
101600
101601
101602
101603
101604
101605
101606
101607
101608
101609
101610
101611
101612
101613
101614
101615
101616
101617
101618
101619
101620
101621
101622
101623
101624
101625
101626
101627
101628
101629
101630
101631
101632
101633
101634
101635
101636
101637
101638
101639
101640
101641
101642
101643
101644
101645
101646
101647
101648
101649
101650
101651
101652
101653
101654
101655
101656
101657
101658
101659
101660
101661
101662
101663
101664
101665
101666
101667
101668
101669
101670
101671
101672
101673
101674
101675
101676
101677
101678
101679
101680
101681
101682
101683
101684
101685
101686
101687
101688
101689
101690
101691
101692
101693
101694
101695
101696
101697
101698
101699
101700
101701
101702
101703
101704
101705
101706
101707
101708
101709
101710
101711
101712
101713
101714
101715
101716
101717
101718
101719
101720
101721
101722
101723
101724
101725
101726
101727
101728
101729
101730
101731
101732
101733
101734
101735
107082
107083
107084
107163
107164
107165
107166
107167
107168
107169
107170
107171
107172
107173
107174
107175
107176
107177
107178
107179
107180
107181
107182
107183
107184
107185
107186
107187
107188
107189
107190
107191
107192
107193
107194
107195
107196
107197
107198
107199
107200
107201
107202
107203
107204
107205
107206
107207
107208
107209
107210
107211
107212
107213
107214
107215
107216
107217
107218
107219
107220
107221
107222
107223
107224
107225
107226
107227
107228
107229
107230
107231
107232
107233
107234
107235
107236
107237
107238
107239
107240
107241
107242
107243
107244
107245
107246
107247
107248
107249
107250
107251
107252
107253
107254
107255
107256
107257
107258
107259
107260
107261
107262
107263
107264
107265
107266
107267
107268
107269
107270
107271
107272
107273
107274
107275
107276
107277
107278
107279
107280
107281
107282
107283
107284
107285
107286
107287
107288
107289
107290
107291
107292
107293
107294
107295
107296
107297
107298
107299
107300
107301
107302
107303
107304
107305
107306
107307
107308
107309
107310
107311
107312
107313
107314
107315
107316
107317
107318
107319
107320
107321
107322
107323
107324
107325
107326
107327
107328
107329
107330
107331
107332
107333
107334
107335
107336
107337
107338
107339
107340
107341
107342
107343
107344
107345
107346
107347
107348
107349
107350
107351
107352
107353
107354
107355
107356
107357
107358
107359
107360
107361
107362
107363
107364
107365
107366
107367
107368
107369
107370
107371
107372
107373
107374
107375
107376
107377
107378
107379
107380
107381
107382
107383
107384
107385
107386
107387
107388
107389
107390
107391
107392
107393
107394
107395
107396
107397
107398
107399
107400
107401
107402
107403
107404
107405
107406
107407
107408
107409
107410
107411
107412
107413
107414
107415
107416
107417
107418
107419
107420
107421
107422
107423
107424
107425
107426
107427
107428
107429
107430
107431
107432
107433
107434
107435
107436
107437
107438
107439
107440
107441
107442
107443
107444
107445
107446
107447
107448
107449
107450
107451
107452
107453
107454
107455
107456
107457
107458
107459
107460
107461
107462
107463
107464
107465
107466
107467
107468
107469
107470
107471
107472
107473
107474
107475
107476
107477
107478
107479
107480
107481
107482
107483
107484
107485
107486
107487
107488
107489
107490
107491
107492
107493
107494
107495
107496
107497
107498
107499
107500
107501
107502
107503
107504
107505
107506
107507
107508
107509
107510
107511
107512
107513
107514
107515
107516
107517
107518
107519
107520
107521
107522
107523
107524
107525
107526
107527
107528
107529
107530
107531
107532
107533
107534
107535
107536
107537
107538
107539
107540
107541
107542
107543
107544
107545
107546
107547
107548
107549
107550
107551
107552
107553
107554
107555
107556
107557
107558
107559
107560
107561
107562
107563
107564
107565
107566
107567
107568
107569
107570
107571
107572
107573
107574
107575
107576
107577
107578
107579
107580
107581
107582
107583
107584
107585
107586
107587
107588
107589
107590
107591
107592
107593
107594
107595
107596
107597
107598
107599
107600
107601
107602
107603
107604
107605
107606
107607
107608
107609
107610
107611
107612
107613
107614
107615
107616
107617
107618
107619
107620
107621
107622
107623
107624
107625
107626
107627
107628
107629
107630
107631
107632
107633
107634
107635
107636
107637
107638
107639
107640
107641
107642
107643
107644
107645
107646
107647
107648
107649
107650
107651
107652
107653
107654
107655
107656
107657
107658
107659
107660
107661
107662
107663
107664
107665
107666
107667
107668
107669
107670
107671
107672
107673
107674
107675
107676
107677
107678
107679
107680
107681
107682
107683
107684
107685
107686
107687
107688
107689
107690
107691
107692
107693
107694
107695
107696
107697
107698
107699
107700
107701
107702
107703
107704
107705
107706
107707
107708
107709
107710
107711
107712
107713
107714
107715
107716
107717
107718
107719
107720
107721
107722
107723
107724
107725
107726
107727
107728
107729
107730
107731
107732
107733
107734
107735
107736
107737
107738
107739
107740
107741
107742
107743
107744
107745
107746
107747
107748
107749
107750
107751
107752
107753
107754
107755
107756
107757
107758
107759
107760
107761
107762
107763
107764
107765
107766
107767
107768
107769
107770
107771
107772
107773
107774
107775
107776
107777
107778
107779
107780
107781
107782
107783
107784
107785
107786
107787
107788
107789
107790
107791
107792
107793
107794
107795
107796
107797
107798
107799
107800
107801
107802
107803
107804
107805
107806
107807
107808
107809
107810
107811
107812
107813
107814
107815
107816
107817
107818
107819
107820
107821
107822
107823
107824
107825
107826
107827
107828
107829
107830
107831
107832
107833
107834
107835
107836
107837
107838
107839
107840
107841
107842
107843
107844
107845
107846
107847
107848
107849
107850
107851
107852
107853
107854
107855
107856
107857
107858
107859
107860
107861
107862
107863
107864
107865
107866
107867
107868
107869
107870
107871
107872
107873
107874
107875
107876
107877
107878
107879
107880
107881
107882
107883
107884
107885
107886
107887
107888
107889
107890
107891
107892
107893
107894
107895
107896
107897
107898
107899
107900
107901
107902
107903
107904
107905
107906
107907
107908
107909
107910
107911
107912
107913
107914
107915
107916
107917
107918
107919
107920
107921
107922
107923
107924
107925
107926
107927
107928
107929
107930
107931
107932
107933
107934
107935
107936
107937
107938
107939
107940
107941
107942
107943
107944
107945
107946
107947
107948
107949
107950
107951
107952
107953
107954
107955
107956
107957
107958
107959
107960
107961
107962
107963
107964
107965
107966
107967
107968
107969
107970
107971
107972
107973
107974
107975
107976
107977
107978
107979
107980
107981
107982
107983
107984
107985
107986
107987
107988
107989
107990
107991
107992
107993
107994
107995
107996
107997
107998
107999
108000
108001
108002
108003
108004
108005
108006
108007
108008
108009
108010
108011
108012
108013
108014
108015
108016
108017
108018
108019
108020
108021
108022
108023
108024
108025
108026
108027
108028
108029
108030
108031
108032
108033
108034
108035
108036
108037
108038
108039
108040
108041
108042
108043
108044
108045
108046
108047
108048
108049
108050
108051
108052
108053
108054
108055
108056
108057
108058
108059
108060
108061
108062
108063
108064
108065
108066
108067
108068
108069
108070
108071
108072
108073
108074
108075
108076
108077
108078
108079
108080
108081
108082
108083
108084
108085
108086
108087
108088
108089
108090
108091
108092
108093
108094
108095
108096
108097
108098
108099
108100
108101
108102
108103
108104
108105
108106
108107
108108
108109
108110
108111
108112
108113
108114
108115
108116
108117
108118
108119
108120
108121
108122
108123
108124
108125
108126
108127
108128
108129
108130
108131
108132
108133
108134
108135
108136
108137
108138
108139
108140
108141
108142
108143
108144
108145
108146
108147
108148
108149
108150
108151
108152
108153
108154
108155
108156
108157
108158
108159
108160
108161
108162
108163
108164
108165
108166
108167
108168
108169
108170
108171
108172
108173
108174
108175
108176
108177
108178
108179
108180
108181
108182
108183
108184
108185
108186
108187
108188
108189
108190
108191
108192
108193
108194
108195
108196
108197
108198
108199
108200
108201
108202
108203
108204
108205
108206
108207
108208
108209
108210
108211
108212
108213
108214
108215
108216
108217
108218
108219
108220
108221
108222
108223
108224
108225
108226
108227
108228
108229
108230
108231
108232
108233
108234
108235
108236
108237
108238
108239
108240
108241
108242
108243
108244
108245
108246
108247
108248
108249
108250
108251
108252
108253
108254
108255
108256
108257
108258
108259
108260
108261
108262
108263
108264
108265
108266
108267
108268
108269
108270
108271
108272
108273
108274
108275
108276
108277
108278
108279
108280
108281
108282
108283
108284
108285
108286
108287
108288
108289
108290
108291
108292
108293
108294
108295
108296
113643
113644
113645
113646
113724
113725
113726
113727
113728
113729
113730
113731
113732
113733
113734
113735
113736
113737
113738
113739
113740
113741
113742
113743
113744
113745
113746
113747
113748
113749
113750
113751
113752
113753
113754
113755
113756
113757
113758
113759
113760
113761
113762
113763
113764
113765
113766
113767
113768
113769
113770
113771
113772
113773
113774
113775
113776
113777
113778
113779
113780
113781
113782
113783
113784
113785
113786
113787
113788
113789
113790
113791
113792
113793
113794
113795
113796
113797
113798
113799
113800
113801
113802
113803
113804
113805
113806
113807
113808
113809
113810
113811
113812
113813
113814
113815
113816
113817
113818
113819
113820
113821
113822
113823
113824
113825
113826
113827
113828
113829
113830
113831
113832
113833
113834
113835
113836
113837
113838
113839
113840
113841
113842
113843
113844
113845
113846
113847
113848
113849
113850
113851
113852
113853
113854
113855
113856
113857
113858
113859
113860
113861
113862
113863
113864
113865
113866
113867
113868
113869
113870
113871
113872
113873
113874
113875
113876
113877
113878
113879
113880
113881
113882
113883
113884
113885
113886
113887
113888
113889
113890
113891
113892
113893
113894
113895
113896
113897
113898
113899
113900
113901
113902
113903
113904
113905
113906
113907
113908
113909
113910
113911
113912
113913
113914
113915
113916
113917
113918
113919
113920
113921
113922
113923
113924
113925
113926
113927
113928
113929
113930
113931
113932
113933
113934
113935
113936
113937
113938
113939
113940
113941
113942
113943
113944
113945
113946
113947
113948
113949
113950
113951
113952
113953
113954
113955
113956
113957
113958
113959
113960
113961
113962
113963
113964
113965
113966
113967
113968
113969
113970
113971
113972
113973
113974
113975
113976
113977
113978
113979
113980
113981
113982
113983
113984
113985
113986
113987
113988
113989
113990
113991
113992
113993
113994
113995
113996
113997
113998
113999
114000
114001
114002
114003
114004
114005
114006
114007
114008
114009
114010
114011
114012
114013
114014
114015
114016
114017
114018
114019
114020
114021
114022
114023
114024
114025
114026
114027
114028
114029
114030
114031
114032
114033
114034
114035
114036
114037
114038
114039
114040
114041
114042
114043
114044
114045
114046
114047
114048
114049
114050
114051
114052
114053
114054
114055
114056
114057
114058
114059
114060
114061
114062
114063
114064
114065
114066
114067
114068
114069
114070
114071
114072
114073
114074
114075
114076
114077
114078
114079
114080
114081
114082
114083
114084
114085
114086
114087
114088
114089
114090
114091
114092
114093
114094
114095
114096
114097
114098
114099
114100
114101
114102
114103
114104
114105
114106
114107
114108
114109
114110
114111
114112
114113
114114
114115
114116
114117
114118
114119
114120
114121
114122
114123
114124
114125
114126
114127
114128
114129
114130
114131
114132
114133
114134
114135
114136
114137
114138
114139
114140
114141
114142
114143
114144
114145
114146
114147
114148
114149
114150
114151
114152
114153
114154
114155
114156
114157
114158
114159
114160
114161
114162
114163
114164
114165
114166
114167
114168
114169
114170
114171
114172
114173
114174
114175
114176
114177
114178
114179
114180
114181
114182
114183
114184
114185
114186
114187
114188
114189
114190
114191
114192
114193
114194
114195
114196
114197
114198
114199
114200
114201
114202
114203
114204
114205
114206
114207
114208
114209
114210
114211
114212
114213
114214
114215
114216
114217
114218
114219
114220
114221
114222
114223
114224
114225
114226
114227
114228
114229
114230
114231
114232
114233
114234
114235
114236
114237
114238
114239
114240
114241
114242
114243
114244
114245
114246
114247
114248
114249
114250
114251
114252
114253
114254
114255
114256
114257
114258
114259
114260
114261
114262
114263
114264
114265
114266
114267
114268
114269
114270
114271
114272
114273
114274
114275
114276
114277
114278
114279
114280
114281
114282
114283
114284
114285
114286
114287
114288
114289
114290
114291
114292
114293
114294
114295
114296
114297
114298
114299
114300
114301
114302
114303
114304
114305
114306
114307
114308
114309
114310
114311
114312
114313
114314
114315
114316
114317
114318
114319
114320
114321
114322
114323
114324
114325
114326
114327
114328
114329
114330
114331
114332
114333
114334
114335
114336
114337
114338
114339
114340
114341
114342
114343
114344
114345
114346
114347
114348
114349
114350
114351
114352
114353
114354
114355
114356
114357
114358
114359
114360
114361
114362
114363
114364
114365
114366
114367
114368
114369
114370
114371
114372
114373
114374
114375
114376
114377
114378
114379
114380
114381
114382
114383
114384
114385
114386
114387
114388
114389
114390
114391
114392
114393
114394
114395
114396
114397
114398
114399
114400
114401
114402
114403
114404
114405
114406
114407
114408
114409
114410
114411
114412
114413
114414
114415
114416
114417
114418
114419
114420
114421
114422
114423
114424
114425
114426
114427
114428
114429
114430
114431
114432
114433
114434
114435
114436
114437
114438
114439
114440
114441
114442
114443
114444
114445
114446
114447
114448
114449
114450
114451
114452
114453
114454
114455
114456
114457
114458
114459
114460
114461
114462
114463
114464
114465
114466
114467
114468
114469
114470
114471
114472
114473
114474
114475
114476
114477
114478
114479
114480
114481
114482
114483
114484
114485
114486
114487
114488
114489
114490
114491
114492
114493
114494
114495
114496
114497
114498
114499
114500
114501
114502
114503
114504
114505
114506
114507
114508
114509
114510
114511
114512
114513
114514
114515
114516
114517
114518
114519
114520
114521
114522
114523
114524
114525
114526
114527
114528
114529
114530
114531
114532
114533
114534
114535
114536
114537
114538
114539
114540
114541
114542
114543
114544
114545
114546
114547
114548
114549
114550
114551
114552
114553
114554
114555
114556
114557
114558
114559
114560
114561
114562
114563
114564
114565
114566
114567
114568
114569
114570
114571
114572
114573
114574
114575
114576
114577
114578
114579
114580
114581
114582
114583
114584
114585
114586
114587
114588
114589
114590
114591
114592
114593
114594
114595
114596
114597
114598
114599
114600
114601
114602
114603
114604
114605
114606
114607
114608
114609
114610
114611
114612
114613
114614
114615
114616
114617
114618
114619
114620
114621
114622
114623
114624
114625
114626
114627
114628
114629
114630
114631
114632
114633
114634
114635
114636
114637
114638
114639
114640
114641
114642
114643
114644
114645
114646
114647
114648
114649
114650
114651
114652
114653
114654
114655
114656
114657
114658
114659
114660
114661
114662
114663
114664
114665
114666
114667
114668
114669
114670
114671
114672
114673
114674
114675
114676
114677
114678
114679
114680
114681
114682
114683
114684
114685
114686
114687
114688
114689
114690
114691
114692
114693
114694
114695
114696
114697
114698
114699
114700
114701
114702
114703
114704
114705
114706
114707
114708
114709
114710
114711
114712
114713
114714
114715
114716
114717
114718
114719
114720
114721
114722
114723
114724
114725
114726
114727
114728
114729
114730
114731
114732
114733
114734
114735
114736
114737
114738
114739
114740
114741
114742
114743
114744
114745
114746
114747
114748
114749
114750
114751
114752
114753
114754
114755
114756
114757
114758
114759
114760
114761
114762
114763
114764
114765
114766
114767
114768
114769
114770
114771
114772
114773
114774
114775
114776
114777
114778
114779
114780
114781
114782
114783
114784
114785
114786
114787
114788
114789
114790
114791
114792
114793
114794
114795
114796
114797
114798
114799
114800
114801
114802
114803
114804
114805
114806
114807
114808
114809
114810
114811
114812
114813
114814
114815
114816
114817
114818
114819
114820
114821
114822
114823
114824
114825
114826
114827
114828
114829
114830
114831
114832
114833
114834
114835
114836
114837
114838
114839
114840
114841
114842
114843
114844
114845
114846
114847
114848
114849
114850
114851
114852
114853
114854
114855
114856
114857
120204
120205
120206
120207
120208
120285
120286
120287
120288
120289
120290
120291
120292
120293
120294
120295
120296
120297
120298
120299
120300
120301
120302
120303
120304
120305
120306
120307
120308
120309
120310
120311
120312
120313
120314
120315
120316
120317
120318
120319
120320
120321
120322
120323
120324
120325
120326
120327
120328
120329
120330
120331
120332
120333
120334
120335
120336
120337
120338
120339
120340
120341
120342
120343
120344
120345
120346
120347
120348
120349
120350
120351
120352
120353
120354
120355
120356
120357
120358
120359
120360
120361
120362
120363
120364
120365
120366
120367
120368
120369
120370
120371
120372
120373
120374
120375
120376
120377
120378
120379
120380
120381
120382
120383
120384
120385
120386
120387
120388
120389
120390
120391
120392
120393
120394
120395
120396
120397
120398
120399
120400
120401
120402
120403
120404
120405
120406
120407
120408
120409
120410
120411
120412
120413
120414
120415
120416
120417
120418
120419
120420
120421
120422
120423
120424
120425
120426
120427
120428
120429
120430
120431
120432
120433
120434
120435
120436
120437
120438
120439
120440
120441
120442
120443
120444
120445
120446
120447
120448
120449
120450
120451
120452
120453
120454
120455
120456
120457
120458
120459
120460
120461
120462
120463
120464
120465
120466
120467
120468
120469
120470
120471
120472
120473
120474
120475
120476
120477
120478
120479
120480
120481
120482
120483
120484
120485
120486
120487
120488
120489
120490
120491
120492
120493
120494
120495
120496
120497
120498
120499
120500
120501
120502
120503
120504
120505
120506
120507
120508
120509
120510
120511
120512
120513
120514
120515
120516
120517
120518
120519
120520
120521
120522
120523
120524
120525
120526
120527
120528
120529
120530
120531
120532
120533
120534
120535
120536
120537
120538
120539
120540
120541
120542
120543
120544
120545
120546
120547
120548
120549
120550
120551
120552
120553
120554
120555
120556
120557
120558
120559
120560
120561
120562
120563
120564
120565
120566
120567
120568
120569
120570
120571
120572
120573
120574
120575
120576
120577
120578
120579
120580
120581
120582
120583
120584
120585
120586
120587
120588
120589
120590
120591
120592
120593
120594
120595
120596
120597
120598
120599
120600
120601
120602
120603
120604
120605
120606
120607
120608
120609
120610
120611
120612
120613
120614
120615
120616
120617
120618
120619
120620
120621
120622
120623
120624
120625
120626
120627
120628
120629
120630
120631
120632
120633
120634
120635
120636
120637
120638
120639
120640
120641
120642
120643
120644
120645
120646
120647
120648
120649
120650
120651
120652
120653
120654
120655
120656
120657
120658
120659
120660
120661
120662
120663
120664
120665
120666
120667
120668
120669
120670
120671
120672
120673
120674
120675
120676
120677
120678
120679
120680
120681
120682
120683
120684
120685
120686
120687
120688
120689
120690
120691
120692
120693
120694
120695
120696
120697
120698
120699
120700
120701
120702
120703
120704
120705
120706
120707
120708
120709
120710
120711
120712
120713
120714
120715
120716
120717
120718
120719
120720
120721
120722
120723
120724
120725
120726
120727
120728
120729
120730
120731
120732
120733
120734
120735
120736
120737
120738
120739
120740
120741
120742
120743
120744
120745
120746
120747
120748
120749
120750
120751
120752
120753
120754
120755
120756
120757
120758
120759
120760
120761
120762
120763
120764
120765
120766
120767
120768
120769
120770
120771
120772
120773
120774
120775
120776
120777
120778
120779
120780
120781
120782
120783
120784
120785
120786
120787
120788
120789
120790
120791
120792
120793
120794
120795
120796
120797
120798
120799
120800
120801
120802
120803
120804
120805
120806
120807
120808
120809
120810
120811
120812
120813
120814
120815
120816
120817
120818
120819
120820
120821
120822
120823
120824
120825
120826
120827
120828
120829
120830
120831
120832
120833
120834
120835
120836
120837
120838
120839
120840
120841
120842
120843
120844
120845
120846
120847
120848
120849
120850
120851
120852
120853
120854
120855
120856
120857
120858
120859
120860
120861
120862
120863
120864
120865
120866
120867
120868
120869
120870
120871
120872
120873
120874
120875
120876
120877
120878
120879
120880
120881
120882
120883
120884
120885
120886
120887
120888
120889
120890
120891
120892
120893
120894
120895
120896
120897
120898
120899
120900
120901
120902
120903
120904
120905
120906
120907
120908
120909
120910
120911
120912
120913
120914
120915
120916
120917
120918
120919
120920
120921
120922
120923
120924
120925
120926
120927
120928
120929
120930
120931
120932
120933
120934
120935
120936
120937
120938
120939
120940
120941
120942
120943
120944
120945
120946
120947
120948
120949
120950
120951
120952
120953
120954
120955
120956
120957
120958
120959
120960
120961
120962
120963
120964
120965
120966
120967
120968
120969
120970
120971
120972
120973
120974
120975
120976
120977
120978
120979
120980
120981
120982
120983
120984
120985
120986
120987
120988
120989
120990
120991
120992
120993
120994
120995
120996
120997
120998
120999
121000
121001
121002
121003
121004
121005
121006
121007
121008
121009
121010
121011
121012
121013
121014
121015
121016
121017
121018
121019
121020
121021
121022
121023
121024
121025
121026
121027
121028
121029
121030
121031
121032
121033
121034
121035
121036
121037
121038
121039
121040
121041
121042
121043
121044
121045
121046
121047
121048
121049
121050
121051
121052
121053
121054
121055
121056
121057
121058
121059
121060
121061
121062
121063
121064
121065
121066
121067
121068
121069
121070
121071
121072
121073
121074
121075
121076
121077
121078
121079
121080
121081
121082
121083
121084
121085
121086
121087
121088
121089
121090
121091
121092
121093
121094
121095
121096
121097
121098
121099
121100
121101
121102
121103
121104
121105
121106
121107
121108
121109
121110
121111
121112
121113
121114
121115
121116
121117
121118
121119
121120
121121
121122
121123
121124
121125
121126
121127
121128
121129
121130
121131
121132
121133
121134
121135
121136
121137
121138
121139
121140
121141
121142
121143
121144
121145
121146
121147
121148
121149
121150
121151
121152
121153
121154
121155
121156
121157
121158
121159
121160
121161
121162
121163
121164
121165
121166
121167
121168
121169
121170
121171
121172
121173
121174
121175
121176
121177
121178
121179
121180
121181
121182
121183
121184
121185
121186
121187
121188
121189
121190
121191
121192
121193
121194
121195
121196
121197
121198
121199
121200
121201
121202
121203
121204
121205
121206
121207
121208
121209
121210
121211
121212
121213
121214
121215
121216
121217
121218
121219
121220
121221
121222
121223
121224
121225
121226
121227
121228
121229
121230
121231
121232
121233
121234
121235
121236
121237
121238
121239
121240
121241
121242
121243
121244
121245
121246
121247
121248
121249
121250
121251
121252
121253
121254
121255
121256
121257
121258
121259
121260
121261
121262
121263
121264
121265
121266
121267
121268
121269
121270
121271
121272
121273
121274
121275
121276
121277
121278
121279
121280
121281
121282
121283
121284
121285
121286
121287
121288
121289
121290
121291
121292
121293
121294
121295
121296
121297
121298
121299
121300
121301
121302
121303
121304
121305
121306
121307
121308
121309
121310
121311
121312
121313
121314
121315
121316
121317
121318
121319
121320
121321
121322
121323
121324
121325
121326
121327
121328
121329
121330
121331
121332
121333
121334
121335
121336
121337
121338
121339
121340
121341
121342
121343
121344
121345
121346
121347
121348
121349
121350
121351
121352
121353
121354
121355
121356
121357
121358
121359
121360
121361
121362
121363
121364
121365
121366
121367
121368
121369
121370
121371
121372
121373
121374
121375
121376
121377
121378
121379
121380
121381
121382
121383
121384
121385
121386
121387
121388
121389
121390
121391
121392
121393
121394
121395
121396
121397
121398
121399
121400
121401
121402
121403
121404
121405
121406
121407
121408
121409
121410
121411
121412
121413
121414
121415
121416
121417
121418
126765
126766
126767
126768
126769
126770
126846
126847
126848
126849
126850
126851
126852
126853
126854
126855
126856
126857
126858
126859
126860
126861
126862
126863
126864
126865
126866
126867
126868
126869
126870
126871
126872
126873
126874
126875
126876
126877
126878
126879
126880
126881
126882
126883
126884
126885
126886
126887
126888
126889
126890
126891
126892
126893
126894
126895
126896
126897
126898
126899
126900
126901
126902
126903
126904
126905
126906
126907
126908
126909
126910
126911
126912
126913
126914
126915
126916
126917
126918
126919
126920
126921
126922
126923
126924
126925
126926
126927
126928
126929
126930
126931
126932
126933
126934
126935
126936
126937
126938
126939
126940
126941
126942
126943
126944
126945
126946
126947
126948
126949
126950
126951
126952
126953
126954
126955
126956
126957
126958
126959
126960
126961
126962
126963
126964
126965
126966
126967
126968
126969
126970
126971
126972
126973
126974
126975
126976
126977
126978
126979
126980
126981
126982
126983
126984
126985
126986
126987
126988
126989
126990
126991
126992
126993
126994
126995
126996
126997
126998
126999
127000
127001
127002
127003
127004
127005
127006
127007
127008
127009
127010
127011
127012
127013
127014
127015
127016
127017
127018
127019
127020
127021
127022
127023
127024
127025
127026
127027
127028
127029
127030
127031
127032
127033
127034
127035
127036
127037
127038
127039
127040
127041
127042
127043
127044
127045
127046
127047
127048
127049
127050
127051
127052
127053
127054
127055
127056
127057
127058
127059
127060
127061
127062
127063
127064
127065
127066
127067
127068
127069
127070
127071
127072
127073
127074
127075
127076
127077
127078
127079
127080
127081
127082
127083
127084
127085
127086
127087
127088
127089
127090
127091
127092
127093
127094
127095
127096
127097
127098
127099
127100
127101
127102
127103
127104
127105
127106
127107
127108
127109
127110
127111
127112
127113
127114
127115
127116
127117
127118
127119
127120
127121
127122
127123
127124
127125
127126
127127
127128
127129
127130
127131
127132
127133
127134
127135
127136
127137
127138
127139
127140
127141
127142
127143
127144
127145
127146
127147
127148
127149
127150
127151
127152
127153
127154
127155
127156
127157
127158
127159
127160
127161
127162
127163
127164
127165
127166
127167
127168
127169
127170
127171
127172
127173
127174
127175
127176
127177
127178
127179
127180
127181
127182
127183
127184
127185
127186
127187
127188
127189
127190
127191
127192
127193
127194
127195
127196
127197
127198
127199
127200
127201
127202
127203
127204
127205
127206
127207
127208
127209
127210
127211
127212
127213
127214
127215
127216
127217
127218
127219
127220
127221
127222
127223
127224
127225
127226
127227
127228
127229
127230
127231
127232
127233
127234
127235
127236
127237
127238
127239
127240
127241
127242
127243
127244
127245
127246
127247
127248
127249
127250
127251
127252
127253
127254
127255
127256
127257
127258
127259
127260
127261
127262
127263
127264
127265
127266
127267
127268
127269
127270
127271
127272
127273
127274
127275
127276
127277
127278
127279
127280
127281
127282
127283
127284
127285
127286
127287
127288
127289
127290
127291
127292
127293
127294
127295
127296
127297
127298
127299
127300
127301
127302
127303
127304
127305
127306
127307
127308
127309
127310
127311
127312
127313
127314
127315
127316
127317
127318
127319
127320
127321
127322
127323
127324
127325
127326
127327
127328
127329
127330
127331
127332
127333
127334
127335
127336
127337
127338
127339
127340
127341
127342
127343
127344
127345
127346
127347
127348
127349
127350
127351
127352
127353
127354
127355
127356
127357
127358
127359
127360
127361
127362
127363
127364
127365
127366
127367
127368
127369
127370
127371
127372
127373
127374
127375
127376
127377
127378
127379
127380
127381
127382
127383
127384
127385
127386
127387
127388
127389
127390
127391
127392
127393
127394
127395
127396
127397
127398
127399
127400
127401
127402
127403
127404
127405
127406
127407
127408
127409
127410
127411
127412
127413
127414
127415
127416
127417
127418
127419
127420
127421
127422
127423
127424
127425
127426
127427
127428
127429
127430
127431
127432
127433
127434
127435
127436
127437
127438
127439
127440
127441
127442
127443
127444
127445
127446
127447
127448
127449
127450
127451
127452
127453
127454
127455
127456
127457
127458
127459
127460
127461
127462
127463
127464
127465
127466
127467
127468
127469
127470
127471
127472
127473
127474
127475
127476
127477
127478
127479
127480
127481
127482
127483
127484
127485
127486
127487
127488
127489
127490
127491
127492
127493
127494
127495
127496
127497
127498
127499
127500
127501
127502
127503
127504
127505
127506
127507
127508
127509
127510
127511
127512
127513
127514
127515
127516
127517
127518
127519
127520
127521
127522
127523
127524
127525
127526
127527
127528
127529
127530
127531
127532
127533
127534
127535
127536
127537
127538
127539
127540
127541
127542
127543
127544
127545
127546
127547
127548
127549
127550
127551
127552
127553
127554
127555
127556
127557
127558
127559
127560
127561
127562
127563
127564
127565
127566
127567
127568
127569
127570
127571
127572
127573
127574
127575
127576
127577
127578
127579
127580
127581
127582
127583
127584
127585
127586
127587
127588
127589
127590
127591
127592
127593
127594
127595
127596
127597
127598
127599
127600
127601
127602
127603
127604
127605
127606
127607
127608
127609
127610
127611
127612
127613
127614
127615
127616
127617
127618
127619
127620
127621
127622
127623
127624
127625
127626
127627
127628
127629
127630
127631
127632
127633
127634
127635
127636
127637
127638
127639
127640
127641
127642
127643
127644
127645
127646
127647
127648
127649
127650
127651
127652
127653
127654
127655
127656
127657
127658
127659
127660
127661
127662
127663
127664
127665
127666
127667
127668
127669
127670
127671
127672
127673
127674
127675
127676
127677
127678
127679
127680
127681
127682
127683
127684
127685
127686
127687
127688
127689
127690
127691
127692
127693
127694
127695
127696
127697
127698
127699
127700
127701
127702
127703
127704
127705
127706
127707
127708
127709
127710
127711
127712
127713
127714
127715
127716
127717
127718
127719
127720
127721
127722
127723
127724
127725
127726
127727
127728
127729
127730
127731
127732
127733
127734
127735
127736
127737
127738
127739
127740
127741
127742
127743
127744
127745
127746
127747
127748
127749
127750
127751
127752
127753
127754
127755
127756
127757
127758
127759
127760
127761
127762
127763
127764
127765
127766
127767
127768
127769
127770
127771
127772
127773
127774
127775
127776
127777
127778
127779
127780
127781
127782
127783
127784
127785
127786
127787
127788
127789
127790
127791
127792
127793
127794
127795
127796
127797
127798
127799
127800
127801
127802
127803
127804
127805
127806
127807
127808
127809
127810
127811
127812
127813
127814
127815
127816
127817
127818
127819
127820
127821
127822
127823
127824
127825
127826
127827
127828
127829
127830
127831
127832
127833
127834
127835
127836
127837
127838
127839
127840
127841
127842
127843
127844
127845
127846
127847
127848
127849
127850
127851
127852
127853
127854
127855
127856
127857
127858
127859
127860
127861
127862
127863
127864
127865
127866
127867
127868
127869
127870
127871
127872
127873
127874
127875
127876
127877
127878
127879
127880
127881
127882
127883
127884
127885
127886
127887
127888
127889
127890
127891
127892
127893
127894
127895
127896
127897
127898
127899
127900
127901
127902
127903
127904
127905
127906
127907
127908
127909
127910
127911
127912
127913
127914
127915
127916
127917
127918
127919
127920
127921
127922
127923
127924
127925
127926
127927
127928
127929
127930
127931
127932
127933
127934
127935
127936
127937
127938
127939
127940
127941
127942
127943
127944
127945
127946
127947
127948
127949
127950
127951
127952
127953
127954
127955
127956
127957
127958
127959
127960
127961
127962
127963
127964
127965
127966
127967
127968
127969
127970
127971
127972
127973
127974
127975
127976
127977
127978
127979
133326
133327
133328
133329
133330
133331
133332
133407
133408
133409
133410
133411
133412
133413
133414
133415
133416
133417
133418
133419
133420
133421
133422
133423
133424
133425
133426
133427
133428
133429
133430
133431
133432
133433
133434
133435
133436
133437
133438
133439
133440
133441
133442
133443
133444
133445
133446
133447
133448
133449
133450
133451
133452
133453
133454
133455
133456
133457
133458
133459
133460
133461
133462
133463
133464
133465
133466
133467
133468
133469
133470
133471
133472
133473
133474
133475
133476
133477
133478
133479
133480
133481
133482
133483
133484
133485
133486
133487
133488
133489
133490
133491
133492
133493
133494
133495
133496
133497
133498
133499
133500
133501
133502
133503
133504
133505
133506
133507
133508
133509
133510
133511
133512
133513
133514
133515
133516
133517
133518
133519
133520
133521
133522
133523
133524
133525
133526
133527
133528
133529
133530
133531
133532
133533
133534
133535
133536
133537
133538
133539
133540
133541
133542
133543
133544
133545
133546
133547
133548
133549
133550
133551
133552
133553
133554
133555
133556
133557
133558
133559
133560
133561
133562
133563
133564
133565
133566
133567
133568
133569
133570
133571
133572
133573
133574
133575
133576
133577
133578
133579
133580
133581
133582
133583
133584
133585
133586
133587
133588
133589
133590
133591
133592
133593
133594
133595
133596
133597
133598
133599
133600
133601
133602
133603
133604
133605
133606
133607
133608
133609
133610
133611
133612
133613
133614
133615
133616
133617
133618
133619
133620
133621
133622
133623
133624
133625
133626
133627
133628
133629
133630
133631
133632
133633
133634
133635
133636
133637
133638
133639
133640
133641
133642
133643
133644
133645
133646
133647
133648
133649
133650
133651
133652
133653
133654
133655
133656
133657
133658
133659
133660
133661
133662
133663
133664
133665
133666
133667
133668
133669
133670
133671
133672
133673
133674
133675
133676
133677
133678
133679
133680
133681
133682
133683
133684
133685
133686
133687
133688
133689
133690
133691
133692
133693
133694
133695
133696
133697
133698
133699
133700
133701
133702
133703
133704
133705
133706
133707
133708
133709
133710
133711
133712
133713
133714
133715
133716
133717
133718
133719
133720
133721
133722
133723
133724
133725
133726
133727
133728
133729
133730
133731
133732
133733
133734
133735
133736
133737
133738
133739
133740
133741
133742
133743
133744
133745
133746
133747
133748
133749
133750
133751
133752
133753
133754
133755
133756
133757
133758
133759
133760
133761
133762
133763
133764
133765
133766
133767
133768
133769
133770
133771
133772
133773
133774
133775
133776
133777
133778
133779
133780
133781
133782
133783
133784
133785
133786
133787
133788
133789
133790
133791
133792
133793
133794
133795
133796
133797
133798
133799
133800
133801
133802
133803
133804
133805
133806
133807
133808
133809
133810
133811
133812
133813
133814
133815
133816
133817
133818
133819
133820
133821
133822
133823
133824
133825
133826
133827
133828
133829
133830
133831
133832
133833
133834
133835
133836
133837
133838
133839
133840
133841
133842
133843
133844
133845
133846
133847
133848
133849
133850
133851
133852
133853
133854
133855
133856
133857
133858
133859
133860
133861
133862
133863
133864
133865
133866
133867
133868
133869
133870
133871
133872
133873
133874
133875
133876
133877
133878
133879
133880
133881
133882
133883
133884
133885
133886
133887
133888
133889
133890
133891
133892
133893
133894
133895
133896
133897
133898
133899
133900
133901
133902
133903
133904
133905
133906
133907
133908
133909
133910
133911
133912
133913
133914
133915
133916
133917
133918
133919
133920
133921
133922
133923
133924
133925
133926
133927
133928
133929
133930
133931
133932
133933
133934
133935
133936
133937
133938
133939
133940
133941
133942
133943
133944
133945
133946
133947
133948
133949
133950
133951
133952
133953
133954
133955
133956
133957
133958
133959
133960
133961
133962
133963
133964
133965
133966
133967
133968
133969
133970
133971
133972
133973
133974
133975
133976
133977
133978
133979
133980
133981
133982
133983
133984
133985
133986
133987
133988
133989
133990
133991
133992
133993
133994
133995
133996
133997
133998
133999
134000
134001
134002
134003
134004
134005
134006
134007
134008
134009
134010
134011
134012
134013
134014
134015
134016
134017
134018
134019
134020
134021
134022
134023
134024
134025
134026
134027
134028
134029
134030
134031
134032
134033
134034
134035
134036
134037
134038
134039
134040
134041
134042
134043
134044
134045
134046
134047
134048
134049
134050
134051
134052
134053
134054
134055
134056
134057
134058
134059
134060
134061
134062
134063
134064
134065
134066
134067
134068
134069
134070
134071
134072
134073
134074
134075
134076
134077
134078
134079
134080
134081
134082
134083
134084
134085
134086
134087
134088
134089
134090
134091
134092
134093
134094
134095
134096
134097
134098
134099
134100
134101
134102
134103
134104
134105
134106
134107
134108
134109
134110
134111
134112
134113
134114
134115
134116
134117
134118
134119
134120
134121
134122
134123
134124
134125
134126
134127
134128
134129
134130
134131
134132
134133
134134
134135
134136
134137
134138
134139
134140
134141
134142
134143
134144
134145
134146
134147
134148
134149
134150
134151
134152
134153
134154
134155
134156
134157
134158
134159
134160
134161
134162
134163
134164
134165
134166
134167
134168
134169
134170
134171
134172
134173
134174
134175
134176
134177
134178
134179
134180
134181
134182
134183
134184
134185
134186
134187
134188
134189
134190
134191
134192
134193
134194
134195
134196
134197
134198
134199
134200
134201
134202
134203
134204
134205
134206
134207
134208
134209
134210
134211
134212
134213
134214
134215
134216
134217
134218
134219
134220
134221
134222
134223
134224
134225
134226
134227
134228
134229
134230
134231
134232
134233
134234
134235
134236
134237
134238
134239
134240
134241
134242
134243
134244
134245
134246
134247
134248
134249
134250
134251
134252
134253
134254
134255
134256
134257
134258
134259
134260
134261
134262
134263
134264
134265
134266
134267
134268
134269
134270
134271
134272
134273
134274
134275
134276
134277
134278
134279
134280
134281
134282
134283
134284
134285
134286
134287
134288
134289
134290
134291
134292
134293
134294
134295
134296
134297
134298
134299
134300
134301
134302
134303
134304
134305
134306
134307
134308
134309
134310
134311
134312
134313
134314
134315
134316
134317
134318
134319
134320
134321
134322
134323
134324
134325
134326
134327
134328
134329
134330
134331
134332
134333
134334
134335
134336
134337
134338
134339
134340
134341
134342
134343
134344
134345
134346
134347
134348
134349
134350
134351
134352
134353
134354
134355
134356
134357
134358
134359
134360
134361
134362
134363
134364
134365
134366
134367
134368
134369
134370
134371
134372
134373
134374
134375
134376
134377
134378
134379
134380
134381
134382
134383
134384
134385
134386
134387
134388
134389
134390
134391
134392
134393
134394
134395
134396
134397
134398
134399
134400
134401
134402
134403
134404
134405
134406
134407
134408
134409
134410
134411
134412
134413
134414
134415
134416
134417
134418
134419
134420
134421
134422
134423
134424
134425
134426
134427
134428
134429
134430
134431
134432
134433
134434
134435
134436
134437
134438
134439
134440
134441
134442
134443
134444
134445
134446
134447
134448
134449
134450
134451
134452
134453
134454
134455
134456
134457
134458
134459
134460
134461
134462
134463
134464
134465
134466
134467
134468
134469
134470
134471
134472
134473
134474
134475
134476
134477
134478
134479
134480
134481
134482
134483
134484
134485
134486
134487
134488
134489
134490
134491
134492
134493
134494
134495
134496
134497
134498
134499
134500
134501
134502
134503
134504
134505
134506
134507
134508
134509
134510
134511
134512
134513
134514
134515
134516
134517
134518
134519
134520
134521
134522
134523
134524
134525
134526
134527
134528
134529
134530
134531
134532
134533
134534
134535
134536
134537
134538
134539
134540
139887
139888
139889
139890
139891
139892
139893
139894
139968
139969
139970
139971
139972
139973
139974
139975
139976
139977
139978
139979
139980
139981
139982
139983
139984
139985
139986
139987
139988
139989
139990
139991
139992
139993
139994
139995
139996
139997
139998
139999
140000
140001
140002
140003
140004
140005
140006
140007
140008
140009
140010
140011
140012
140013
140014
140015
140016
140017
140018
140019
140020
140021
140022
140023
140024
140025
140026
140027
140028
140029
140030
140031
140032
140033
140034
140035
140036
140037
140038
140039
140040
140041
140042
140043
140044
140045
140046
140047
140048
140049
140050
140051
140052
140053
140054
140055
140056
140057
140058
140059
140060
140061
140062
140063
140064
140065
140066
140067
140068
140069
140070
140071
140072
140073
140074
140075
140076
140077
140078
140079
140080
140081
140082
140083
140084
140085
140086
140087
140088
140089
140090
140091
140092
140093
140094
140095
140096
140097
140098
140099
140100
140101
140102
140103
140104
140105
140106
140107
140108
140109
140110
140111
140112
140113
140114
140115
140116
140117
140118
140119
140120
140121
140122
140123
140124
140125
140126
140127
140128
140129
140130
140131
140132
140133
140134
140135
140136
140137
140138
140139
140140
140141
140142
140143
140144
140145
140146
140147
140148
140149
140150
140151
140152
140153
140154
140155
140156
140157
140158
140159
140160
140161
140162
140163
140164
140165
140166
140167
140168
140169
140170
140171
140172
140173
140174
140175
140176
140177
140178
140179
140180
140181
140182
140183
140184
140185
140186
140187
140188
140189
140190
140191
140192
140193
140194
140195
140196
140197
140198
140199
140200
140201
140202
140203
140204
140205
140206
140207
140208
140209
140210
140211
140212
140213
140214
140215
140216
140217
140218
140219
140220
140221
140222
140223
140224
140225
140226
140227
140228
140229
140230
140231
140232
140233
140234
140235
140236
140237
140238
140239
140240
140241
140242
140243
140244
140245
140246
140247
140248
140249
140250
140251
140252
140253
140254
140255
140256
140257
140258
140259
140260
140261
140262
140263
140264
140265
140266
140267
140268
140269
140270
140271
140272
140273
140274
140275
140276
140277
140278
140279
140280
140281
140282
140283
140284
140285
140286
140287
140288
140289
140290
140291
140292
140293
140294
140295
140296
140297
140298
140299
140300
140301
140302
140303
140304
140305
140306
140307
140308
140309
140310
140311
140312
140313
140314
140315
140316
140317
140318
140319
140320
140321
140322
140323
140324
140325
140326
140327
140328
140329
140330
140331
140332
140333
140334
140335
140336
140337
140338
140339
140340
140341
140342
140343
140344
140345
140346
140347
140348
140349
140350
140351
140352
140353
140354
140355
140356
140357
140358
140359
140360
140361
140362
140363
140364
140365
140366
140367
140368
140369
140370
140371
140372
140373
140374
140375
140376
140377
140378
140379
140380
140381
140382
140383
140384
140385
140386
140387
140388
140389
140390
140391
140392
140393
140394
140395
140396
140397
140398
140399
140400
140401
140402
140403
140404
140405
140406
140407
140408
140409
140410
140411
140412
140413
140414
140415
140416
140417
140418
140419
140420
140421
140422
140423
140424
140425
140426
140427
140428
140429
140430
140431
140432
140433
140434
140435
140436
140437
140438
140439
140440
140441
140442
140443
140444
140445
140446
140447
140448
140449
140450
140451
140452
140453
140454
140455
140456
140457
140458
140459
140460
140461
140462
140463
140464
140465
140466
140467
140468
140469
140470
140471
140472
140473
140474
140475
140476
140477
140478
140479
140480
140481
140482
140483
140484
140485
140486
140487
140488
140489
140490
140491
140492
140493
140494
140495
140496
140497
140498
140499
140500
140501
140502
140503
140504
140505
140506
140507
140508
140509
140510
140511
140512
140513
140514
140515
140516
140517
140518
140519
140520
140521
140522
140523
140524
140525
140526
140527
140528
140529
140530
140531
140532
140533
140534
140535
140536
140537
140538
140539
140540
140541
140542
140543
140544
140545
140546
140547
140548
140549
140550
140551
140552
140553
140554
140555
140556
140557
140558
140559
140560
140561
140562
140563
140564
140565
140566
140567
140568
140569
140570
140571
140572
140573
140574
140575
140576
140577
140578
140579
140580
140581
140582
140583
140584
140585
140586
140587
140588
140589
140590
140591
140592
140593
140594
140595
140596
140597
140598
140599
140600
140601
140602
140603
140604
140605
140606
140607
140608
140609
140610
140611
140612
140613
140614
140615
140616
140617
140618
140619
140620
140621
140622
140623
140624
140625
140626
140627
140628
140629
140630
140631
140632
140633
140634
140635
140636
140637
140638
140639
140640
140641
140642
140643
140644
140645
140646
140647
140648
140649
140650
140651
140652
140653
140654
140655
140656
140657
140658
140659
140660
140661
140662
140663
140664
140665
140666
140667
140668
140669
140670
140671
140672
140673
140674
140675
140676
140677
140678
140679
140680
140681
140682
140683
140684
140685
140686
140687
140688
140689
140690
140691
140692
140693
140694
140695
140696
140697
140698
140699
140700
140701
140702
140703
140704
140705
140706
140707
140708
140709
140710
140711
140712
140713
140714
140715
140716
140717
140718
140719
140720
140721
140722
140723
140724
140725
140726
140727
140728
140729
140730
140731
140732
140733
140734
140735
140736
140737
140738
140739
140740
140741
140742
140743
140744
140745
140746
140747
140748
140749
140750
140751
140752
140753
140754
140755
140756
140757
140758
140759
140760
140761
140762
140763
140764
140765
140766
140767
140768
140769
140770
140771
140772
140773
140774
140775
140776
140777
140778
140779
140780
140781
140782
140783
140784
140785
140786
140787
140788
140789
140790
140791
140792
140793
140794
140795
140796
140797
140798
140799
140800
140801
140802
140803
140804
140805
140806
140807
140808
140809
140810
140811
140812
140813
140814
140815
140816
140817
140818
140819
140820
140821
140822
140823
140824
140825
140826
140827
140828
140829
140830
140831
140832
140833
140834
140835
140836
140837
140838
140839
140840
140841
140842
140843
140844
140845
140846
140847
140848
140849
140850
140851
140852
140853
140854
140855
140856
140857
140858
140859
140860
140861
140862
140863
140864
140865
140866
140867
140868
140869
140870
140871
140872
140873
140874
140875
140876
140877
140878
140879
140880
140881
140882
140883
140884
140885
140886
140887
140888
140889
140890
140891
140892
140893
140894
140895
140896
140897
140898
140899
140900
140901
140902
140903
140904
140905
140906
140907
140908
140909
140910
140911
140912
140913
140914
140915
140916
140917
140918
140919
140920
140921
140922
140923
140924
140925
140926
140927
140928
140929
140930
140931
140932
140933
140934
140935
140936
140937
140938
140939
140940
140941
140942
140943
140944
140945
140946
140947
140948
140949
140950
140951
140952
140953
140954
140955
140956
140957
140958
140959
140960
140961
140962
140963
140964
140965
140966
140967
140968
140969
140970
140971
140972
140973
140974
140975
140976
140977
140978
140979
140980
140981
140982
140983
140984
140985
140986
140987
140988
140989
140990
140991
140992
140993
140994
140995
140996
140997
140998
140999
141000
141001
141002
141003
141004
141005
141006
141007
141008
141009
141010
141011
141012
141013
141014
141015
141016
141017
141018
141019
141020
141021
141022
141023
141024
141025
141026
141027
141028
141029
141030
141031
141032
141033
141034
141035
141036
141037
141038
141039
141040
141041
141042
141043
141044
141045
141046
141047
141048
141049
141050
141051
141052
141053
141054
141055
141056
141057
141058
141059
141060
141061
141062
141063
141064
141065
141066
141067
141068
141069
141070
141071
141072
141073
141074
141075
141076
141077
141078
141079
141080
141081
141082
141083
141084
141085
141086
141087
141088
141089
141090
141091
141092
141093
141094
141095
141096
141097
141098
141099
141100
141101
146448
146449
146450
146451
146452
146453
146454
146455
146456
146529
146530
146531
146532
146533
146534
146535
146536
146537
146538
146539
146540
146541
146542
146543
146544
146545
146546
146547
146548
146549
146550
146551
146552
146553
146554
146555
146556
146557
146558
146559
146560
146561
146562
146563
146564
146565
146566
146567
146568
146569
146570
146571
146572
146573
146574
146575
146576
146577
146578
146579
146580
146581
146582
146583
146584
146585
146586
146587
146588
146589
146590
146591
146592
146593
146594
146595
146596
146597
146598
146599
146600
146601
146602
146603
146604
146605
146606
146607
146608
146609
146610
146611
146612
146613
146614
146615
146616
146617
146618
146619
146620
146621
146622
146623
146624
146625
146626
146627
146628
146629
146630
146631
146632
146633
146634
146635
146636
146637
146638
146639
146640
146641
146642
146643
146644
146645
146646
146647
146648
146649
146650
146651
146652
146653
146654
146655
146656
146657
146658
146659
146660
146661
146662
146663
146664
146665
146666
146667
146668
146669
146670
146671
146672
146673
146674
146675
146676
146677
146678
146679
146680
146681
146682
146683
146684
146685
146686
146687
146688
146689
146690
146691
146692
146693
146694
146695
146696
146697
146698
146699
146700
146701
146702
146703
146704
146705
146706
146707
146708
146709
146710
146711
146712
146713
146714
146715
146716
146717
146718
146719
146720
146721
146722
146723
146724
146725
146726
146727
146728
146729
146730
146731
146732
146733
146734
146735
146736
146737
146738
146739
146740
146741
146742
146743
146744
146745
146746
146747
146748
146749
146750
146751
146752
146753
146754
146755
146756
146757
146758
146759
146760
146761
146762
146763
146764
146765
146766
146767
146768
146769
146770
146771
146772
146773
146774
146775
146776
146777
146778
146779
146780
146781
146782
146783
146784
146785
146786
146787
146788
146789
146790
146791
146792
146793
146794
146795
146796
146797
146798
146799
146800
146801
146802
146803
146804
146805
146806
146807
146808
146809
146810
146811
146812
146813
146814
146815
146816
146817
146818
146819
146820
146821
146822
146823
146824
146825
146826
146827
146828
146829
146830
146831
146832
146833
146834
146835
146836
146837
146838
146839
146840
146841
146842
146843
146844
146845
146846
146847
146848
146849
146850
146851
146852
146853
146854
146855
146856
146857
146858
146859
146860
146861
146862
146863
146864
146865
146866
146867
146868
146869
146870
146871
146872
146873
146874
146875
146876
146877
146878
146879
146880
146881
146882
146883
146884
146885
146886
146887
146888
146889
146890
146891
146892
146893
146894
146895
146896
146897
146898
146899
146900
146901
146902
146903
146904
146905
146906
146907
146908
146909
146910
146911
146912
146913
146914
146915
146916
146917
146918
146919
146920
146921
146922
146923
146924
146925
146926
146927
146928
146929
146930
146931
146932
146933
146934
146935
146936
146937
146938
146939
146940
146941
146942
146943
146944
146945
146946
146947
146948
146949
146950
146951
146952
146953
146954
146955
146956
146957
146958
146959
146960
146961
146962
146963
146964
146965
146966
146967
146968
146969
146970
146971
146972
146973
146974
146975
146976
146977
146978
146979
146980
146981
146982
146983
146984
146985
146986
146987
146988
146989
146990
146991
146992
146993
146994
146995
146996
146997
146998
146999
147000
147001
147002
147003
147004
147005
147006
147007
147008
147009
147010
147011
147012
147013
147014
147015
147016
147017
147018
147019
147020
147021
147022
147023
147024
147025
147026
147027
147028
147029
147030
147031
147032
147033
147034
147035
147036
147037
147038
147039
147040
147041
147042
147043
147044
147045
147046
147047
147048
147049
147050
147051
147052
147053
147054
147055
147056
147057
147058
147059
147060
147061
147062
147063
147064
147065
147066
147067
147068
147069
147070
147071
147072
147073
147074
147075
147076
147077
147078
147079
147080
147081
147082
147083
147084
147085
147086
147087
147088
147089
147090
147091
147092
147093
147094
147095
147096
147097
147098
147099
147100
147101
147102
147103
147104
147105
147106
147107
147108
147109
147110
147111
147112
147113
147114
147115
147116
147117
147118
147119
147120
147121
147122
147123
147124
147125
147126
147127
147128
147129
147130
147131
147132
147133
147134
147135
147136
147137
147138
147139
147140
147141
147142
147143
147144
147145
147146
147147
147148
147149
147150
147151
147152
147153
147154
147155
147156
147157
147158
147159
147160
147161
147162
147163
147164
147165
147166
147167
147168
147169
147170
147171
147172
147173
147174
147175
147176
147177
147178
147179
147180
147181
147182
147183
147184
147185
147186
147187
147188
147189
147190
147191
147192
147193
147194
147195
147196
147197
147198
147199
147200
147201
147202
147203
147204
147205
147206
147207
147208
147209
147210
147211
147212
147213
147214
147215
147216
147217
147218
147219
147220
147221
147222
147223
147224
147225
147226
147227
147228
147229
147230
147231
147232
147233
147234
147235
147236
147237
147238
147239
147240
147241
147242
147243
147244
147245
147246
147247
147248
147249
147250
147251
147252
147253
147254
147255
147256
147257
147258
147259
147260
147261
147262
147263
147264
147265
147266
147267
147268
147269
147270
147271
147272
147273
147274
147275
147276
147277
147278
147279
147280
147281
147282
147283
147284
147285
147286
147287
147288
147289
147290
147291
147292
147293
147294
147295
147296
147297
147298
147299
147300
147301
147302
147303
147304
147305
147306
147307
147308
147309
147310
147311
147312
147313
147314
147315
147316
147317
147318
147319
147320
147321
147322
147323
147324
147325
147326
147327
147328
147329
147330
147331
147332
147333
147334
147335
147336
147337
147338
147339
147340
147341
147342
147343
147344
147345
147346
147347
147348
147349
147350
147351
147352
147353
147354
147355
147356
147357
147358
147359
147360
147361
147362
147363
147364
147365
147366
147367
147368
147369
147370
147371
147372
147373
147374
147375
147376
147377
147378
147379
147380
147381
147382
147383
147384
147385
147386
147387
147388
147389
147390
147391
147392
147393
147394
147395
147396
147397
147398
147399
147400
147401
147402
147403
147404
147405
147406
147407
147408
147409
147410
147411
147412
147413
147414
147415
147416
147417
147418
147419
147420
147421
147422
147423
147424
147425
147426
147427
147428
147429
147430
147431
147432
147433
147434
147435
147436
147437
147438
147439
147440
147441
147442
147443
147444
147445
147446
147447
147448
147449
147450
147451
147452
147453
147454
147455
147456
147457
147458
147459
147460
147461
147462
147463
147464
147465
147466
147467
147468
147469
147470
147471
147472
147473
147474
147475
147476
147477
147478
147479
147480
147481
147482
147483
147484
147485
147486
147487
147488
147489
147490
147491
147492
147493
147494
147495
147496
147497
147498
147499
147500
147501
147502
147503
147504
147505
147506
147507
147508
147509
147510
147511
147512
147513
147514
147515
147516
147517
147518
147519
147520
147521
147522
147523
147524
147525
147526
147527
147528
147529
147530
147531
147532
147533
147534
147535
147536
147537
147538
147539
147540
147541
147542
147543
147544
147545
147546
147547
147548
147549
147550
147551
147552
147553
147554
147555
147556
147557
147558
147559
147560
147561
147562
147563
147564
147565
147566
147567
147568
147569
147570
147571
147572
147573
147574
147575
147576
147577
147578
147579
147580
147581
147582
147583
147584
147585
147586
147587
147588
147589
147590
147591
147592
147593
147594
147595
147596
147597
147598
147599
147600
147601
147602
147603
147604
147605
147606
147607
147608
147609
147610
147611
147612
147613
147614
147615
147616
147617
147618
147619
147620
147621
147622
147623
147624
147625
147626
147627
147628
147629
147630
147631
147632
147633
147634
147635
147636
147637
147638
147639
147640
147641
147642
147643
147644
147645
147646
147647
147648
147649
147650
147651
147652
147653
147654
147655
147656
147657
147658
147659
147660
147661
147662
153009
153010
153011
153012
153013
153014
153015
153016
153017
153018
153090
153091
153092
153093
153094
153095
153096
153097
153098
153099
153100
153101
153102
153103
153104
153105
153106
153107
153108
153109
153110
153111
153112
153113
153114
153115
153116
153117
153118
153119
153120
153121
153122
153123
153124
153125
153126
153127
153128
153129
153130
153131
153132
153133
153134
153135
153136
153137
153138
153139
153140
153141
153142
153143
153144
153145
153146
153147
153148
153149
153150
153151
153152
153153
153154
153155
153156
153157
153158
153159
153160
153161
153162
153163
153164
153165
153166
153167
153168
153169
153170
153171
153172
153173
153174
153175
153176
153177
153178
153179
153180
153181
153182
153183
153184
153185
153186
153187
153188
153189
153190
153191
153192
153193
153194
153195
153196
153197
153198
153199
153200
153201
153202
153203
153204
153205
153206
153207
153208
153209
153210
153211
153212
153213
153214
153215
153216
153217
153218
153219
153220
153221
153222
153223
153224
153225
153226
153227
153228
153229
153230
153231
153232
153233
153234
153235
153236
153237
153238
153239
153240
153241
153242
153243
153244
153245
153246
153247
153248
153249
153250
153251
153252
153253
153254
153255
153256
153257
153258
153259
153260
153261
153262
153263
153264
153265
153266
153267
153268
153269
153270
153271
153272
153273
153274
153275
153276
153277
153278
153279
153280
153281
153282
153283
153284
153285
153286
153287
153288
153289
153290
153291
153292
153293
153294
153295
153296
153297
153298
153299
153300
153301
153302
153303
153304
153305
153306
153307
153308
153309
153310
153311
153312
153313
153314
153315
153316
153317
153318
153319
153320
153321
153322
153323
153324
153325
153326
153327
153328
153329
153330
153331
153332
153333
153334
153335
153336
153337
153338
153339
153340
153341
153342
153343
153344
153345
153346
153347
153348
153349
153350
153351
153352
153353
153354
153355
153356
153357
153358
153359
153360
153361
153362
153363
153364
153365
153366
153367
153368
153369
153370
153371
153372
153373
153374
153375
153376
153377
153378
153379
153380
153381
153382
153383
153384
153385
153386
153387
153388
153389
153390
153391
153392
153393
153394
153395
153396
153397
153398
153399
153400
153401
153402
153403
153404
153405
153406
153407
153408
153409
153410
153411
153412
153413
153414
153415
153416
153417
153418
153419
153420
153421
153422
153423
153424
153425
153426
153427
153428
153429
153430
153431
153432
153433
153434
153435
153436
153437
153438
153439
153440
153441
153442
153443
153444
153445
153446
153447
153448
153449
153450
153451
153452
153453
153454
153455
153456
153457
153458
153459
153460
153461
153462
153463
153464
153465
153466
153467
153468
153469
153470
153471
153472
153473
153474
153475
153476
153477
153478
153479
153480
153481
153482
153483
153484
153485
153486
153487
153488
153489
153490
153491
153492
153493
153494
153495
153496
153497
153498
153499
153500
153501
153502
153503
153504
153505
153506
153507
153508
153509
153510
153511
153512
153513
153514
153515
153516
153517
153518
153519
153520
153521
153522
153523
153524
153525
153526
153527
153528
153529
153530
153531
153532
153533
153534
153535
153536
153537
153538
153539
153540
153541
153542
153543
153544
153545
153546
153547
153548
153549
153550
153551
153552
153553
153554
153555
153556
153557
153558
153559
153560
153561
153562
153563
153564
153565
153566
153567
153568
153569
153570
153571
153572
153573
153574
153575
153576
153577
153578
153579
153580
153581
153582
153583
153584
153585
153586
153587
153588
153589
153590
153591
153592
153593
153594
153595
153596
153597
153598
153599
153600
153601
153602
153603
153604
153605
153606
153607
153608
153609
153610
153611
153612
153613
153614
153615
153616
153617
153618
153619
153620
153621
153622
153623
153624
153625
153626
153627
153628
153629
153630
153631
153632
153633
153634
153635
153636
153637
153638
153639
153640
153641
153642
153643
153644
153645
153646
153647
153648
153649
153650
153651
153652
153653
153654
153655
153656
153657
153658
153659
153660
153661
153662
153663
153664
153665
153666
153667
153668
153669
153670
153671
153672
153673
153674
153675
153676
153677
153678
153679
153680
153681
153682
153683
153684
153685
153686
153687
153688
153689
153690
153691
153692
153693
153694
153695
153696
153697
153698
153699
153700
153701
153702
153703
153704
153705
153706
153707
153708
153709
153710
153711
153712
153713
153714
153715
153716
153717
153718
153719
153720
153721
153722
153723
153724
153725
153726
153727
153728
153729
153730
153731
153732
153733
153734
153735
153736
153737
153738
153739
153740
153741
153742
153743
153744
153745
153746
153747
153748
153749
153750
153751
153752
153753
153754
153755
153756
153757
153758
153759
153760
153761
153762
153763
153764
153765
153766
153767
153768
153769
153770
153771
153772
153773
153774
153775
153776
153777
153778
153779
153780
153781
153782
153783
153784
153785
153786
153787
153788
153789
153790
153791
153792
153793
153794
153795
153796
153797
153798
153799
153800
153801
153802
153803
153804
153805
153806
153807
153808
153809
153810
153811
153812
153813
153814
153815
153816
153817
153818
153819
153820
153821
153822
153823
153824
153825
153826
153827
153828
153829
153830
153831
153832
153833
153834
153835
153836
153837
153838
153839
153840
153841
153842
153843
153844
153845
153846
153847
153848
153849
153850
153851
153852
153853
153854
153855
153856
153857
153858
153859
153860
153861
153862
153863
153864
153865
153866
153867
153868
153869
153870
153871
153872
153873
153874
153875
153876
153877
153878
153879
153880
153881
153882
153883
153884
153885
153886
153887
153888
153889
153890
153891
153892
153893
153894
153895
153896
153897
153898
153899
153900
153901
153902
153903
153904
153905
153906
153907
153908
153909
153910
153911
153912
153913
153914
153915
153916
153917
153918
153919
153920
153921
153922
153923
153924
153925
153926
153927
153928
153929
153930
153931
153932
153933
153934
153935
153936
153937
153938
153939
153940
153941
153942
153943
153944
153945
153946
153947
153948
153949
153950
153951
153952
153953
153954
153955
153956
153957
153958
153959
153960
153961
153962
153963
153964
153965
153966
153967
153968
153969
153970
153971
153972
153973
153974
153975
153976
153977
153978
153979
153980
153981
153982
153983
153984
153985
153986
153987
153988
153989
153990
153991
153992
153993
153994
153995
153996
153997
153998
153999
154000
154001
154002
154003
154004
154005
154006
154007
154008
154009
154010
154011
154012
154013
154014
154015
154016
154017
154018
154019
154020
154021
154022
154023
154024
154025
154026
154027
154028
154029
154030
154031
154032
154033
154034
154035
154036
154037
154038
154039
154040
154041
154042
154043
154044
154045
154046
154047
154048
154049
154050
154051
154052
154053
154054
154055
154056
154057
154058
154059
154060
154061
154062
154063
154064
154065
154066
154067
154068
154069
154070
154071
154072
154073
154074
154075
154076
154077
154078
154079
154080
154081
154082
154083
154084
154085
154086
154087
154088
154089
154090
154091
154092
154093
154094
154095
154096
154097
154098
154099
154100
154101
154102
154103
154104
154105
154106
154107
154108
154109
154110
154111
154112
154113
154114
154115
154116
154117
154118
154119
154120
154121
154122
154123
154124
154125
154126
154127
154128
154129
154130
154131
154132
154133
154134
154135
154136
154137
154138
154139
154140
154141
154142
154143
154144
154145
154146
154147
154148
154149
154150
154151
154152
154153
154154
154155
154156
154157
154158
154159
154160
154161
154162
154163
154164
154165
154166
154167
154168
154169
154170
154171
154172
154173
154174
154175
154176
154177
154178
154179
154180
154181
154182
154183
154184
154185
154186
154187
154188
154189
154190
154191
154192
154193
154194
154195
154196
154197
154198
154199
154200
154201
154202
154203
154204
154205
154206
154207
154208
154209
154210
154211
154212
154213
154214
154215
154216
154217
154218
154219
154220
154221
154222
154223
159570
159571
159572
159573
159574
159575
159576
159577
159578
159579
159580
159651
159652
159653
159654
159655
159656
159657
159658
159659
159660
159661
159662
159663
159664
159665
159666
159667
159668
159669
159670
159671
159672
159673
159674
159675
159676
159677
159678
159679
159680
159681
159682
159683
159684
159685
159686
159687
159688
159689
159690
159691
159692
159693
159694
159695
159696
159697
159698
159699
159700
159701
159702
159703
159704
159705
159706
159707
159708
159709
159710
159711
159712
159713
159714
159715
159716
159717
159718
159719
159720
159721
159722
159723
159724
159725
159726
159727
159728
159729
159730
159731
159732
159733
159734
159735
159736
159737
159738
159739
159740
159741
159742
159743
159744
159745
159746
159747
159748
159749
159750
159751
159752
159753
159754
159755
159756
159757
159758
159759
159760
159761
159762
159763
159764
159765
159766
159767
159768
159769
159770
159771
159772
159773
159774
159775
159776
159777
159778
159779
159780
159781
159782
159783
159784
159785
159786
159787
159788
159789
159790
159791
159792
159793
159794
159795
159796
159797
159798
159799
159800
159801
159802
159803
159804
159805
159806
159807
159808
159809
159810
159811
159812
159813
159814
159815
159816
159817
159818
159819
159820
159821
159822
159823
159824
159825
159826
159827
159828
159829
159830
159831
159832
159833
159834
159835
159836
159837
159838
159839
159840
159841
159842
159843
159844
159845
159846
159847
159848
159849
159850
159851
159852
159853
159854
159855
159856
159857
159858
159859
159860
159861
159862
159863
159864
159865
159866
159867
159868
159869
159870
159871
159872
159873
159874
159875
159876
159877
159878
159879
159880
159881
159882
159883
159884
159885
159886
159887
159888
159889
159890
159891
159892
159893
159894
159895
159896
159897
159898
159899
159900
159901
159902
159903
159904
159905
159906
159907
159908
159909
159910
159911
159912
159913
159914
159915
159916
159917
159918
159919
159920
159921
159922
159923
159924
159925
159926
159927
159928
159929
159930
159931
159932
159933
159934
159935
159936
159937
159938
159939
159940
159941
159942
159943
159944
159945
159946
159947
159948
159949
159950
159951
159952
159953
159954
159955
159956
159957
159958
159959
159960
159961
159962
159963
159964
159965
159966
159967
159968
159969
159970
159971
159972
159973
159974
159975
159976
159977
159978
159979
159980
159981
159982
159983
159984
159985
159986
159987
159988
159989
159990
159991
159992
159993
159994
159995
159996
159997
159998
159999
160000
160001
160002
160003
160004
160005
160006
160007
160008
160009
160010
160011
160012
160013
160014
160015
160016
160017
160018
160019
160020
160021
160022
160023
160024
160025
160026
160027
160028
160029
160030
160031
160032
160033
160034
160035
160036
160037
160038
160039
160040
160041
160042
160043
160044
160045
160046
160047
160048
160049
160050
160051
160052
160053
160054
160055
160056
160057
160058
160059
160060
160061
160062
160063
160064
160065
160066
160067
160068
160069
160070
160071
160072
160073
160074
160075
160076
160077
160078
160079
160080
160081
160082
160083
160084
160085
160086
160087
160088
160089
160090
160091
160092
160093
160094
160095
160096
160097
160098
160099
160100
160101
160102
160103
160104
160105
160106
160107
160108
160109
160110
160111
160112
160113
160114
160115
160116
160117
160118
160119
160120
160121
160122
160123
160124
160125
160126
160127
160128
160129
160130
160131
160132
160133
160134
160135
160136
160137
160138
160139
160140
160141
160142
160143
160144
160145
160146
160147
160148
160149
160150
160151
160152
160153
160154
160155
160156
160157
160158
160159
160160
160161
160162
160163
160164
160165
160166
160167
160168
160169
160170
160171
160172
160173
160174
160175
160176
160177
160178
160179
160180
160181
160182
160183
160184
160185
160186
160187
160188
160189
160190
160191
160192
160193
160194
160195
160196
160197
160198
160199
160200
160201
160202
160203
160204
160205
160206
160207
160208
160209
160210
160211
160212
160213
160214
160215
160216
160217
160218
160219
160220
160221
160222
160223
160224
160225
160226
160227
160228
160229
160230
160231
160232
160233
160234
160235
160236
160237
160238
160239
160240
160241
160242
160243
160244
160245
160246
160247
160248
160249
160250
160251
160252
160253
160254
160255
160256
160257
160258
160259
160260
160261
160262
160263
160264
160265
160266
160267
160268
160269
160270
160271
160272
160273
160274
160275
160276
160277
160278
160279
160280
160281
160282
160283
160284
160285
160286
160287
160288
160289
160290
160291
160292
160293
160294
160295
160296
160297
160298
160299
160300
160301
160302
160303
160304
160305
160306
160307
160308
160309
160310
160311
160312
160313
160314
160315
160316
160317
160318
160319
160320
160321
160322
160323
160324
160325
160326
160327
160328
160329
160330
160331
160332
160333
160334
160335
160336
160337
160338
160339
160340
160341
160342
160343
160344
160345
160346
160347
160348
160349
160350
160351
160352
160353
160354
160355
160356
160357
160358
160359
160360
160361
160362
160363
160364
160365
160366
160367
160368
160369
160370
160371
160372
160373
160374
160375
160376
160377
160378
160379
160380
160381
160382
160383
160384
160385
160386
160387
160388
160389
160390
160391
160392
160393
160394
160395
160396
160397
160398
160399
160400
160401
160402
160403
160404
160405
160406
160407
160408
160409
160410
160411
160412
160413
160414
160415
160416
160417
160418
160419
160420
160421
160422
160423
160424
160425
160426
160427
160428
160429
160430
160431
160432
160433
160434
160435
160436
160437
160438
160439
160440
160441
160442
160443
160444
160445
160446
160447
160448
160449
160450
160451
160452
160453
160454
160455
160456
160457
160458
160459
160460
160461
160462
160463
160464
160465
160466
160467
160468
160469
160470
160471
160472
160473
160474
160475
160476
160477
160478
160479
160480
160481
160482
160483
160484
160485
160486
160487
160488
160489
160490
160491
160492
160493
160494
160495
160496
160497
160498
160499
160500
160501
160502
160503
160504
160505
160506
160507
160508
160509
160510
160511
160512
160513
160514
160515
160516
160517
160518
160519
160520
160521
160522
160523
160524
160525
160526
160527
160528
160529
160530
160531
160532
160533
160534
160535
160536
160537
160538
160539
160540
160541
160542
160543
160544
160545
160546
160547
160548
160549
160550
160551
160552
160553
160554
160555
160556
160557
160558
160559
160560
160561
160562
160563
160564
160565
160566
160567
160568
160569
160570
160571
160572
160573
160574
160575
160576
160577
160578
160579
160580
160581
160582
160583
160584
160585
160586
160587
160588
160589
160590
160591
160592
160593
160594
160595
160596
160597
160598
160599
160600
160601
160602
160603
160604
160605
160606
160607
160608
160609
160610
160611
160612
160613
160614
160615
160616
160617
160618
160619
160620
160621
160622
160623
160624
160625
160626
160627
160628
160629
160630
160631
160632
160633
160634
160635
160636
160637
160638
160639
160640
160641
160642
160643
160644
160645
160646
160647
160648
160649
160650
160651
160652
160653
160654
160655
160656
160657
160658
160659
160660
160661
160662
160663
160664
160665
160666
160667
160668
160669
160670
160671
160672
160673
160674
160675
160676
160677
160678
160679
160680
160681
160682
160683
160684
160685
160686
160687
160688
160689
160690
160691
160692
160693
160694
160695
160696
160697
160698
160699
160700
160701
160702
160703
160704
160705
160706
160707
160708
160709
160710
160711
160712
160713
160714
160715
160716
160717
160718
160719
160720
160721
160722
160723
160724
160725
160726
160727
160728
160729
160730
160731
160732
160733
160734
160735
160736
160737
160738
160739
160740
160741
160742
160743
160744
160745
160746
160747
160748
160749
160750
160751
160752
160753
160754
160755
160756
160757
160758
160759
160760
160761
160762
160763
160764
160765
160766
160767
160768
160769
160770
160771
160772
160773
160774
160775
160776
160777
160778
160779
160780
160781
160782
160783
160784
166131
166132
166133
166134
166135
166136
166137
166138
166139
166140
166141
166142
166212
166213
166214
166215
166216
166217
166218
166219
166220
166221
166222
166223
166224
166225
166226
166227
166228
166229
166230
166231
166232
166233
166234
166235
166236
166237
166238
166239
166240
166241
166242
166243
166244
166245
166246
166247
166248
166249
166250
166251
166252
166253
166254
166255
166256
166257
166258
166259
166260
166261
166262
166263
166264
166265
166266
166267
166268
166269
166270
166271
166272
166273
166274
166275
166276
166277
166278
166279
166280
166281
166282
166283
166284
166285
166286
166287
166288
166289
166290
166291
166292
166293
166294
166295
166296
166297
166298
166299
166300
166301
166302
166303
166304
166305
166306
166307
166308
166309
166310
166311
166312
166313
166314
166315
166316
166317
166318
166319
166320
166321
166322
166323
166324
166325
166326
166327
166328
166329
166330
166331
166332
166333
166334
166335
166336
166337
166338
166339
166340
166341
166342
166343
166344
166345
166346
166347
166348
166349
166350
166351
166352
166353
166354
166355
166356
166357
166358
166359
166360
166361
166362
166363
166364
166365
166366
166367
166368
166369
166370
166371
166372
166373
166374
166375
166376
166377
166378
166379
166380
166381
166382
166383
166384
166385
166386
166387
166388
166389
166390
166391
166392
166393
166394
166395
166396
166397
166398
166399
166400
166401
166402
166403
166404
166405
166406
166407
166408
166409
166410
166411
166412
166413
166414
166415
166416
166417
166418
166419
166420
166421
166422
166423
166424
166425
166426
166427
166428
166429
166430
166431
166432
166433
166434
166435
166436
166437
166438
166439
166440
166441
166442
166443
166444
166445
166446
166447
166448
166449
166450
166451
166452
166453
166454
166455
166456
166457
166458
166459
166460
166461
166462
166463
166464
166465
166466
166467
166468
166469
166470
166471
166472
166473
166474
166475
166476
166477
166478
166479
166480
166481
166482
166483
166484
166485
166486
166487
166488
166489
166490
166491
166492
166493
166494
166495
166496
166497
166498
166499
166500
166501
166502
166503
166504
166505
166506
166507
166508
166509
166510
166511
166512
166513
166514
166515
166516
166517
166518
166519
166520
166521
166522
166523
166524
166525
166526
166527
166528
166529
166530
166531
166532
166533
166534
166535
166536
166537
166538
166539
166540
166541
166542
166543
166544
166545
166546
166547
166548
166549
166550
166551
166552
166553
166554
166555
166556
166557
166558
166559
166560
166561
166562
166563
166564
166565
166566
166567
166568
166569
166570
166571
166572
166573
166574
166575
166576
166577
166578
166579
166580
166581
166582
166583
166584
166585
166586
166587
166588
166589
166590
166591
166592
166593
166594
166595
166596
166597
166598
166599
166600
166601
166602
166603
166604
166605
166606
166607
166608
166609
166610
166611
166612
166613
166614
166615
166616
166617
166618
166619
166620
166621
166622
166623
166624
166625
166626
166627
166628
166629
166630
166631
166632
166633
166634
166635
166636
166637
166638
166639
166640
166641
166642
166643
166644
166645
166646
166647
166648
166649
166650
166651
166652
166653
166654
166655
166656
166657
166658
166659
166660
166661
166662
166663
166664
166665
166666
166667
166668
166669
166670
166671
166672
166673
166674
166675
166676
166677
166678
166679
166680
166681
166682
166683
166684
166685
166686
166687
166688
166689
166690
166691
166692
166693
166694
166695
166696
166697
166698
166699
166700
166701
166702
166703
166704
166705
166706
166707
166708
166709
166710
166711
166712
166713
166714
166715
166716
166717
166718
166719
166720
166721
166722
166723
166724
166725
166726
166727
166728
166729
166730
166731
166732
166733
166734
166735
166736
166737
166738
166739
166740
166741
166742
166743
166744
166745
166746
166747
166748
166749
166750
166751
166752
166753
166754
166755
166756
166757
166758
166759
166760
166761
166762
166763
166764
166765
166766
166767
166768
166769
166770
166771
166772
166773
166774
166775
166776
166777
166778
166779
166780
166781
166782
166783
166784
166785
166786
166787
166788
166789
166790
166791
166792
166793
166794
166795
166796
166797
166798
166799
166800
166801
166802
166803
166804
166805
166806
166807
166808
166809
166810
166811
166812
166813
166814
166815
166816
166817
166818
166819
166820
166821
166822
166823
166824
166825
166826
166827
166828
166829
166830
166831
166832
166833
166834
166835
166836
166837
166838
166839
166840
166841
166842
166843
166844
166845
166846
166847
166848
166849
166850
166851
166852
166853
166854
166855
166856
166857
166858
166859
166860
166861
166862
166863
166864
166865
166866
166867
166868
166869
166870
166871
166872
166873
166874
166875
166876
166877
166878
166879
166880
166881
166882
166883
166884
166885
166886
166887
166888
166889
166890
166891
166892
166893
166894
166895
166896
166897
166898
166899
166900
166901
166902
166903
166904
166905
166906
166907
166908
166909
166910
166911
166912
166913
166914
166915
166916
166917
166918
166919
166920
166921
166922
166923
166924
166925
166926
166927
166928
166929
166930
166931
166932
166933
166934
166935
166936
166937
166938
166939
166940
166941
166942
166943
166944
166945
166946
166947
166948
166949
166950
166951
166952
166953
166954
166955
166956
166957
166958
166959
166960
166961
166962
166963
166964
166965
166966
166967
166968
166969
166970
166971
166972
166973
166974
166975
166976
166977
166978
166979
166980
166981
166982
166983
166984
166985
166986
166987
166988
166989
166990
166991
166992
166993
166994
166995
166996
166997
166998
166999
167000
167001
167002
167003
167004
167005
167006
167007
167008
167009
167010
167011
167012
167013
167014
167015
167016
167017
167018
167019
167020
167021
167022
167023
167024
167025
167026
167027
167028
167029
167030
167031
167032
167033
167034
167035
167036
167037
167038
167039
167040
167041
167042
167043
167044
167045
167046
167047
167048
167049
167050
167051
167052
167053
167054
167055
167056
167057
167058
167059
167060
167061
167062
167063
167064
167065
167066
167067
167068
167069
167070
167071
167072
167073
167074
167075
167076
167077
167078
167079
167080
167081
167082
167083
167084
167085
167086
167087
167088
167089
167090
167091
167092
167093
167094
167095
167096
167097
167098
167099
167100
167101
167102
167103
167104
167105
167106
167107
167108
167109
167110
167111
167112
167113
167114
167115
167116
167117
167118
167119
167120
167121
167122
167123
167124
167125
167126
167127
167128
167129
167130
167131
167132
167133
167134
167135
167136
167137
167138
167139
167140
167141
167142
167143
167144
167145
167146
167147
167148
167149
167150
167151
167152
167153
167154
167155
167156
167157
167158
167159
167160
167161
167162
167163
167164
167165
167166
167167
167168
167169
167170
167171
167172
167173
167174
167175
167176
167177
167178
167179
167180
167181
167182
167183
167184
167185
167186
167187
167188
167189
167190
167191
167192
167193
167194
167195
167196
167197
167198
167199
167200
167201
167202
167203
167204
167205
167206
167207
167208
167209
167210
167211
167212
167213
167214
167215
167216
167217
167218
167219
167220
167221
167222
167223
167224
167225
167226
167227
167228
167229
167230
167231
167232
167233
167234
167235
167236
167237
167238
167239
167240
167241
167242
167243
167244
167245
167246
167247
167248
167249
167250
167251
167252
167253
167254
167255
167256
167257
167258
167259
167260
167261
167262
167263
167264
167265
167266
167267
167268
167269
167270
167271
167272
167273
167274
167275
167276
167277
167278
167279
167280
167281
167282
167283
167284
167285
167286
167287
167288
167289
167290
167291
167292
167293
167294
167295
167296
167297
167298
167299
167300
167301
167302
167303
167304
167305
167306
167307
167308
167309
167310
167311
167312
167313
167314
167315
167316
167317
167318
167319
167320
167321
167322
167323
167324
167325
167326
167327
167328
167329
167330
167331
167332
167333
167334
167335
167336
167337
167338
167339
167340
167341
167342
167343
167344
167345
172692
172693
172694
172695
172696
172697
172698
172699
172700
172701
172702
172703
172704
172773
172774
172775
172776
172777
172778
172779
172780
172781
172782
172783
172784
172785
172786
172787
172788
172789
172790
172791
172792
172793
172794
172795
172796
172797
172798
172799
172800
172801
172802
172803
172804
172805
172806
172807
172808
172809
172810
172811
172812
172813
172814
172815
172816
172817
172818
172819
172820
172821
172822
172823
172824
172825
172826
172827
172828
172829
172830
172831
172832
172833
172834
172835
172836
172837
172838
172839
172840
172841
172842
172843
172844
172845
172846
172847
172848
172849
172850
172851
172852
172853
172854
172855
172856
172857
172858
172859
172860
172861
172862
172863
172864
172865
172866
172867
172868
172869
172870
172871
172872
172873
172874
172875
172876
172877
172878
172879
172880
172881
172882
172883
172884
172885
172886
172887
172888
172889
172890
172891
172892
172893
172894
172895
172896
172897
172898
172899
172900
172901
172902
172903
172904
172905
172906
172907
172908
172909
172910
172911
172912
172913
172914
172915
172916
172917
172918
172919
172920
172921
172922
172923
172924
172925
172926
172927
172928
172929
172930
172931
172932
172933
172934
172935
172936
172937
172938
172939
172940
172941
172942
172943
172944
172945
172946
172947
172948
172949
172950
172951
172952
172953
172954
172955
172956
172957
172958
172959
172960
172961
172962
172963
172964
172965
172966
172967
172968
172969
172970
172971
172972
172973
172974
172975
172976
172977
172978
172979
172980
172981
172982
172983
172984
172985
172986
172987
172988
172989
172990
172991
172992
172993
172994
172995
172996
172997
172998
172999
173000
173001
173002
173003
173004
173005
173006
173007
173008
173009
173010
173011
173012
173013
173014
173015
173016
173017
173018
173019
173020
173021
173022
173023
173024
173025
173026
173027
173028
173029
173030
173031
173032
173033
173034
173035
173036
173037
173038
173039
173040
173041
173042
173043
173044
173045
173046
173047
173048
173049
173050
173051
173052
173053
173054
173055
173056
173057
173058
173059
173060
173061
173062
173063
173064
173065
173066
173067
173068
173069
173070
173071
173072
173073
173074
173075
173076
173077
173078
173079
173080
173081
173082
173083
173084
173085
173086
173087
173088
173089
173090
173091
173092
173093
173094
173095
173096
173097
173098
173099
173100
173101
173102
173103
173104
173105
173106
173107
173108
173109
173110
173111
173112
173113
173114
173115
173116
173117
173118
173119
173120
173121
173122
173123
173124
173125
173126
173127
173128
173129
173130
173131
173132
173133
173134
173135
173136
173137
173138
173139
173140
173141
173142
173143
173144
173145
173146
173147
173148
173149
173150
173151
173152
173153
173154
173155
173156
173157
173158
173159
173160
173161
173162
173163
173164
173165
173166
173167
173168
173169
173170
173171
173172
173173
173174
173175
173176
173177
173178
173179
173180
173181
173182
173183
173184
173185
173186
173187
173188
173189
173190
173191
173192
173193
173194
173195
173196
173197
173198
173199
173200
173201
173202
173203
173204
173205
173206
173207
173208
173209
173210
173211
173212
173213
173214
173215
173216
173217
173218
173219
173220
173221
173222
173223
173224
173225
173226
173227
173228
173229
173230
173231
173232
173233
173234
173235
173236
173237
173238
173239
173240
173241
173242
173243
173244
173245
173246
173247
173248
173249
173250
173251
173252
173253
173254
173255
173256
173257
173258
173259
173260
173261
173262
173263
173264
173265
173266
173267
173268
173269
173270
173271
173272
173273
173274
173275
173276
173277
173278
173279
173280
173281
173282
173283
173284
173285
173286
173287
173288
173289
173290
173291
173292
173293
173294
173295
173296
173297
173298
173299
173300
173301
173302
173303
173304
173305
173306
173307
173308
173309
173310
173311
173312
173313
173314
173315
173316
173317
173318
173319
173320
173321
173322
173323
173324
173325
173326
173327
173328
173329
173330
173331
173332
173333
173334
173335
173336
173337
173338
173339
173340
173341
173342
173343
173344
173345
173346
173347
173348
173349
173350
173351
173352
173353
173354
173355
173356
173357
173358
173359
173360
173361
173362
173363
173364
173365
173366
173367
173368
173369
173370
173371
173372
173373
173374
173375
173376
173377
173378
173379
173380
173381
173382
173383
173384
173385
173386
173387
173388
173389
173390
173391
173392
173393
173394
173395
173396
173397
173398
173399
173400
173401
173402
173403
173404
173405
173406
173407
173408
173409
173410
173411
173412
173413
173414
173415
173416
173417
173418
173419
173420
173421
173422
173423
173424
173425
173426
173427
173428
173429
173430
173431
173432
173433
173434
173435
173436
173437
173438
173439
173440
173441
173442
173443
173444
173445
173446
173447
173448
173449
173450
173451
173452
173453
173454
173455
173456
173457
173458
173459
173460
173461
173462
173463
173464
173465
173466
173467
173468
173469
173470
173471
173472
173473
173474
173475
173476
173477
173478
173479
173480
173481
173482
173483
173484
173485
173486
173487
173488
173489
173490
173491
173492
173493
173494
173495
173496
173497
173498
173499
173500
173501
173502
173503
173504
173505
173506
173507
173508
173509
173510
173511
173512
173513
173514
173515
173516
173517
173518
173519
173520
173521
173522
173523
173524
173525
173526
173527
173528
173529
173530
173531
173532
173533
173534
173535
173536
173537
173538
173539
173540
173541
173542
173543
173544
173545
173546
173547
173548
173549
173550
173551
173552
173553
173554
173555
173556
173557
173558
173559
173560
173561
173562
173563
173564
173565
173566
173567
173568
173569
173570
173571
173572
173573
173574
173575
173576
173577
173578
173579
173580
173581
173582
173583
173584
173585
173586
173587
173588
173589
173590
173591
173592
173593
173594
173595
173596
173597
173598
173599
173600
173601
173602
173603
173604
173605
173606
173607
173608
173609
173610
173611
173612
173613
173614
173615
173616
173617
173618
173619
173620
173621
173622
173623
173624
173625
173626
173627
173628
173629
173630
173631
173632
173633
173634
173635
173636
173637
173638
173639
173640
173641
173642
173643
173644
173645
173646
173647
173648
173649
173650
173651
173652
173653
173654
173655
173656
173657
173658
173659
173660
173661
173662
173663
173664
173665
173666
173667
173668
173669
173670
173671
173672
173673
173674
173675
173676
173677
173678
173679
173680
173681
173682
173683
173684
173685
173686
173687
173688
173689
173690
173691
173692
173693
173694
173695
173696
173697
173698
173699
173700
173701
173702
173703
173704
173705
173706
173707
173708
173709
173710
173711
173712
173713
173714
173715
173716
173717
173718
173719
173720
173721
173722
173723
173724
173725
173726
173727
173728
173729
173730
173731
173732
173733
173734
173735
173736
173737
173738
173739
173740
173741
173742
173743
173744
173745
173746
173747
173748
173749
173750
173751
173752
173753
173754
173755
173756
173757
173758
173759
173760
173761
173762
173763
173764
173765
173766
173767
173768
173769
173770
173771
173772
173773
173774
173775
173776
173777
173778
173779
173780
173781
173782
173783
173784
173785
173786
173787
173788
173789
173790
173791
173792
173793
173794
173795
173796
173797
173798
173799
173800
173801
173802
173803
173804
173805
173806
173807
173808
173809
173810
173811
173812
173813
173814
173815
173816
173817
173818
173819
173820
173821
173822
173823
173824
173825
173826
173827
173828
173829
173830
173831
173832
173833
173834
173835
173836
173837
173838
173839
173840
173841
173842
173843
173844
173845
173846
173847
173848
173849
173850
173851
173852
173853
173854
173855
173856
173857
173858
173859
173860
173861
173862
173863
173864
173865
173866
173867
173868
173869
173870
173871
173872
173873
173874
173875
173876
173877
173878
173879
173880
173881
173882
173883
173884
173885
173886
173887
173888
173889
173890
173891
173892
173893
173894
173895
173896
173897
173898
173899
173900
173901
173902
173903
173904
173905
173906
179253
179254
179255
179256
179257
179258
179259
179260
179261
179262
179263
179264
179265
179266
179334
179335
179336
179337
179338
179339
179340
179341
179342
179343
179344
179345
179346
179347
179348
179349
179350
179351
179352
179353
179354
179355
179356
179357
179358
179359
179360
179361
179362
179363
179364
179365
179366
179367
179368
179369
179370
179371
179372
179373
179374
179375
179376
179377
179378
179379
179380
179381
179382
179383
179384
179385
179386
179387
179388
179389
179390
179391
179392
179393
179394
179395
179396
179397
179398
179399
179400
179401
179402
179403
179404
179405
179406
179407
179408
179409
179410
179411
179412
179413
179414
179415
179416
179417
179418
179419
179420
179421
179422
179423
179424
179425
179426
179427
179428
179429
179430
179431
179432
179433
179434
179435
179436
179437
179438
179439
179440
179441
179442
179443
179444
179445
179446
179447
179448
179449
179450
179451
179452
179453
179454
179455
179456
179457
179458
179459
179460
179461
179462
179463
179464
179465
179466
179467
179468
179469
179470
179471
179472
179473
179474
179475
179476
179477
179478
179479
179480
179481
179482
179483
179484
179485
179486
179487
179488
179489
179490
179491
179492
179493
179494
179495
179496
179497
179498
179499
179500
179501
179502
179503
179504
179505
179506
179507
179508
179509
179510
179511
179512
179513
179514
179515
179516
179517
179518
179519
179520
179521
179522
179523
179524
179525
179526
179527
179528
179529
179530
179531
179532
179533
179534
179535
179536
179537
179538
179539
179540
179541
179542
179543
179544
179545
179546
179547
179548
179549
179550
179551
179552
179553
179554
179555
179556
179557
179558
179559
179560
179561
179562
179563
179564
179565
179566
179567
179568
179569
179570
179571
179572
179573
179574
179575
179576
179577
179578
179579
179580
179581
179582
179583
179584
179585
179586
179587
179588
179589
179590
179591
179592
179593
179594
179595
179596
179597
179598
179599
179600
179601
179602
179603
179604
179605
179606
179607
179608
179609
179610
179611
179612
179613
179614
179615
179616
179617
179618
179619
179620
179621
179622
179623
179624
179625
179626
179627
179628
179629
179630
179631
179632
179633
179634
179635
179636
179637
179638
179639
179640
179641
179642
179643
179644
179645
179646
179647
179648
179649
179650
179651
179652
179653
179654
179655
179656
179657
179658
179659
179660
179661
179662
179663
179664
179665
179666
179667
179668
179669
179670
179671
179672
179673
179674
179675
179676
179677
179678
179679
179680
179681
179682
179683
179684
179685
179686
179687
179688
179689
179690
179691
179692
179693
179694
179695
179696
179697
179698
179699
179700
179701
179702
179703
179704
179705
179706
179707
179708
179709
179710
179711
179712
179713
179714
179715
179716
179717
179718
179719
179720
179721
179722
179723
179724
179725
179726
179727
179728
179729
179730
179731
179732
179733
179734
179735
179736
179737
179738
179739
179740
179741
179742
179743
179744
179745
179746
179747
179748
179749
179750
179751
179752
179753
179754
179755
179756
179757
179758
179759
179760
179761
179762
179763
179764
179765
179766
179767
179768
179769
179770
179771
179772
179773
179774
179775
179776
179777
179778
179779
179780
179781
179782
179783
179784
179785
179786
179787
179788
179789
179790
179791
179792
179793
179794
179795
179796
179797
179798
179799
179800
179801
179802
179803
179804
179805
179806
179807
179808
179809
179810
179811
179812
179813
179814
179815
179816
179817
179818
179819
179820
179821
179822
179823
179824
179825
179826
179827
179828
179829
179830
179831
179832
179833
179834
179835
179836
179837
179838
179839
179840
179841
179842
179843
179844
179845
179846
179847
179848
179849
179850
179851
179852
179853
179854
179855
179856
179857
179858
179859
179860
179861
179862
179863
179864
179865
179866
179867
179868
179869
179870
179871
179872
179873
179874
179875
179876
179877
179878
179879
179880
179881
179882
179883
179884
179885
179886
179887
179888
179889
179890
179891
179892
179893
179894
179895
179896
179897
179898
179899
179900
179901
179902
179903
179904
179905
179906
179907
179908
179909
179910
179911
179912
179913
179914
179915
179916
179917
179918
179919
179920
179921
179922
179923
179924
179925
179926
179927
179928
179929
179930
179931
179932
179933
179934
179935
179936
179937
179938
179939
179940
179941
179942
179943
179944
179945
179946
179947
179948
179949
179950
179951
179952
179953
179954
179955
179956
179957
179958
179959
179960
179961
179962
179963
179964
179965
179966
179967
179968
179969
179970
179971
179972
179973
179974
179975
179976
179977
179978
179979
179980
179981
179982
179983
179984
179985
179986
179987
179988
179989
179990
179991
179992
179993
179994
179995
179996
179997
179998
179999
180000
180001
180002
180003
180004
180005
180006
180007
180008
180009
180010
180011
180012
180013
180014
180015
180016
180017
180018
180019
180020
180021
180022
180023
180024
180025
180026
180027
180028
180029
180030
180031
180032
180033
180034
180035
180036
180037
180038
180039
180040
180041
180042
180043
180044
180045
180046
180047
180048
180049
180050
180051
180052
180053
180054
180055
180056
180057
180058
180059
180060
180061
180062
180063
180064
180065
180066
180067
180068
180069
180070
180071
180072
180073
180074
180075
180076
180077
180078
180079
180080
180081
180082
180083
180084
180085
180086
180087
180088
180089
180090
180091
180092
180093
180094
180095
180096
180097
180098
180099
180100
180101
180102
180103
180104
180105
180106
180107
180108
180109
180110
180111
180112
180113
180114
180115
180116
180117
180118
180119
180120
180121
180122
180123
180124
180125
180126
180127
180128
180129
180130
180131
180132
180133
180134
180135
180136
180137
180138
180139
180140
180141
180142
180143
180144
180145
180146
180147
180148
180149
180150
180151
180152
180153
180154
180155
180156
180157
180158
180159
180160
180161
180162
180163
180164
180165
180166
180167
180168
180169
180170
180171
180172
180173
180174
180175
180176
180177
180178
180179
180180
180181
180182
180183
180184
180185
180186
180187
180188
180189
180190
180191
180192
180193
180194
180195
180196
180197
180198
180199
180200
180201
180202
180203
180204
180205
180206
180207
180208
180209
180210
180211
180212
180213
180214
180215
180216
180217
180218
180219
180220
180221
180222
180223
180224
180225
180226
180227
180228
180229
180230
180231
180232
180233
180234
180235
180236
180237
180238
180239
180240
180241
180242
180243
180244
180245
180246
180247
180248
180249
180250
180251
180252
180253
180254
180255
180256
180257
180258
180259
180260
180261
180262
180263
180264
180265
180266
180267
180268
180269
180270
180271
180272
180273
180274
180275
180276
180277
180278
180279
180280
180281
180282
180283
180284
180285
180286
180287
180288
180289
180290
180291
180292
180293
180294
180295
180296
180297
180298
180299
180300
180301
180302
180303
180304
180305
180306
180307
180308
180309
180310
180311
180312
180313
180314
180315
180316
180317
180318
180319
180320
180321
180322
180323
180324
180325
180326
180327
180328
180329
180330
180331
180332
180333
180334
180335
180336
180337
180338
180339
180340
180341
180342
180343
180344
180345
180346
180347
180348
180349
180350
180351
180352
180353
180354
180355
180356
180357
180358
180359
180360
180361
180362
180363
180364
180365
180366
180367
180368
180369
180370
180371
180372
180373
180374
180375
180376
180377
180378
180379
180380
180381
180382
180383
180384
180385
180386
180387
180388
180389
180390
180391
180392
180393
180394
180395
180396
180397
180398
180399
180400
180401
180402
180403
180404
180405
180406
180407
180408
180409
180410
180411
180412
180413
180414
180415
180416
180417
180418
180419
180420
180421
180422
180423
180424
180425
180426
180427
180428
180429
180430
180431
180432
180433
180434
180435
180436
180437
180438
180439
180440
180441
180442
180443
180444
180445
180446
180447
180448
180449
180450
180451
180452
180453
180454
180455
180456
180457
180458
180459
180460
180461
180462
180463
180464
180465
180466
180467
185814
185815
185816
185817
185818
185819
185820
185821
185822
185823
185824
185825
185826
185827
185828
185895
185896
185897
185898
185899
185900
185901
185902
185903
185904
185905
185906
185907
185908
185909
185910
185911
185912
185913
185914
185915
185916
185917
185918
185919
185920
185921
185922
185923
185924
185925
185926
185927
185928
185929
185930
185931
185932
185933
185934
185935
185936
185937
185938
185939
185940
185941
185942
185943
185944
185945
185946
185947
185948
185949
185950
185951
185952
185953
185954
185955
185956
185957
185958
185959
185960
185961
185962
185963
185964
185965
185966
185967
185968
185969
185970
185971
185972
185973
185974
185975
185976
185977
185978
185979
185980
185981
185982
185983
185984
185985
185986
185987
185988
185989
185990
185991
185992
185993
185994
185995
185996
185997
185998
185999
186000
186001
186002
186003
186004
186005
186006
186007
186008
186009
186010
186011
186012
186013
186014
186015
186016
186017
186018
186019
186020
186021
186022
186023
186024
186025
186026
186027
186028
186029
186030
186031
186032
186033
186034
186035
186036
186037
186038
186039
186040
186041
186042
186043
186044
186045
186046
186047
186048
186049
186050
186051
186052
186053
186054
186055
186056
186057
186058
186059
186060
186061
186062
186063
186064
186065
186066
186067
186068
186069
186070
186071
186072
186073
186074
186075
186076
186077
186078
186079
186080
186081
186082
186083
186084
186085
186086
186087
186088
186089
186090
186091
186092
186093
186094
186095
186096
186097
186098
186099
186100
186101
186102
186103
186104
186105
186106
186107
186108
186109
186110
186111
186112
186113
186114
186115
186116
186117
186118
186119
186120
186121
186122
186123
186124
186125
186126
186127
186128
186129
186130
186131
186132
186133
186134
186135
186136
186137
186138
186139
186140
186141
186142
186143
186144
186145
186146
186147
186148
186149
186150
186151
186152
186153
186154
186155
186156
186157
186158
186159
186160
186161
186162
186163
186164
186165
186166
186167
186168
186169
186170
186171
186172
186173
186174
186175
186176
186177
186178
186179
186180
186181
186182
186183
186184
186185
186186
186187
186188
186189
186190
186191
186192
186193
186194
186195
186196
186197
186198
186199
186200
186201
186202
186203
186204
186205
186206
186207
186208
186209
186210
186211
186212
186213
186214
186215
186216
186217
186218
186219
186220
186221
186222
186223
186224
186225
186226
186227
186228
186229
186230
186231
186232
186233
186234
186235
186236
186237
186238
186239
186240
186241
186242
186243
186244
186245
186246
186247
186248
186249
186250
186251
186252
186253
186254
186255
186256
186257
186258
186259
186260
186261
186262
186263
186264
186265
186266
186267
186268
186269
186270
186271
186272
186273
186274
186275
186276
186277
186278
186279
186280
186281
186282
186283
186284
186285
186286
186287
186288
186289
186290
186291
186292
186293
186294
186295
186296
186297
186298
186299
186300
186301
186302
186303
186304
186305
186306
186307
186308
186309
186310
186311
186312
186313
186314
186315
186316
186317
186318
186319
186320
186321
186322
186323
186324
186325
186326
186327
186328
186329
186330
186331
186332
186333
186334
186335
186336
186337
186338
186339
186340
186341
186342
186343
186344
186345
186346
186347
186348
186349
186350
186351
186352
186353
186354
186355
186356
186357
186358
186359
186360
186361
186362
186363
186364
186365
186366
186367
186368
186369
186370
186371
186372
186373
186374
186375
186376
186377
186378
186379
186380
186381
186382
186383
186384
186385
186386
186387
186388
186389
186390
186391
186392
186393
186394
186395
186396
186397
186398
186399
186400
186401
186402
186403
186404
186405
186406
186407
186408
186409
186410
186411
186412
186413
186414
186415
186416
186417
186418
186419
186420
186421
186422
186423
186424
186425
186426
186427
186428
186429
186430
186431
186432
186433
186434
186435
186436
186437
186438
186439
186440
186441
186442
186443
186444
186445
186446
186447
186448
186449
186450
186451
186452
186453
186454
186455
186456
186457
186458
186459
186460
186461
186462
186463
186464
186465
186466
186467
186468
186469
186470
186471
186472
186473
186474
186475
186476
186477
186478
186479
186480
186481
186482
186483
186484
186485
186486
186487
186488
186489
186490
186491
186492
186493
186494
186495
186496
186497
186498
186499
186500
186501
186502
186503
186504
186505
186506
186507
186508
186509
186510
186511
186512
186513
186514
186515
186516
186517
186518
186519
186520
186521
186522
186523
186524
186525
186526
186527
186528
186529
186530
186531
186532
186533
186534
186535
186536
186537
186538
186539
186540
186541
186542
186543
186544
186545
186546
186547
186548
186549
186550
186551
186552
186553
186554
186555
186556
186557
186558
186559
186560
186561
186562
186563
186564
186565
186566
186567
186568
186569
186570
186571
186572
186573
186574
186575
186576
186577
186578
186579
186580
186581
186582
186583
186584
186585
186586
186587
186588
186589
186590
186591
186592
186593
186594
186595
186596
186597
186598
186599
186600
186601
186602
186603
186604
186605
186606
186607
186608
186609
186610
186611
186612
186613
186614
186615
186616
186617
186618
186619
186620
186621
186622
186623
186624
186625
186626
186627
186628
186629
186630
186631
186632
186633
186634
186635
186636
186637
186638
186639
186640
186641
186642
186643
186644
186645
186646
186647
186648
186649
186650
186651
186652
186653
186654
186655
186656
186657
186658
186659
186660
186661
186662
186663
186664
186665
186666
186667
186668
186669
186670
186671
186672
186673
186674
186675
186676
186677
186678
186679
186680
186681
186682
186683
186684
186685
186686
186687
186688
186689
186690
186691
186692
186693
186694
186695
186696
186697
186698
186699
186700
186701
186702
186703
186704
186705
186706
186707
186708
186709
186710
186711
186712
186713
186714
186715
186716
186717
186718
186719
186720
186721
186722
186723
186724
186725
186726
186727
186728
186729
186730
186731
186732
186733
186734
186735
186736
186737
186738
186739
186740
186741
186742
186743
186744
186745
186746
186747
186748
186749
186750
186751
186752
186753
186754
186755
186756
186757
186758
186759
186760
186761
186762
186763
186764
186765
186766
186767
186768
186769
186770
186771
186772
186773
186774
186775
186776
186777
186778
186779
186780
186781
186782
186783
186784
186785
186786
186787
186788
186789
186790
186791
186792
186793
186794
186795
186796
186797
186798
186799
186800
186801
186802
186803
186804
186805
186806
186807
186808
186809
186810
186811
186812
186813
186814
186815
186816
186817
186818
186819
186820
186821
186822
186823
186824
186825
186826
186827
186828
186829
186830
186831
186832
186833
186834
186835
186836
186837
186838
186839
186840
186841
186842
186843
186844
186845
186846
186847
186848
186849
186850
186851
186852
186853
186854
186855
186856
186857
186858
186859
186860
186861
186862
186863
186864
186865
186866
186867
186868
186869
186870
186871
186872
186873
186874
186875
186876
186877
186878
186879
186880
186881
186882
186883
186884
186885
186886
186887
186888
186889
186890
186891
186892
186893
186894
186895
186896
186897
186898
186899
186900
186901
186902
186903
186904
186905
186906
186907
186908
186909
186910
186911
186912
186913
186914
186915
186916
186917
186918
186919
186920
186921
186922
186923
186924
186925
186926
186927
186928
186929
186930
186931
186932
186933
186934
186935
186936
186937
186938
186939
186940
186941
186942
186943
186944
186945
186946
186947
186948
186949
186950
186951
186952
186953
186954
186955
186956
186957
186958
186959
186960
186961
186962
186963
186964
186965
186966
186967
186968
186969
186970
186971
186972
186973
186974
186975
186976
186977
186978
186979
186980
186981
186982
186983
186984
186985
186986
186987
186988
186989
186990
186991
186992
186993
186994
186995
186996
186997
186998
186999
187000
187001
187002
187003
187004
187005
187006
187007
187008
187009
187010
187011
187012
187013
187014
187015
187016
187017
187018
187019
187020
187021
187022
187023
187024
187025
187026
187027
187028
192375
192376
192377
192378
192379
192380
192381
192382
192383
192384
192385
192386
192387
192388
192389
192390
192456
192457
192458
192459
192460
192461
192462
192463
192464
192465
192466
192467
192468
192469
192470
192471
192472
192473
192474
192475
192476
192477
192478
192479
192480
192481
192482
192483
192484
192485
192486
192487
192488
192489
192490
192491
192492
192493
192494
192495
192496
192497
192498
192499
192500
192501
192502
192503
192504
192505
192506
192507
192508
192509
192510
192511
192512
192513
192514
192515
192516
192517
192518
192519
192520
192521
192522
192523
192524
192525
192526
192527
192528
192529
192530
192531
192532
192533
192534
192535
192536
192537
192538
192539
192540
192541
192542
192543
192544
192545
192546
192547
192548
192549
192550
192551
192552
192553
192554
192555
192556
192557
192558
192559
192560
192561
192562
192563
192564
192565
192566
192567
192568
192569
192570
192571
192572
192573
192574
192575
192576
192577
192578
192579
192580
192581
192582
192583
192584
192585
192586
192587
192588
192589
192590
192591
192592
192593
192594
192595
192596
192597
192598
192599
192600
192601
192602
192603
192604
192605
192606
192607
192608
192609
192610
192611
192612
192613
192614
192615
192616
192617
192618
192619
192620
192621
192622
192623
192624
192625
192626
192627
192628
192629
192630
192631
192632
192633
192634
192635
192636
192637
192638
192639
192640
192641
192642
192643
192644
192645
192646
192647
192648
192649
192650
192651
192652
192653
192654
192655
192656
192657
192658
192659
192660
192661
192662
192663
192664
192665
192666
192667
192668
192669
192670
192671
192672
192673
192674
192675
192676
192677
192678
192679
192680
192681
192682
192683
192684
192685
192686
192687
192688
192689
192690
192691
192692
192693
192694
192695
192696
192697
192698
192699
192700
192701
192702
192703
192704
192705
192706
192707
192708
192709
192710
192711
192712
192713
192714
192715
192716
192717
192718
192719
192720
192721
192722
192723
192724
192725
192726
192727
192728
192729
192730
192731
192732
192733
192734
192735
192736
192737
192738
192739
192740
192741
192742
192743
192744
192745
192746
192747
192748
192749
192750
192751
192752
192753
192754
192755
192756
192757
192758
192759
192760
192761
192762
192763
192764
192765
192766
192767
192768
192769
192770
192771
192772
192773
192774
192775
192776
192777
192778
192779
192780
192781
192782
192783
192784
192785
192786
192787
192788
192789
192790
192791
192792
192793
192794
192795
192796
192797
192798
192799
192800
192801
192802
192803
192804
192805
192806
192807
192808
192809
192810
192811
192812
192813
192814
192815
192816
192817
192818
192819
192820
192821
192822
192823
192824
192825
192826
192827
192828
192829
192830
192831
192832
192833
192834
192835
192836
192837
192838
192839
192840
192841
192842
192843
192844
192845
192846
192847
192848
192849
192850
192851
192852
192853
192854
192855
192856
192857
192858
192859
192860
192861
192862
192863
192864
192865
192866
192867
192868
192869
192870
192871
192872
192873
192874
192875
192876
192877
192878
192879
192880
192881
192882
192883
192884
192885
192886
192887
192888
192889
192890
192891
192892
192893
192894
192895
192896
192897
192898
192899
192900
192901
192902
192903
192904
192905
192906
192907
192908
192909
192910
192911
192912
192913
192914
192915
192916
192917
192918
192919
192920
192921
192922
192923
192924
192925
192926
192927
192928
192929
192930
192931
192932
192933
192934
192935
192936
192937
192938
192939
192940
192941
192942
192943
192944
192945
192946
192947
192948
192949
192950
192951
192952
192953
192954
192955
192956
192957
192958
192959
192960
192961
192962
192963
192964
192965
192966
192967
192968
192969
192970
192971
192972
192973
192974
192975
192976
192977
192978
192979
192980
192981
192982
192983
192984
192985
192986
192987
192988
192989
192990
192991
192992
192993
192994
192995
192996
192997
192998
192999
193000
193001
193002
193003
193004
193005
193006
193007
193008
193009
193010
193011
193012
193013
193014
193015
193016
193017
193018
193019
193020
193021
193022
193023
193024
193025
193026
193027
193028
193029
193030
193031
193032
193033
193034
193035
193036
193037
193038
193039
193040
193041
193042
193043
193044
193045
193046
193047
193048
193049
193050
193051
193052
193053
193054
193055
193056
193057
193058
193059
193060
193061
193062
193063
193064
193065
193066
193067
193068
193069
193070
193071
193072
193073
193074
193075
193076
193077
193078
193079
193080
193081
193082
193083
193084
193085
193086
193087
193088
193089
193090
193091
193092
193093
193094
193095
193096
193097
193098
193099
193100
193101
193102
193103
193104
193105
193106
193107
193108
193109
193110
193111
193112
193113
193114
193115
193116
193117
193118
193119
193120
193121
193122
193123
193124
193125
193126
193127
193128
193129
193130
193131
193132
193133
193134
193135
193136
193137
193138
193139
193140
193141
193142
193143
193144
193145
193146
193147
193148
193149
193150
193151
193152
193153
193154
193155
193156
193157
193158
193159
193160
193161
193162
193163
193164
193165
193166
193167
193168
193169
193170
193171
193172
193173
193174
193175
193176
193177
193178
193179
193180
193181
193182
193183
193184
193185
193186
193187
193188
193189
193190
193191
193192
193193
193194
193195
193196
193197
193198
193199
193200
193201
193202
193203
193204
193205
193206
193207
193208
193209
193210
193211
193212
193213
193214
193215
193216
193217
193218
193219
193220
193221
193222
193223
193224
193225
193226
193227
193228
193229
193230
193231
193232
193233
193234
193235
193236
193237
193238
193239
193240
193241
193242
193243
193244
193245
193246
193247
193248
193249
193250
193251
193252
193253
193254
193255
193256
193257
193258
193259
193260
193261
193262
193263
193264
193265
193266
193267
193268
193269
193270
193271
193272
193273
193274
193275
193276
193277
193278
193279
193280
193281
193282
193283
193284
193285
193286
193287
193288
193289
193290
193291
193292
193293
193294
193295
193296
193297
193298
193299
193300
193301
193302
193303
193304
193305
193306
193307
193308
193309
193310
193311
193312
193313
193314
193315
193316
193317
193318
193319
193320
193321
193322
193323
193324
193325
193326
193327
193328
193329
193330
193331
193332
193333
193334
193335
193336
193337
193338
193339
193340
193341
193342
193343
193344
193345
193346
193347
193348
193349
193350
193351
193352
193353
193354
193355
193356
193357
193358
193359
193360
193361
193362
193363
193364
193365
193366
193367
193368
193369
193370
193371
193372
193373
193374
193375
193376
193377
193378
193379
193380
193381
193382
193383
193384
193385
193386
193387
193388
193389
193390
193391
193392
193393
193394
193395
193396
193397
193398
193399
193400
193401
193402
193403
193404
193405
193406
193407
193408
193409
193410
193411
193412
193413
193414
193415
193416
193417
193418
193419
193420
193421
193422
193423
193424
193425
193426
193427
193428
193429
193430
193431
193432
193433
193434
193435
193436
193437
193438
193439
193440
193441
193442
193443
193444
193445
193446
193447
193448
193449
193450
193451
193452
193453
193454
193455
193456
193457
193458
193459
193460
193461
193462
193463
193464
193465
193466
193467
193468
193469
193470
193471
193472
193473
193474
193475
193476
193477
193478
193479
193480
193481
193482
193483
193484
193485
193486
193487
193488
193489
193490
193491
193492
193493
193494
193495
193496
193497
193498
193499
193500
193501
193502
193503
193504
193505
193506
193507
193508
193509
193510
193511
193512
193513
193514
193515
193516
193517
193518
193519
193520
193521
193522
193523
193524
193525
193526
193527
193528
193529
193530
193531
193532
193533
193534
193535
193536
193537
193538
193539
193540
193541
193542
193543
193544
193545
193546
193547
193548
193549
193550
193551
193552
193553
193554
193555
193556
193557
193558
193559
193560
193561
193562
193563
193564
193565
193566
193567
193568
193569
193570
193571
193572
193573
193574
193575
193576
193577
193578
193579
193580
193581
193582
193583
193584
193585
193586
193587
193588
193589
198936
198937
198938
198939
198940
198941
198942
198943
198944
198945
198946
198947
198948
198949
198950
198951
198952
199017
199018
199019
199020
199021
199022
199023
199024
199025
199026
199027
199028
199029
199030
199031
199032
199033
199034
199035
199036
199037
199038
199039
199040
199041
199042
199043
199044
199045
199046
199047
199048
199049
199050
199051
199052
199053
199054
199055
199056
199057
199058
199059
199060
199061
199062
199063
199064
199065
199066
199067
199068
199069
199070
199071
199072
199073
199074
199075
199076
199077
199078
199079
199080
199081
199082
199083
199084
199085
199086
199087
199088
199089
199090
199091
199092
199093
199094
199095
199096
199097
199098
199099
199100
199101
199102
199103
199104
199105
199106
199107
199108
199109
199110
199111
199112
199113
199114
199115
199116
199117
199118
199119
199120
199121
199122
199123
199124
199125
199126
199127
199128
199129
199130
199131
199132
199133
199134
199135
199136
199137
199138
199139
199140
199141
199142
199143
199144
199145
199146
199147
199148
199149
199150
199151
199152
199153
199154
199155
199156
199157
199158
199159
199160
199161
199162
199163
199164
199165
199166
199167
199168
199169
199170
199171
199172
199173
199174
199175
199176
199177
199178
199179
199180
199181
199182
199183
199184
199185
199186
199187
199188
199189
199190
199191
199192
199193
199194
199195
199196
199197
199198
199199
199200
199201
199202
199203
199204
199205
199206
199207
199208
199209
199210
199211
199212
199213
199214
199215
199216
199217
199218
199219
199220
199221
199222
199223
199224
199225
199226
199227
199228
199229
199230
199231
199232
199233
199234
199235
199236
199237
199238
199239
199240
199241
199242
199243
199244
199245
199246
199247
199248
199249
199250
199251
199252
199253
199254
199255
199256
199257
199258
199259
199260
199261
199262
199263
199264
199265
199266
199267
199268
199269
199270
199271
199272
199273
199274
199275
199276
199277
199278
199279
199280
199281
199282
199283
199284
199285
199286
199287
199288
199289
199290
199291
199292
199293
199294
199295
199296
199297
199298
199299
199300
199301
199302
199303
199304
199305
199306
199307
199308
199309
199310
199311
199312
199313
199314
199315
199316
199317
199318
199319
199320
199321
199322
199323
199324
199325
199326
199327
199328
199329
199330
199331
199332
199333
199334
199335
199336
199337
199338
199339
199340
199341
199342
199343
199344
199345
199346
199347
199348
199349
199350
199351
199352
199353
199354
199355
199356
199357
199358
199359
199360
199361
199362
199363
199364
199365
199366
199367
199368
199369
199370
199371
199372
199373
199374
199375
199376
199377
199378
199379
199380
199381
199382
199383
199384
199385
199386
199387
199388
199389
199390
199391
199392
199393
199394
199395
199396
199397
199398
199399
199400
199401
199402
199403
199404
199405
199406
199407
199408
199409
199410
199411
199412
199413
199414
199415
199416
199417
199418
199419
199420
199421
199422
199423
199424
199425
199426
199427
199428
199429
199430
199431
199432
199433
199434
199435
199436
199437
199438
199439
199440
199441
199442
199443
199444
199445
199446
199447
199448
199449
199450
199451
199452
199453
199454
199455
199456
199457
199458
199459
199460
199461
199462
199463
199464
199465
199466
199467
199468
199469
199470
199471
199472
199473
199474
199475
199476
199477
199478
199479
199480
199481
199482
199483
199484
199485
199486
199487
199488
199489
199490
199491
199492
199493
199494
199495
199496
199497
199498
199499
199500
199501
199502
199503
199504
199505
199506
199507
199508
199509
199510
199511
199512
199513
199514
199515
199516
199517
199518
199519
199520
199521
199522
199523
199524
199525
199526
199527
199528
199529
199530
199531
199532
199533
199534
199535
199536
199537
199538
199539
199540
199541
199542
199543
199544
199545
199546
199547
199548
199549
199550
199551
199552
199553
199554
199555
199556
199557
199558
199559
199560
199561
199562
199563
199564
199565
199566
199567
199568
199569
199570
199571
199572
199573
199574
199575
199576
199577
199578
199579
199580
199581
199582
199583
199584
199585
199586
199587
199588
199589
199590
199591
199592
199593
199594
199595
199596
199597
199598
199599
199600
199601
199602
199603
199604
199605
199606
199607
199608
199609
199610
199611
199612
199613
199614
199615
199616
199617
199618
199619
199620
199621
199622
199623
199624
199625
199626
199627
199628
199629
199630
199631
199632
199633
199634
199635
199636
199637
199638
199639
199640
199641
199642
199643
199644
199645
199646
199647
199648
199649
199650
199651
199652
199653
199654
199655
199656
199657
199658
199659
199660
199661
199662
199663
199664
199665
199666
199667
199668
199669
199670
199671
199672
199673
199674
199675
199676
199677
199678
199679
199680
199681
199682
199683
199684
199685
199686
199687
199688
199689
199690
199691
199692
199693
199694
199695
199696
199697
199698
199699
199700
199701
199702
199703
199704
199705
199706
199707
199708
199709
199710
199711
199712
199713
199714
199715
199716
199717
199718
199719
199720
199721
199722
199723
199724
199725
199726
199727
199728
199729
199730
199731
199732
199733
199734
199735
199736
199737
199738
199739
199740
199741
199742
199743
199744
199745
199746
199747
199748
199749
199750
199751
199752
199753
199754
199755
199756
199757
199758
199759
199760
199761
199762
199763
199764
199765
199766
199767
199768
199769
199770
199771
199772
199773
199774
199775
199776
199777
199778
199779
199780
199781
199782
199783
199784
199785
199786
199787
199788
199789
199790
199791
199792
199793
199794
199795
199796
199797
199798
199799
199800
199801
199802
199803
199804
199805
199806
199807
199808
199809
199810
199811
199812
199813
199814
199815
199816
199817
199818
199819
199820
199821
199822
199823
199824
199825
199826
199827
199828
199829
199830
199831
199832
199833
199834
199835
199836
199837
199838
199839
199840
199841
199842
199843
199844
199845
199846
199847
199848
199849
199850
199851
199852
199853
199854
199855
199856
199857
199858
199859
199860
199861
199862
199863
199864
199865
199866
199867
199868
199869
199870
199871
199872
199873
199874
199875
199876
199877
199878
199879
199880
199881
199882
199883
199884
199885
199886
199887
199888
199889
199890
199891
199892
199893
199894
199895
199896
199897
199898
199899
199900
199901
199902
199903
199904
199905
199906
199907
199908
199909
199910
199911
199912
199913
199914
199915
199916
199917
199918
199919
199920
199921
199922
199923
199924
199925
199926
199927
199928
199929
199930
199931
199932
199933
199934
199935
199936
199937
199938
199939
199940
199941
199942
199943
199944
199945
199946
199947
199948
199949
199950
199951
199952
199953
199954
199955
199956
199957
199958
199959
199960
199961
199962
199963
199964
199965
199966
199967
199968
199969
199970
199971
199972
199973
199974
199975
199976
199977
199978
199979
199980
199981
199982
199983
199984
199985
199986
199987
199988
199989
199990
199991
199992
199993
199994
199995
199996
199997
199998
199999
200000
200001
200002
200003
200004
200005
200006
200007
200008
200009
200010
200011
200012
200013
200014
200015
200016
200017
200018
200019
200020
200021
200022
200023
200024
200025
200026
200027
200028
200029
200030
200031
200032
200033
200034
200035
200036
200037
200038
200039
200040
200041
200042
200043
200044
200045
200046
200047
200048
200049
200050
200051
200052
200053
200054
200055
200056
200057
200058
200059
200060
200061
200062
200063
200064
200065
200066
200067
200068
200069
200070
200071
200072
200073
200074
200075
200076
200077
200078
200079
200080
200081
200082
200083
200084
200085
200086
200087
200088
200089
200090
200091
200092
200093
200094
200095
200096
200097
200098
200099
200100
200101
200102
200103
200104
200105
200106
200107
200108
200109
200110
200111
200112
200113
200114
200115
200116
200117
200118
200119
200120
200121
200122
200123
200124
200125
200126
200127
200128
200129
200130
200131
200132
200133
200134
200135
200136
200137
200138
200139
200140
200141
200142
200143
200144
200145
200146
200147
200148
200149
200150
205497
205498
205499
205500
205501
205502
205503
205504
205505
205506
205507
205508
205509
205510
205511
205512
205513
205514
205578
205579
205580
205581
205582
205583
205584
205585
205586
205587
205588
205589
205590
205591
205592
205593
205594
205595
205596
205597
205598
205599
205600
205601
205602
205603
205604
205605
205606
205607
205608
205609
205610
205611
205612
205613
205614
205615
205616
205617
205618
205619
205620
205621
205622
205623
205624
205625
205626
205627
205628
205629
205630
205631
205632
205633
205634
205635
205636
205637
205638
205639
205640
205641
205642
205643
205644
205645
205646
205647
205648
205649
205650
205651
205652
205653
205654
205655
205656
205657
205658
205659
205660
205661
205662
205663
205664
205665
205666
205667
205668
205669
205670
205671
205672
205673
205674
205675
205676
205677
205678
205679
205680
205681
205682
205683
205684
205685
205686
205687
205688
205689
205690
205691
205692
205693
205694
205695
205696
205697
205698
205699
205700
205701
205702
205703
205704
205705
205706
205707
205708
205709
205710
205711
205712
205713
205714
205715
205716
205717
205718
205719
205720
205721
205722
205723
205724
205725
205726
205727
205728
205729
205730
205731
205732
205733
205734
205735
205736
205737
205738
205739
205740
205741
205742
205743
205744
205745
205746
205747
205748
205749
205750
205751
205752
205753
205754
205755
205756
205757
205758
205759
205760
205761
205762
205763
205764
205765
205766
205767
205768
205769
205770
205771
205772
205773
205774
205775
205776
205777
205778
205779
205780
205781
205782
205783
205784
205785
205786
205787
205788
205789
205790
205791
205792
205793
205794
205795
205796
205797
205798
205799
205800
205801
205802
205803
205804
205805
205806
205807
205808
205809
205810
205811
205812
205813
205814
205815
205816
205817
205818
205819
205820
205821
205822
205823
205824
205825
205826
205827
205828
205829
205830
205831
205832
205833
205834
205835
205836
205837
205838
205839
205840
205841
205842
205843
205844
205845
205846
205847
205848
205849
205850
205851
205852
205853
205854
205855
205856
205857
205858
205859
205860
205861
205862
205863
205864
205865
205866
205867
205868
205869
205870
205871
205872
205873
205874
205875
205876
205877
205878
205879
205880
205881
205882
205883
205884
205885
205886
205887
205888
205889
205890
205891
205892
205893
205894
205895
205896
205897
205898
205899
205900
205901
205902
205903
205904
205905
205906
205907
205908
205909
205910
205911
205912
205913
205914
205915
205916
205917
205918
205919
205920
205921
205922
205923
205924
205925
205926
205927
205928
205929
205930
205931
205932
205933
205934
205935
205936
205937
205938
205939
205940
205941
205942
205943
205944
205945
205946
205947
205948
205949
205950
205951
205952
205953
205954
205955
205956
205957
205958
205959
205960
205961
205962
205963
205964
205965
205966
205967
205968
205969
205970
205971
205972
205973
205974
205975
205976
205977
205978
205979
205980
205981
205982
205983
205984
205985
205986
205987
205988
205989
205990
205991
205992
205993
205994
205995
205996
205997
205998
205999
206000
206001
206002
206003
206004
206005
206006
206007
206008
206009
206010
206011
206012
206013
206014
206015
206016
206017
206018
206019
206020
206021
206022
206023
206024
206025
206026
206027
206028
206029
206030
206031
206032
206033
206034
206035
206036
206037
206038
206039
206040
206041
206042
206043
206044
206045
206046
206047
206048
206049
206050
206051
206052
206053
206054
206055
206056
206057
206058
206059
206060
206061
206062
206063
206064
206065
206066
206067
206068
206069
206070
206071
206072
206073
206074
206075
206076
206077
206078
206079
206080
206081
206082
206083
206084
206085
206086
206087
206088
206089
206090
206091
206092
206093
206094
206095
206096
206097
206098
206099
206100
206101
206102
206103
206104
206105
206106
206107
206108
206109
206110
206111
206112
206113
206114
206115
206116
206117
206118
206119
206120
206121
206122
206123
206124
206125
206126
206127
206128
206129
206130
206131
206132
206133
206134
206135
206136
206137
206138
206139
206140
206141
206142
206143
206144
206145
206146
206147
206148
206149
206150
206151
206152
206153
206154
206155
206156
206157
206158
206159
206160
206161
206162
206163
206164
206165
206166
206167
206168
206169
206170
206171
206172
206173
206174
206175
206176
206177
206178
206179
206180
206181
206182
206183
206184
206185
206186
206187
206188
206189
206190
206191
206192
206193
206194
206195
206196
206197
206198
206199
206200
206201
206202
206203
206204
206205
206206
206207
206208
206209
206210
206211
206212
206213
206214
206215
206216
206217
206218
206219
206220
206221
206222
206223
206224
206225
206226
206227
206228
206229
206230
206231
206232
206233
206234
206235
206236
206237
206238
206239
206240
206241
206242
206243
206244
206245
206246
206247
206248
206249
206250
206251
206252
206253
206254
206255
206256
206257
206258
206259
206260
206261
206262
206263
206264
206265
206266
206267
206268
206269
206270
206271
206272
206273
206274
206275
206276
206277
206278
206279
206280
206281
206282
206283
206284
206285
206286
206287
206288
206289
206290
206291
206292
206293
206294
206295
206296
206297
206298
206299
206300
206301
206302
206303
206304
206305
206306
206307
206308
206309
206310
206311
206312
206313
206314
206315
206316
206317
206318
206319
206320
206321
206322
206323
206324
206325
206326
206327
206328
206329
206330
206331
206332
206333
206334
206335
206336
206337
206338
206339
206340
206341
206342
206343
206344
206345
206346
206347
206348
206349
206350
206351
206352
206353
206354
206355
206356
206357
206358
206359
206360
206361
206362
206363
206364
206365
206366
206367
206368
206369
206370
206371
206372
206373
206374
206375
206376
206377
206378
206379
206380
206381
206382
206383
206384
206385
206386
206387
206388
206389
206390
206391
206392
206393
206394
206395
206396
206397
206398
206399
206400
206401
206402
206403
206404
206405
206406
206407
206408
206409
206410
206411
206412
206413
206414
206415
206416
206417
206418
206419
206420
206421
206422
206423
206424
206425
206426
206427
206428
206429
206430
206431
206432
206433
206434
206435
206436
206437
206438
206439
206440
206441
206442
206443
206444
206445
206446
206447
206448
206449
206450
206451
206452
206453
206454
206455
206456
206457
206458
206459
206460
206461
206462
206463
206464
206465
206466
206467
206468
206469
206470
206471
206472
206473
206474
206475
206476
206477
206478
206479
206480
206481
206482
206483
206484
206485
206486
206487
206488
206489
206490
206491
206492
206493
206494
206495
206496
206497
206498
206499
206500
206501
206502
206503
206504
206505
206506
206507
206508
206509
206510
206511
206512
206513
206514
206515
206516
206517
206518
206519
206520
206521
206522
206523
206524
206525
206526
206527
206528
206529
206530
206531
206532
206533
206534
206535
206536
206537
206538
206539
206540
206541
206542
206543
206544
206545
206546
206547
206548
206549
206550
206551
206552
206553
206554
206555
206556
206557
206558
206559
206560
206561
206562
206563
206564
206565
206566
206567
206568
206569
206570
206571
206572
206573
206574
206575
206576
206577
206578
206579
206580
206581
206582
206583
206584
206585
206586
206587
206588
206589
206590
206591
206592
206593
206594
206595
206596
206597
206598
206599
206600
206601
206602
206603
206604
206605
206606
206607
206608
206609
206610
206611
206612
206613
206614
206615
206616
206617
206618
206619
206620
206621
206622
206623
206624
206625
206626
206627
206628
206629
206630
206631
206632
206633
206634
206635
206636
206637
206638
206639
206640
206641
206642
206643
206644
206645
206646
206647
206648
206649
206650
206651
206652
206653
206654
206655
206656
206657
206658
206659
206660
206661
206662
206663
206664
206665
206666
206667
206668
206669
206670
206671
206672
206673
206674
206675
206676
206677
206678
206679
206680
206681
206682
206683
206684
206685
206686
206687
206688
206689
206690
206691
206692
206693
206694
206695
206696
206697
206698
206699
206700
206701
206702
206703
206704
206705
206706
206707
206708
206709
206710
206711
212058
212059
212060
212061
212062
212063
212064
212065
212066
212067
212068
212069
212070
212071
212072
212073
212074
212075
212076
212139
212140
212141
212142
212143
212144
212145
212146
212147
212148
212149
212150
212151
212152
212153
212154
212155
212156
212157
212158
212159
212160
212161
212162
212163
212164
212165
212166
212167
212168
212169
212170
212171
212172
212173
212174
212175
212176
212177
212178
212179
212180
212181
212182
212183
212184
212185
212186
212187
212188
212189
212190
212191
212192
212193
212194
212195
212196
212197
212198
212199
212200
212201
212202
212203
212204
212205
212206
212207
212208
212209
212210
212211
212212
212213
212214
212215
212216
212217
212218
212219
212220
212221
212222
212223
212224
212225
212226
212227
212228
212229
212230
212231
212232
212233
212234
212235
212236
212237
212238
212239
212240
212241
212242
212243
212244
212245
212246
212247
212248
212249
212250
212251
212252
212253
212254
212255
212256
212257
212258
212259
212260
212261
212262
212263
212264
212265
212266
212267
212268
212269
212270
212271
212272
212273
212274
212275
212276
212277
212278
212279
212280
212281
212282
212283
212284
212285
212286
212287
212288
212289
212290
212291
212292
212293
212294
212295
212296
212297
212298
212299
212300
212301
212302
212303
212304
212305
212306
212307
212308
212309
212310
212311
212312
212313
212314
212315
212316
212317
212318
212319
212320
212321
212322
212323
212324
212325
212326
212327
212328
212329
212330
212331
212332
212333
212334
212335
212336
212337
212338
212339
212340
212341
212342
212343
212344
212345
212346
212347
212348
212349
212350
212351
212352
212353
212354
212355
212356
212357
212358
212359
212360
212361
212362
212363
212364
212365
212366
212367
212368
212369
212370
212371
212372
212373
212374
212375
212376
212377
212378
212379
212380
212381
212382
212383
212384
212385
212386
212387
212388
212389
212390
212391
212392
212393
212394
212395
212396
212397
212398
212399
212400
212401
212402
212403
212404
212405
212406
212407
212408
212409
212410
212411
212412
212413
212414
212415
212416
212417
212418
212419
212420
212421
212422
212423
212424
212425
212426
212427
212428
212429
212430
212431
212432
212433
212434
212435
212436
212437
212438
212439
212440
212441
212442
212443
212444
212445
212446
212447
212448
212449
212450
212451
212452
212453
212454
212455
212456
212457
212458
212459
212460
212461
212462
212463
212464
212465
212466
212467
212468
212469
212470
212471
212472
212473
212474
212475
212476
212477
212478
212479
212480
212481
212482
212483
212484
212485
212486
212487
212488
212489
212490
212491
212492
212493
212494
212495
212496
212497
212498
212499
212500
212501
212502
212503
212504
212505
212506
212507
212508
212509
212510
212511
212512
212513
212514
212515
212516
212517
212518
212519
212520
212521
212522
212523
212524
212525
212526
212527
212528
212529
212530
212531
212532
212533
212534
212535
212536
212537
212538
212539
212540
212541
212542
212543
212544
212545
212546
212547
212548
212549
212550
212551
212552
212553
212554
212555
212556
212557
212558
212559
212560
212561
212562
212563
212564
212565
212566
212567
212568
212569
212570
212571
212572
212573
212574
212575
212576
212577
212578
212579
212580
212581
212582
212583
212584
212585
212586
212587
212588
212589
212590
212591
212592
212593
212594
212595
212596
212597
212598
212599
212600
212601
212602
212603
212604
212605
212606
212607
212608
212609
212610
212611
212612
212613
212614
212615
212616
212617
212618
212619
212620
212621
212622
212623
212624
212625
212626
212627
212628
212629
212630
212631
212632
212633
212634
212635
212636
212637
212638
212639
212640
212641
212642
212643
212644
212645
212646
212647
212648
212649
212650
212651
212652
212653
212654
212655
212656
212657
212658
212659
212660
212661
212662
212663
212664
212665
212666
212667
212668
212669
212670
212671
212672
212673
212674
212675
212676
212677
212678
212679
212680
212681
212682
212683
212684
212685
212686
212687
212688
212689
212690
212691
212692
212693
212694
212695
212696
212697
212698
212699
212700
212701
212702
212703
212704
212705
212706
212707
212708
212709
212710
212711
212712
212713
212714
212715
212716
212717
212718
212719
212720
212721
212722
212723
212724
212725
212726
212727
212728
212729
212730
212731
212732
212733
212734
212735
212736
212737
212738
212739
212740
212741
212742
212743
212744
212745
212746
212747
212748
212749
212750
212751
212752
212753
212754
212755
212756
212757
212758
212759
212760
212761
212762
212763
212764
212765
212766
212767
212768
212769
212770
212771
212772
212773
212774
212775
212776
212777
212778
212779
212780
212781
212782
212783
212784
212785
212786
212787
212788
212789
212790
212791
212792
212793
212794
212795
212796
212797
212798
212799
212800
212801
212802
212803
212804
212805
212806
212807
212808
212809
212810
212811
212812
212813
212814
212815
212816
212817
212818
212819
212820
212821
212822
212823
212824
212825
212826
212827
212828
212829
212830
212831
212832
212833
212834
212835
212836
212837
212838
212839
212840
212841
212842
212843
212844
212845
212846
212847
212848
212849
212850
212851
212852
212853
212854
212855
212856
212857
212858
212859
212860
212861
212862
212863
212864
212865
212866
212867
212868
212869
212870
212871
212872
212873
212874
212875
212876
212877
212878
212879
212880
212881
212882
212883
212884
212885
212886
212887
212888
212889
212890
212891
212892
212893
212894
212895
212896
212897
212898
212899
212900
212901
212902
212903
212904
212905
212906
212907
212908
212909
212910
212911
212912
212913
212914
212915
212916
212917
212918
212919
212920
212921
212922
212923
212924
212925
212926
212927
212928
212929
212930
212931
212932
212933
212934
212935
212936
212937
212938
212939
212940
212941
212942
212943
212944
212945
212946
212947
212948
212949
212950
212951
212952
212953
212954
212955
212956
212957
212958
212959
212960
212961
212962
212963
212964
212965
212966
212967
212968
212969
212970
212971
212972
212973
212974
212975
212976
212977
212978
212979
212980
212981
212982
212983
212984
212985
212986
212987
212988
212989
212990
212991
212992
212993
212994
212995
212996
212997
212998
212999
213000
213001
213002
213003
213004
213005
213006
213007
213008
213009
213010
213011
213012
213013
213014
213015
213016
213017
213018
213019
213020
213021
213022
213023
213024
213025
213026
213027
213028
213029
213030
213031
213032
213033
213034
213035
213036
213037
213038
213039
213040
213041
213042
213043
213044
213045
213046
213047
213048
213049
213050
213051
213052
213053
213054
213055
213056
213057
213058
213059
213060
213061
213062
213063
213064
213065
213066
213067
213068
213069
213070
213071
213072
213073
213074
213075
213076
213077
213078
213079
213080
213081
213082
213083
213084
213085
213086
213087
213088
213089
213090
213091
213092
213093
213094
213095
213096
213097
213098
213099
213100
213101
213102
213103
213104
213105
213106
213107
213108
213109
213110
213111
213112
213113
213114
213115
213116
213117
213118
213119
213120
213121
213122
213123
213124
213125
213126
213127
213128
213129
213130
213131
213132
213133
213134
213135
213136
213137
213138
213139
213140
213141
213142
213143
213144
213145
213146
213147
213148
213149
213150
213151
213152
213153
213154
213155
213156
213157
213158
213159
213160
213161
213162
213163
213164
213165
213166
213167
213168
213169
213170
213171
213172
213173
213174
213175
213176
213177
213178
213179
213180
213181
213182
213183
213184
213185
213186
213187
213188
213189
213190
213191
213192
213193
213194
213195
213196
213197
213198
213199
213200
213201
213202
213203
213204
213205
213206
213207
213208
213209
213210
213211
213212
213213
213214
213215
213216
213217
213218
213219
213220
213221
213222
213223
213224
213225
213226
213227
213228
213229
213230
213231
213232
213233
213234
213235
213236
213237
213238
213239
213240
213241
213242
213243
213244
213245
213246
213247
213248
213249
213250
213251
213252
213253
213254
213255
213256
213257
213258
213259
213260
213261
213262
213263
213264
213265
213266
213267
213268
213269
213270
213271
213272
218619
218620
218621
218622
218623
218624
218625
218626
218627
218628
218629
218630
218631
218632
218633
218634
218635
218636
218637
218638
218700
218701
218702
218703
218704
218705
218706
218707
218708
218709
218710
218711
218712
218713
218714
218715
218716
218717
218718
218719
218720
218721
218722
218723
218724
218725
218726
218727
218728
218729
218730
218731
218732
218733
218734
218735
218736
218737
218738
218739
218740
218741
218742
218743
218744
218745
218746
218747
218748
218749
218750
218751
218752
218753
218754
218755
218756
218757
218758
218759
218760
218761
218762
218763
218764
218765
218766
218767
218768
218769
218770
218771
218772
218773
218774
218775
218776
218777
218778
218779
218780
218781
218782
218783
218784
218785
218786
218787
218788
218789
218790
218791
218792
218793
218794
218795
218796
218797
218798
218799
218800
218801
218802
218803
218804
218805
218806
218807
218808
218809
218810
218811
218812
218813
218814
218815
218816
218817
218818
218819
218820
218821
218822
218823
218824
218825
218826
218827
218828
218829
218830
218831
218832
218833
218834
218835
218836
218837
218838
218839
218840
218841
218842
218843
218844
218845
218846
218847
218848
218849
218850
218851
218852
218853
218854
218855
218856
218857
218858
218859
218860
218861
218862
218863
218864
218865
218866
218867
218868
218869
218870
218871
218872
218873
218874
218875
218876
218877
218878
218879
218880
218881
218882
218883
218884
218885
218886
218887
218888
218889
218890
218891
218892
218893
218894
218895
218896
218897
218898
218899
218900
218901
218902
218903
218904
218905
218906
218907
218908
218909
218910
218911
218912
218913
218914
218915
218916
218917
218918
218919
218920
218921
218922
218923
218924
218925
218926
218927
218928
218929
218930
218931
218932
218933
218934
218935
218936
218937
218938
218939
218940
218941
218942
218943
218944
218945
218946
218947
218948
218949
218950
218951
218952
218953
218954
218955
218956
218957
218958
218959
218960
218961
218962
218963
218964
218965
218966
218967
218968
218969
218970
218971
218972
218973
218974
218975
218976
218977
218978
218979
218980
218981
218982
218983
218984
218985
218986
218987
218988
218989
218990
218991
218992
218993
218994
218995
218996
218997
218998
218999
219000
219001
219002
219003
219004
219005
219006
219007
219008
219009
219010
219011
219012
219013
219014
219015
219016
219017
219018
219019
219020
219021
219022
219023
219024
219025
219026
219027
219028
219029
219030
219031
219032
219033
219034
219035
219036
219037
219038
219039
219040
219041
219042
219043
219044
219045
219046
219047
219048
219049
219050
219051
219052
219053
219054
219055
219056
219057
219058
219059
219060
219061
219062
219063
219064
219065
219066
219067
219068
219069
219070
219071
219072
219073
219074
219075
219076
219077
219078
219079
219080
219081
219082
219083
219084
219085
219086
219087
219088
219089
219090
219091
219092
219093
219094
219095
219096
219097
219098
219099
219100
219101
219102
219103
219104
219105
219106
219107
219108
219109
219110
219111
219112
219113
219114
219115
219116
219117
219118
219119
219120
219121
219122
219123
219124
219125
219126
219127
219128
219129
219130
219131
219132
219133
219134
219135
219136
219137
219138
219139
219140
219141
219142
219143
219144
219145
219146
219147
219148
219149
219150
219151
219152
219153
219154
219155
219156
219157
219158
219159
219160
219161
219162
219163
219164
219165
219166
219167
219168
219169
219170
219171
219172
219173
219174
219175
219176
219177
219178
219179
219180
219181
219182
219183
219184
219185
219186
219187
219188
219189
219190
219191
219192
219193
219194
219195
219196
219197
219198
219199
219200
219201
219202
219203
219204
219205
219206
219207
219208
219209
219210
219211
219212
219213
219214
219215
219216
219217
219218
219219
219220
219221
219222
219223
219224
219225
219226
219227
219228
219229
219230
219231
219232
219233
219234
219235
219236
219237
219238
219239
219240
219241
219242
219243
219244
219245
219246
219247
219248
219249
219250
219251
219252
219253
219254
219255
219256
219257
219258
219259
219260
219261
219262
219263
219264
219265
219266
219267
219268
219269
219270
219271
219272
219273
219274
219275
219276
219277
219278
219279
219280
219281
219282
219283
219284
219285
219286
219287
219288
219289
219290
219291
219292
219293
219294
219295
219296
219297
219298
219299
219300
219301
219302
219303
219304
219305
219306
219307
219308
219309
219310
219311
219312
219313
219314
219315
219316
219317
219318
219319
219320
219321
219322
219323
219324
219325
219326
219327
219328
219329
219330
219331
219332
219333
219334
219335
219336
219337
219338
219339
219340
219341
219342
219343
219344
219345
219346
219347
219348
219349
219350
219351
219352
219353
219354
219355
219356
219357
219358
219359
219360
219361
219362
219363
219364
219365
219366
219367
219368
219369
219370
219371
219372
219373
219374
219375
219376
219377
219378
219379
219380
219381
219382
219383
219384
219385
219386
219387
219388
219389
219390
219391
219392
219393
219394
219395
219396
219397
219398
219399
219400
219401
219402
219403
219404
219405
219406
219407
219408
219409
219410
219411
219412
219413
219414
219415
219416
219417
219418
219419
219420
219421
219422
219423
219424
219425
219426
219427
219428
219429
219430
219431
219432
219433
219434
219435
219436
219437
219438
219439
219440
219441
219442
219443
219444
219445
219446
219447
219448
219449
219450
219451
219452
219453
219454
219455
219456
219457
219458
219459
219460
219461
219462
219463
219464
219465
219466
219467
219468
219469
219470
219471
219472
219473
219474
219475
219476
219477
219478
219479
219480
219481
219482
219483
219484
219485
219486
219487
219488
219489
219490
219491
219492
219493
219494
219495
219496
219497
219498
219499
219500
219501
219502
219503
219504
219505
219506
219507
219508
219509
219510
219511
219512
219513
219514
219515
219516
219517
219518
219519
219520
219521
219522
219523
219524
219525
219526
219527
219528
219529
219530
219531
219532
219533
219534
219535
219536
219537
219538
219539
219540
219541
219542
219543
219544
219545
219546
219547
219548
219549
219550
219551
219552
219553
219554
219555
219556
219557
219558
219559
219560
219561
219562
219563
219564
219565
219566
219567
219568
219569
219570
219571
219572
219573
219574
219575
219576
219577
219578
219579
219580
219581
219582
219583
219584
219585
219586
219587
219588
219589
219590
219591
219592
219593
219594
219595
219596
219597
219598
219599
219600
219601
219602
219603
219604
219605
219606
219607
219608
219609
219610
219611
219612
219613
219614
219615
219616
219617
219618
219619
219620
219621
219622
219623
219624
219625
219626
219627
219628
219629
219630
219631
219632
219633
219634
219635
219636
219637
219638
219639
219640
219641
219642
219643
219644
219645
219646
219647
219648
219649
219650
219651
219652
219653
219654
219655
219656
219657
219658
219659
219660
219661
219662
219663
219664
219665
219666
219667
219668
219669
219670
219671
219672
219673
219674
219675
219676
219677
219678
219679
219680
219681
219682
219683
219684
219685
219686
219687
219688
219689
219690
219691
219692
219693
219694
219695
219696
219697
219698
219699
219700
219701
219702
219703
219704
219705
219706
219707
219708
219709
219710
219711
219712
219713
219714
219715
219716
219717
219718
219719
219720
219721
219722
219723
219724
219725
219726
219727
219728
219729
219730
219731
219732
219733
219734
219735
219736
219737
219738
219739
219740
219741
219742
219743
219744
219745
219746
219747
219748
219749
219750
219751
219752
219753
219754
219755
219756
219757
219758
219759
219760
219761
219762
219763
219764
219765
219766
219767
219768
219769
219770
219771
219772
219773
219774
219775
219776
219777
219778
219779
219780
219781
219782
219783
219784
219785
219786
219787
219788
219789
219790
219791
219792
219793
219794
219795
219796
219797
219798
219799
219800
219801
219802
219803
219804
219805
219806
219807
219808
219809
219810
219811
219812
219813
219814
219815
219816
219817
219818
219819
219820
219821
219822
219823
219824
219825
219826
219827
219828
219829
219830
219831
219832
219833
225180
225181
225182
225183
225184
225185
225186
225187
225188
225189
225190
225191
225192
225193
225194
225195
225196
225197
225198
225199
225200
225261
225262
225263
225264
225265
225266
225267
225268
225269
225270
225271
225272
225273
225274
225275
225276
225277
225278
225279
225280
225281
225282
225283
225284
225285
225286
225287
225288
225289
225290
225291
225292
225293
225294
225295
225296
225297
225298
225299
225300
225301
225302
225303
225304
225305
225306
225307
225308
225309
225310
225311
225312
225313
225314
225315
225316
225317
225318
225319
225320
225321
225322
225323
225324
225325
225326
225327
225328
225329
225330
225331
225332
225333
225334
225335
225336
225337
225338
225339
225340
225341
225342
225343
225344
225345
225346
225347
225348
225349
225350
225351
225352
225353
225354
225355
225356
225357
225358
225359
225360
225361
225362
225363
225364
225365
225366
225367
225368
225369
225370
225371
225372
225373
225374
225375
225376
225377
225378
225379
225380
225381
225382
225383
225384
225385
225386
225387
225388
225389
225390
225391
225392
225393
225394
225395
225396
225397
225398
225399
225400
225401
225402
225403
225404
225405
225406
225407
225408
225409
225410
225411
225412
225413
225414
225415
225416
225417
225418
225419
225420
225421
225422
225423
225424
225425
225426
225427
225428
225429
225430
225431
225432
225433
225434
225435
225436
225437
225438
225439
225440
225441
225442
225443
225444
225445
225446
225447
225448
225449
225450
225451
225452
225453
225454
225455
225456
225457
225458
225459
225460
225461
225462
225463
225464
225465
225466
225467
225468
225469
225470
225471
225472
225473
225474
225475
225476
225477
225478
225479
225480
225481
225482
225483
225484
225485
225486
225487
225488
225489
225490
225491
225492
225493
225494
225495
225496
225497
225498
225499
225500
225501
225502
225503
225504
225505
225506
225507
225508
225509
225510
225511
225512
225513
225514
225515
225516
225517
225518
225519
225520
225521
225522
225523
225524
225525
225526
225527
225528
225529
225530
225531
225532
225533
225534
225535
225536
225537
225538
225539
225540
225541
225542
225543
225544
225545
225546
225547
225548
225549
225550
225551
225552
225553
225554
225555
225556
225557
225558
225559
225560
225561
225562
225563
225564
225565
225566
225567
225568
225569
225570
225571
225572
225573
225574
225575
225576
225577
225578
225579
225580
225581
225582
225583
225584
225585
225586
225587
225588
225589
225590
225591
225592
225593
225594
225595
225596
225597
225598
225599
225600
225601
225602
225603
225604
225605
225606
225607
225608
225609
225610
225611
225612
225613
225614
225615
225616
225617
225618
225619
225620
225621
225622
225623
225624
225625
225626
225627
225628
225629
225630
225631
225632
225633
225634
225635
225636
225637
225638
225639
225640
225641
225642
225643
225644
225645
225646
225647
225648
225649
225650
225651
225652
225653
225654
225655
225656
225657
225658
225659
225660
225661
225662
225663
225664
225665
225666
225667
225668
225669
225670
225671
225672
225673
225674
225675
225676
225677
225678
225679
225680
225681
225682
225683
225684
225685
225686
225687
225688
225689
225690
225691
225692
225693
225694
225695
225696
225697
225698
225699
225700
225701
225702
225703
225704
225705
225706
225707
225708
225709
225710
225711
225712
225713
225714
225715
225716
225717
225718
225719
225720
225721
225722
225723
225724
225725
225726
225727
225728
225729
225730
225731
225732
225733
225734
225735
225736
225737
225738
225739
225740
225741
225742
225743
225744
225745
225746
225747
225748
225749
225750
225751
225752
225753
225754
225755
225756
225757
225758
225759
225760
225761
225762
225763
225764
225765
225766
225767
225768
225769
225770
225771
225772
225773
225774
225775
225776
225777
225778
225779
225780
225781
225782
225783
225784
225785
225786
225787
225788
225789
225790
225791
225792
225793
225794
225795
225796
225797
225798
225799
225800
225801
225802
225803
225804
225805
225806
225807
225808
225809
225810
225811
225812
225813
225814
225815
225816
225817
225818
225819
225820
225821
225822
225823
225824
225825
225826
225827
225828
225829
225830
225831
225832
225833
225834
225835
225836
225837
225838
225839
225840
225841
225842
225843
225844
225845
225846
225847
225848
225849
225850
225851
225852
225853
225854
225855
225856
225857
225858
225859
225860
225861
225862
225863
225864
225865
225866
225867
225868
225869
225870
225871
225872
225873
225874
225875
225876
225877
225878
225879
225880
225881
225882
225883
225884
225885
225886
225887
225888
225889
225890
225891
225892
225893
225894
225895
225896
225897
225898
225899
225900
225901
225902
225903
225904
225905
225906
225907
225908
225909
225910
225911
225912
225913
225914
225915
225916
225917
225918
225919
225920
225921
225922
225923
225924
225925
225926
225927
225928
225929
225930
225931
225932
225933
225934
225935
225936
225937
225938
225939
225940
225941
225942
225943
225944
225945
225946
225947
225948
225949
225950
225951
225952
225953
225954
225955
225956
225957
225958
225959
225960
225961
225962
225963
225964
225965
225966
225967
225968
225969
225970
225971
225972
225973
225974
225975
225976
225977
225978
225979
225980
225981
225982
225983
225984
225985
225986
225987
225988
225989
225990
225991
225992
225993
225994
225995
225996
225997
225998
225999
226000
226001
226002
226003
226004
226005
226006
226007
226008
226009
226010
226011
226012
226013
226014
226015
226016
226017
226018
226019
226020
226021
226022
226023
226024
226025
226026
226027
226028
226029
226030
226031
226032
226033
226034
226035
226036
226037
226038
226039
226040
226041
226042
226043
226044
226045
226046
226047
226048
226049
226050
226051
226052
226053
226054
226055
226056
226057
226058
226059
226060
226061
226062
226063
226064
226065
226066
226067
226068
226069
226070
226071
226072
226073
226074
226075
226076
226077
226078
226079
226080
226081
226082
226083
226084
226085
226086
226087
226088
226089
226090
226091
226092
226093
226094
226095
226096
226097
226098
226099
226100
226101
226102
226103
226104
226105
226106
226107
226108
226109
226110
226111
226112
226113
226114
226115
226116
226117
226118
226119
226120
226121
226122
226123
226124
226125
226126
226127
226128
226129
226130
226131
226132
226133
226134
226135
226136
226137
226138
226139
226140
226141
226142
226143
226144
226145
226146
226147
226148
226149
226150
226151
226152
226153
226154
226155
226156
226157
226158
226159
226160
226161
226162
226163
226164
226165
226166
226167
226168
226169
226170
226171
226172
226173
226174
226175
226176
226177
226178
226179
226180
226181
226182
226183
226184
226185
226186
226187
226188
226189
226190
226191
226192
226193
226194
226195
226196
226197
226198
226199
226200
226201
226202
226203
226204
226205
226206
226207
226208
226209
226210
226211
226212
226213
226214
226215
226216
226217
226218
226219
226220
226221
226222
226223
226224
226225
226226
226227
226228
226229
226230
226231
226232
226233
226234
226235
226236
226237
226238
226239
226240
226241
226242
226243
226244
226245
226246
226247
226248
226249
226250
226251
226252
226253
226254
226255
226256
226257
226258
226259
226260
226261
226262
226263
226264
226265
226266
226267
226268
226269
226270
226271
226272
226273
226274
226275
226276
226277
226278
226279
226280
226281
226282
226283
226284
226285
226286
226287
226288
226289
226290
226291
226292
226293
226294
226295
226296
226297
226298
226299
226300
226301
226302
226303
226304
226305
226306
226307
226308
226309
226310
226311
226312
226313
226314
226315
226316
226317
226318
226319
226320
226321
226322
226323
226324
226325
226326
226327
226328
226329
226330
226331
226332
226333
226334
226335
226336
226337
226338
226339
226340
226341
226342
226343
226344
226345
226346
226347
226348
226349
226350
226351
226352
226353
226354
226355
226356
226357
226358
226359
226360
226361
226362
226363
226364
226365
226366
226367
226368
226369
226370
226371
226372
226373
226374
226375
226376
226377
226378
226379
226380
226381
226382
226383
226384
226385
226386
226387
226388
226389
226390
226391
226392
226393
226394
231741
231742
231743
231744
231745
231746
231747
231748
231749
231750
231751
231752
231753
231754
231755
231756
231757
231758
231759
231760
231761
231762
231822
231823
231824
231825
231826
231827
231828
231829
231830
231831
231832
231833
231834
231835
231836
231837
231838
231839
231840
231841
231842
231843
231844
231845
231846
231847
231848
231849
231850
231851
231852
231853
231854
231855
231856
231857
231858
231859
231860
231861
231862
231863
231864
231865
231866
231867
231868
231869
231870
231871
231872
231873
231874
231875
231876
231877
231878
231879
231880
231881
231882
231883
231884
231885
231886
231887
231888
231889
231890
231891
231892
231893
231894
231895
231896
231897
231898
231899
231900
231901
231902
231903
231904
231905
231906
231907
231908
231909
231910
231911
231912
231913
231914
231915
231916
231917
231918
231919
231920
231921
231922
231923
231924
231925
231926
231927
231928
231929
231930
231931
231932
231933
231934
231935
231936
231937
231938
231939
231940
231941
231942
231943
231944
231945
231946
231947
231948
231949
231950
231951
231952
231953
231954
231955
231956
231957
231958
231959
231960
231961
231962
231963
231964
231965
231966
231967
231968
231969
231970
231971
231972
231973
231974
231975
231976
231977
231978
231979
231980
231981
231982
231983
231984
231985
231986
231987
231988
231989
231990
231991
231992
231993
231994
231995
231996
231997
231998
231999
232000
232001
232002
232003
232004
232005
232006
232007
232008
232009
232010
232011
232012
232013
232014
232015
232016
232017
232018
232019
232020
232021
232022
232023
232024
232025
232026
232027
232028
232029
232030
232031
232032
232033
232034
232035
232036
232037
232038
232039
232040
232041
232042
232043
232044
232045
232046
232047
232048
232049
232050
232051
232052
232053
232054
232055
232056
232057
232058
232059
232060
232061
232062
232063
232064
232065
232066
232067
232068
232069
232070
232071
232072
232073
232074
232075
232076
232077
232078
232079
232080
232081
232082
232083
232084
232085
232086
232087
232088
232089
232090
232091
232092
232093
232094
232095
232096
232097
232098
232099
232100
232101
232102
232103
232104
232105
232106
232107
232108
232109
232110
232111
232112
232113
232114
232115
232116
232117
232118
232119
232120
232121
232122
232123
232124
232125
232126
232127
232128
232129
232130
232131
232132
232133
232134
232135
232136
232137
232138
232139
232140
232141
232142
232143
232144
232145
232146
232147
232148
232149
232150
232151
232152
232153
232154
232155
232156
232157
232158
232159
232160
232161
232162
232163
232164
232165
232166
232167
232168
232169
232170
232171
232172
232173
232174
232175
232176
232177
232178
232179
232180
232181
232182
232183
232184
232185
232186
232187
232188
232189
232190
232191
232192
232193
232194
232195
232196
232197
232198
232199
232200
232201
232202
232203
232204
232205
232206
232207
232208
232209
232210
232211
232212
232213
232214
232215
232216
232217
232218
232219
232220
232221
232222
232223
232224
232225
232226
232227
232228
232229
232230
232231
232232
232233
232234
232235
232236
232237
232238
232239
232240
232241
232242
232243
232244
232245
232246
232247
232248
232249
232250
232251
232252
232253
232254
232255
232256
232257
232258
232259
232260
232261
232262
232263
232264
232265
232266
232267
232268
232269
232270
232271
232272
232273
232274
232275
232276
232277
232278
232279
232280
232281
232282
232283
232284
232285
232286
232287
232288
232289
232290
232291
232292
232293
232294
232295
232296
232297
232298
232299
232300
232301
232302
232303
232304
232305
232306
232307
232308
232309
232310
232311
232312
232313
232314
232315
232316
232317
232318
232319
232320
232321
232322
232323
232324
232325
232326
232327
232328
232329
232330
232331
232332
232333
232334
232335
232336
232337
232338
232339
232340
232341
232342
232343
232344
232345
232346
232347
232348
232349
232350
232351
232352
232353
232354
232355
232356
232357
232358
232359
232360
232361
232362
232363
232364
232365
232366
232367
232368
232369
232370
232371
232372
232373
232374
232375
232376
232377
232378
232379
232380
232381
232382
232383
232384
232385
232386
232387
232388
232389
232390
232391
232392
232393
232394
232395
232396
232397
232398
232399
232400
232401
232402
232403
232404
232405
232406
232407
232408
232409
232410
232411
232412
232413
232414
232415
232416
232417
232418
232419
232420
232421
232422
232423
232424
232425
232426
232427
232428
232429
232430
232431
232432
232433
232434
232435
232436
232437
232438
232439
232440
232441
232442
232443
232444
232445
232446
232447
232448
232449
232450
232451
232452
232453
232454
232455
232456
232457
232458
232459
232460
232461
232462
232463
232464
232465
232466
232467
232468
232469
232470
232471
232472
232473
232474
232475
232476
232477
232478
232479
232480
232481
232482
232483
232484
232485
232486
232487
232488
232489
232490
232491
232492
232493
232494
232495
232496
232497
232498
232499
232500
232501
232502
232503
232504
232505
232506
232507
232508
232509
232510
232511
232512
232513
232514
232515
232516
232517
232518
232519
232520
232521
232522
232523
232524
232525
232526
232527
232528
232529
232530
232531
232532
232533
232534
232535
232536
232537
232538
232539
232540
232541
232542
232543
232544
232545
232546
232547
232548
232549
232550
232551
232552
232553
232554
232555
232556
232557
232558
232559
232560
232561
232562
232563
232564
232565
232566
232567
232568
232569
232570
232571
232572
232573
232574
232575
232576
232577
232578
232579
232580
232581
232582
232583
232584
232585
232586
232587
232588
232589
232590
232591
232592
232593
232594
232595
232596
232597
232598
232599
232600
232601
232602
232603
232604
232605
232606
232607
232608
232609
232610
232611
232612
232613
232614
232615
232616
232617
232618
232619
232620
232621
232622
232623
232624
232625
232626
232627
232628
232629
232630
232631
232632
232633
232634
232635
232636
232637
232638
232639
232640
232641
232642
232643
232644
232645
232646
232647
232648
232649
232650
232651
232652
232653
232654
232655
232656
232657
232658
232659
232660
232661
232662
232663
232664
232665
232666
232667
232668
232669
232670
232671
232672
232673
232674
232675
232676
232677
232678
232679
232680
232681
232682
232683
232684
232685
232686
232687
232688
232689
232690
232691
232692
232693
232694
232695
232696
232697
232698
232699
232700
232701
232702
232703
232704
232705
232706
232707
232708
232709
232710
232711
232712
232713
232714
232715
232716
232717
232718
232719
232720
232721
232722
232723
232724
232725
232726
232727
232728
232729
232730
232731
232732
232733
232734
232735
232736
232737
232738
232739
232740
232741
232742
232743
232744
232745
232746
232747
232748
232749
232750
232751
232752
232753
232754
232755
232756
232757
232758
232759
232760
232761
232762
232763
232764
232765
232766
232767
232768
232769
232770
232771
232772
232773
232774
232775
232776
232777
232778
232779
232780
232781
232782
232783
232784
232785
232786
232787
232788
232789
232790
232791
232792
232793
232794
232795
232796
232797
232798
232799
232800
232801
232802
232803
232804
232805
232806
232807
232808
232809
232810
232811
232812
232813
232814
232815
232816
232817
232818
232819
232820
232821
232822
232823
232824
232825
232826
232827
232828
232829
232830
232831
232832
232833
232834
232835
232836
232837
232838
232839
232840
232841
232842
232843
232844
232845
232846
232847
232848
232849
232850
232851
232852
232853
232854
232855
232856
232857
232858
232859
232860
232861
232862
232863
232864
232865
232866
232867
232868
232869
232870
232871
232872
232873
232874
232875
232876
232877
232878
232879
232880
232881
232882
232883
232884
232885
232886
232887
232888
232889
232890
232891
232892
232893
232894
232895
232896
232897
232898
232899
232900
232901
232902
232903
232904
232905
232906
232907
232908
232909
232910
232911
232912
232913
232914
232915
232916
232917
232918
232919
232920
232921
232922
232923
232924
232925
232926
232927
232928
232929
232930
232931
232932
232933
232934
232935
232936
232937
232938
232939
232940
232941
232942
232943
232944
232945
232946
232947
232948
232949
232950
232951
232952
232953
232954
232955
238302
238303
238304
238305
238306
238307
238308
238309
238310
238311
238312
238313
238314
238315
238316
238317
238318
238319
238320
238321
238322
238323
238324
238383
238384
238385
238386
238387
238388
238389
238390
238391
238392
238393
238394
238395
238396
238397
238398
238399
238400
238401
238402
238403
238404
238405
238406
238407
238408
238409
238410
238411
238412
238413
238414
238415
238416
238417
238418
238419
238420
238421
238422
238423
238424
238425
238426
238427
238428
238429
238430
238431
238432
238433
238434
238435
238436
238437
238438
238439
238440
238441
238442
238443
238444
238445
238446
238447
238448
238449
238450
238451
238452
238453
238454
238455
238456
238457
238458
238459
238460
238461
238462
238463
238464
238465
238466
238467
238468
238469
238470
238471
238472
238473
238474
238475
238476
238477
238478
238479
238480
238481
238482
238483
238484
238485
238486
238487
238488
238489
238490
238491
238492
238493
238494
238495
238496
238497
238498
238499
238500
238501
238502
238503
238504
238505
238506
238507
238508
238509
238510
238511
238512
238513
238514
238515
238516
238517
238518
238519
238520
238521
238522
238523
238524
238525
238526
238527
238528
238529
238530
238531
238532
238533
238534
238535
238536
238537
238538
238539
238540
238541
238542
238543
238544
238545
238546
238547
238548
238549
238550
238551
238552
238553
238554
238555
238556
238557
238558
238559
238560
238561
238562
238563
238564
238565
238566
238567
238568
238569
238570
238571
238572
238573
238574
238575
238576
238577
238578
238579
238580
238581
238582
238583
238584
238585
238586
238587
238588
238589
238590
238591
238592
238593
238594
238595
238596
238597
238598
238599
238600
238601
238602
238603
238604
238605
238606
238607
238608
238609
238610
238611
238612
238613
238614
238615
238616
238617
238618
238619
238620
238621
238622
238623
238624
238625
238626
238627
238628
238629
238630
238631
238632
238633
238634
238635
238636
238637
238638
238639
238640
238641
238642
238643
238644
238645
238646
238647
238648
238649
238650
238651
238652
238653
238654
238655
238656
238657
238658
238659
238660
238661
238662
238663
238664
238665
238666
238667
238668
238669
238670
238671
238672
238673
238674
238675
238676
238677
238678
238679
238680
238681
238682
238683
238684
238685
238686
238687
238688
238689
238690
238691
238692
238693
238694
238695
238696
238697
238698
238699
238700
238701
238702
238703
238704
238705
238706
238707
238708
238709
238710
238711
238712
238713
238714
238715
238716
238717
238718
238719
238720
238721
238722
238723
238724
238725
238726
238727
238728
238729
238730
238731
238732
238733
238734
238735
238736
238737
238738
238739
238740
238741
238742
238743
238744
238745
238746
238747
238748
238749
238750
238751
238752
238753
238754
238755
238756
238757
238758
238759
238760
238761
238762
238763
238764
238765
238766
238767
238768
238769
238770
238771
238772
238773
238774
238775
238776
238777
238778
238779
238780
238781
238782
238783
238784
238785
238786
238787
238788
238789
238790
238791
238792
238793
238794
238795
238796
238797
238798
238799
238800
238801
238802
238803
238804
238805
238806
238807
238808
238809
238810
238811
238812
238813
238814
238815
238816
238817
238818
238819
238820
238821
238822
238823
238824
238825
238826
238827
238828
238829
238830
238831
238832
238833
238834
238835
238836
238837
238838
238839
238840
238841
238842
238843
238844
238845
238846
238847
238848
238849
238850
238851
238852
238853
238854
238855
238856
238857
238858
238859
238860
238861
238862
238863
238864
238865
238866
238867
238868
238869
238870
238871
238872
238873
238874
238875
238876
238877
238878
238879
238880
238881
238882
238883
238884
238885
238886
238887
238888
238889
238890
238891
238892
238893
238894
238895
238896
238897
238898
238899
238900
238901
238902
238903
238904
238905
238906
238907
238908
238909
238910
238911
238912
238913
238914
238915
238916
238917
238918
238919
238920
238921
238922
238923
238924
238925
238926
238927
238928
238929
238930
238931
238932
238933
238934
238935
238936
238937
238938
238939
238940
238941
238942
238943
238944
238945
238946
238947
238948
238949
238950
238951
238952
238953
238954
238955
238956
238957
238958
238959
238960
238961
238962
238963
238964
238965
238966
238967
238968
238969
238970
238971
238972
238973
238974
238975
238976
238977
238978
238979
238980
238981
238982
238983
238984
238985
238986
238987
238988
238989
238990
238991
238992
238993
238994
238995
238996
238997
238998
238999
239000
239001
239002
239003
239004
239005
239006
239007
239008
239009
239010
239011
239012
239013
239014
239015
239016
239017
239018
239019
239020
239021
239022
239023
239024
239025
239026
239027
239028
239029
239030
239031
239032
239033
239034
239035
239036
239037
239038
239039
239040
239041
239042
239043
239044
239045
239046
239047
239048
239049
239050
239051
239052
239053
239054
239055
239056
239057
239058
239059
239060
239061
239062
239063
239064
239065
239066
239067
239068
239069
239070
239071
239072
239073
239074
239075
239076
239077
239078
239079
239080
239081
239082
239083
239084
239085
239086
239087
239088
239089
239090
239091
239092
239093
239094
239095
239096
239097
239098
239099
239100
239101
239102
239103
239104
239105
239106
239107
239108
239109
239110
239111
239112
239113
239114
239115
239116
239117
239118
239119
239120
239121
239122
239123
239124
239125
239126
239127
239128
239129
239130
239131
239132
239133
239134
239135
239136
239137
239138
239139
239140
239141
239142
239143
239144
239145
239146
239147
239148
239149
239150
239151
239152
239153
239154
239155
239156
239157
239158
239159
239160
239161
239162
239163
239164
239165
239166
239167
239168
239169
239170
239171
239172
239173
239174
239175
239176
239177
239178
239179
239180
239181
239182
239183
239184
239185
239186
239187
239188
239189
239190
239191
239192
239193
239194
239195
239196
239197
239198
239199
239200
239201
239202
239203
239204
239205
239206
239207
239208
239209
239210
239211
239212
239213
239214
239215
239216
239217
239218
239219
239220
239221
239222
239223
239224
239225
239226
239227
239228
239229
239230
239231
239232
239233
239234
239235
239236
239237
239238
239239
239240
239241
239242
239243
239244
239245
239246
239247
239248
239249
239250
239251
239252
239253
239254
239255
239256
239257
239258
239259
239260
239261
239262
239263
239264
239265
239266
239267
239268
239269
239270
239271
239272
239273
239274
239275
239276
239277
239278
239279
239280
239281
239282
239283
239284
239285
239286
239287
239288
239289
239290
239291
239292
239293
239294
239295
239296
239297
239298
239299
239300
239301
239302
239303
239304
239305
239306
239307
239308
239309
239310
239311
239312
239313
239314
239315
239316
239317
239318
239319
239320
239321
239322
239323
239324
239325
239326
239327
239328
239329
239330
239331
239332
239333
239334
239335
239336
239337
239338
239339
239340
239341
239342
239343
239344
239345
239346
239347
239348
239349
239350
239351
239352
239353
239354
239355
239356
239357
239358
239359
239360
239361
239362
239363
239364
239365
239366
239367
239368
239369
239370
239371
239372
239373
239374
239375
239376
239377
239378
239379
239380
239381
239382
239383
239384
239385
239386
239387
239388
239389
239390
239391
239392
239393
239394
239395
239396
239397
239398
239399
239400
239401
239402
239403
239404
239405
239406
239407
239408
239409
239410
239411
239412
239413
239414
239415
239416
239417
239418
239419
239420
239421
239422
239423
239424
239425
239426
239427
239428
239429
239430
239431
239432
239433
239434
239435
239436
239437
239438
239439
239440
239441
239442
239443
239444
239445
239446
239447
239448
239449
239450
239451
239452
239453
239454
239455
239456
239457
239458
239459
239460
239461
239462
239463
239464
239465
239466
239467
239468
239469
239470
239471
239472
239473
239474
239475
239476
239477
239478
239479
239480
239481
239482
239483
239484
239485
239486
239487
239488
239489
239490
239491
239492
239493
239494
239495
239496
239497
239498
239499
239500
239501
239502
239503
239504
239505
239506
239507
239508
239509
239510
239511
239512
239513
239514
239515
239516
244863
244864
244865
244866
244867
244868
244869
244870
244871
244872
244873
244874
244875
244876
244877
244878
244879
244880
244881
244882
244883
244884
244885
244886
244944
244945
244946
244947
244948
244949
244950
244951
244952
244953
244954
244955
244956
244957
244958
244959
244960
244961
244962
244963
244964
244965
244966
244967
244968
244969
244970
244971
244972
244973
244974
244975
244976
244977
244978
244979
244980
244981
244982
244983
244984
244985
244986
244987
244988
244989
244990
244991
244992
244993
244994
244995
244996
244997
244998
244999
245000
245001
245002
245003
245004
245005
245006
245007
245008
245009
245010
245011
245012
245013
245014
245015
245016
245017
245018
245019
245020
245021
245022
245023
245024
245025
245026
245027
245028
245029
245030
245031
245032
245033
245034
245035
245036
245037
245038
245039
245040
245041
245042
245043
245044
245045
245046
245047
245048
245049
245050
245051
245052
245053
245054
245055
245056
245057
245058
245059
245060
245061
245062
245063
245064
245065
245066
245067
245068
245069
245070
245071
245072
245073
245074
245075
245076
245077
245078
245079
245080
245081
245082
245083
245084
245085
245086
245087
245088
245089
245090
245091
245092
245093
245094
245095
245096
245097
245098
245099
245100
245101
245102
245103
245104
245105
245106
245107
245108
245109
245110
245111
245112
245113
245114
245115
245116
245117
245118
245119
245120
245121
245122
245123
245124
245125
245126
245127
245128
245129
245130
245131
245132
245133
245134
245135
245136
245137
245138
245139
245140
245141
245142
245143
245144
245145
245146
245147
245148
245149
245150
245151
245152
245153
245154
245155
245156
245157
245158
245159
245160
245161
245162
245163
245164
245165
245166
245167
245168
245169
245170
245171
245172
245173
245174
245175
245176
245177
245178
245179
245180
245181
245182
245183
245184
245185
245186
245187
245188
245189
245190
245191
245192
245193
245194
245195
245196
245197
245198
245199
245200
245201
245202
245203
245204
245205
245206
245207
245208
245209
245210
245211
245212
245213
245214
245215
245216
245217
245218
245219
245220
245221
245222
245223
245224
245225
245226
245227
245228
245229
245230
245231
245232
245233
245234
245235
245236
245237
245238
245239
245240
245241
245242
245243
245244
245245
245246
245247
245248
245249
245250
245251
245252
245253
245254
245255
245256
245257
245258
245259
245260
245261
245262
245263
245264
245265
245266
245267
245268
245269
245270
245271
245272
245273
245274
245275
245276
245277
245278
245279
245280
245281
245282
245283
245284
245285
245286
245287
245288
245289
245290
245291
245292
245293
245294
245295
245296
245297
245298
245299
245300
245301
245302
245303
245304
245305
245306
245307
245308
245309
245310
245311
245312
245313
245314
245315
245316
245317
245318
245319
245320
245321
245322
245323
245324
245325
245326
245327
245328
245329
245330
245331
245332
245333
245334
245335
245336
245337
245338
245339
245340
245341
245342
245343
245344
245345
245346
245347
245348
245349
245350
245351
245352
245353
245354
245355
245356
245357
245358
245359
245360
245361
245362
245363
245364
245365
245366
245367
245368
245369
245370
245371
245372
245373
245374
245375
245376
245377
245378
245379
245380
245381
245382
245383
245384
245385
245386
245387
245388
245389
245390
245391
245392
245393
245394
245395
245396
245397
245398
245399
245400
245401
245402
245403
245404
245405
245406
245407
245408
245409
245410
245411
245412
245413
245414
245415
245416
245417
245418
245419
245420
245421
245422
245423
245424
245425
245426
245427
245428
245429
245430
245431
245432
245433
245434
245435
245436
245437
245438
245439
245440
245441
245442
245443
245444
245445
245446
245447
245448
245449
245450
245451
245452
245453
245454
245455
245456
245457
245458
245459
245460
245461
245462
245463
245464
245465
245466
245467
245468
245469
245470
245471
245472
245473
245474
245475
245476
245477
245478
245479
245480
245481
245482
245483
245484
245485
245486
245487
245488
245489
245490
245491
245492
245493
245494
245495
245496
245497
245498
245499
245500
245501
245502
245503
245504
245505
245506
245507
245508
245509
245510
245511
245512
245513
245514
245515
245516
245517
245518
245519
245520
245521
245522
245523
245524
245525
245526
245527
245528
245529
245530
245531
245532
245533
245534
245535
245536
245537
245538
245539
245540
245541
245542
245543
245544
245545
245546
245547
245548
245549
245550
245551
245552
245553
245554
245555
245556
245557
245558
245559
245560
245561
245562
245563
245564
245565
245566
245567
245568
245569
245570
245571
245572
245573
245574
245575
245576
245577
245578
245579
245580
245581
245582
245583
245584
245585
245586
245587
245588
245589
245590
245591
245592
245593
245594
245595
245596
245597
245598
245599
245600
245601
245602
245603
245604
245605
245606
245607
245608
245609
245610
245611
245612
245613
245614
245615
245616
245617
245618
245619
245620
245621
245622
245623
245624
245625
245626
245627
245628
245629
245630
245631
245632
245633
245634
245635
245636
245637
245638
245639
245640
245641
245642
245643
245644
245645
245646
245647
245648
245649
245650
245651
245652
245653
245654
245655
245656
245657
245658
245659
245660
245661
245662
245663
245664
245665
245666
245667
245668
245669
245670
245671
245672
245673
245674
245675
245676
245677
245678
245679
245680
245681
245682
245683
245684
245685
245686
245687
245688
245689
245690
245691
245692
245693
245694
245695
245696
245697
245698
245699
245700
245701
245702
245703
245704
245705
245706
245707
245708
245709
245710
245711
245712
245713
245714
245715
245716
245717
245718
245719
245720
245721
245722
245723
245724
245725
245726
245727
245728
245729
245730
245731
245732
245733
245734
245735
245736
245737
245738
245739
245740
245741
245742
245743
245744
245745
245746
245747
245748
245749
245750
245751
245752
245753
245754
245755
245756
245757
245758
245759
245760
245761
245762
245763
245764
245765
245766
245767
245768
245769
245770
245771
245772
245773
245774
245775
245776
245777
245778
245779
245780
245781
245782
245783
245784
245785
245786
245787
245788
245789
245790
245791
245792
245793
245794
245795
245796
245797
245798
245799
245800
245801
245802
245803
245804
245805
245806
245807
245808
245809
245810
245811
245812
245813
245814
245815
245816
245817
245818
245819
245820
245821
245822
245823
245824
245825
245826
245827
245828
245829
245830
245831
245832
245833
245834
245835
245836
245837
245838
245839
245840
245841
245842
245843
245844
245845
245846
245847
245848
245849
245850
245851
245852
245853
245854
245855
245856
245857
245858
245859
245860
245861
245862
245863
245864
245865
245866
245867
245868
245869
245870
245871
245872
245873
245874
245875
245876
245877
245878
245879
245880
245881
245882
245883
245884
245885
245886
245887
245888
245889
245890
245891
245892
245893
245894
245895
245896
245897
245898
245899
245900
245901
245902
245903
245904
245905
245906
245907
245908
245909
245910
245911
245912
245913
245914
245915
245916
245917
245918
245919
245920
245921
245922
245923
245924
245925
245926
245927
245928
245929
245930
245931
245932
245933
245934
245935
245936
245937
245938
245939
245940
245941
245942
245943
245944
245945
245946
245947
245948
245949
245950
245951
245952
245953
245954
245955
245956
245957
245958
245959
245960
245961
245962
245963
245964
245965
245966
245967
245968
245969
245970
245971
245972
245973
245974
245975
245976
245977
245978
245979
245980
245981
245982
245983
245984
245985
245986
245987
245988
245989
245990
245991
245992
245993
245994
245995
245996
245997
245998
245999
246000
246001
246002
246003
246004
246005
246006
246007
246008
246009
246010
246011
246012
246013
246014
246015
246016
246017
246018
246019
246020
246021
246022
246023
246024
246025
246026
246027
246028
246029
246030
246031
246032
246033
246034
246035
246036
246037
246038
246039
246040
246041
246042
246043
246044
246045
246046
246047
246048
246049
246050
246051
246052
246053
246054
246055
246056
246057
246058
246059
246060
246061
246062
246063
246064
246065
246066
246067
246068
246069
246070
246071
246072
246073
246074
246075
246076
246077
251424
251425
251426
251427
251428
251429
251430
251431
251432
251433
251434
251435
251436
251437
251438
251439
251440
251441
251442
251443
251444
251445
251446
251447
251448
251505
251506
251507
251508
251509
251510
251511
251512
251513
251514
251515
251516
251517
251518
251519
251520
251521
251522
251523
251524
251525
251526
251527
251528
251529
251530
251531
251532
251533
251534
251535
251536
251537
251538
251539
251540
251541
251542
251543
251544
251545
251546
251547
251548
251549
251550
251551
251552
251553
251554
251555
251556
251557
251558
251559
251560
251561
251562
251563
251564
251565
251566
251567
251568
251569
251570
251571
251572
251573
251574
251575
251576
251577
251578
251579
251580
251581
251582
251583
251584
251585
251586
251587
251588
251589
251590
251591
251592
251593
251594
251595
251596
251597
251598
251599
251600
251601
251602
251603
251604
251605
251606
251607
251608
251609
251610
251611
251612
251613
251614
251615
251616
251617
251618
251619
251620
251621
251622
251623
251624
251625
251626
251627
251628
251629
251630
251631
251632
251633
251634
251635
251636
251637
251638
251639
251640
251641
251642
251643
251644
251645
251646
251647
251648
251649
251650
251651
251652
251653
251654
251655
251656
251657
251658
251659
251660
251661
251662
251663
251664
251665
251666
251667
251668
251669
251670
251671
251672
251673
251674
251675
251676
251677
251678
251679
251680
251681
251682
251683
251684
251685
251686
251687
251688
251689
251690
251691
251692
251693
251694
251695
251696
251697
251698
251699
251700
251701
251702
251703
251704
251705
251706
251707
251708
251709
251710
251711
251712
251713
251714
251715
251716
251717
251718
251719
251720
251721
251722
251723
251724
251725
251726
251727
251728
251729
251730
251731
251732
251733
251734
251735
251736
251737
251738
251739
251740
251741
251742
251743
251744
251745
251746
251747
251748
251749
251750
251751
251752
251753
251754
251755
251756
251757
251758
251759
251760
251761
251762
251763
251764
251765
251766
251767
251768
251769
251770
251771
251772
251773
251774
251775
251776
251777
251778
251779
251780
251781
251782
251783
251784
251785
251786
251787
251788
251789
251790
251791
251792
251793
251794
251795
251796
251797
251798
251799
251800
251801
251802
251803
251804
251805
251806
251807
251808
251809
251810
251811
251812
251813
251814
251815
251816
251817
251818
251819
251820
251821
251822
251823
251824
251825
251826
251827
251828
251829
251830
251831
251832
251833
251834
251835
251836
251837
251838
251839
251840
251841
251842
251843
251844
251845
251846
251847
251848
251849
251850
251851
251852
251853
251854
251855
251856
251857
251858
251859
251860
251861
251862
251863
251864
251865
251866
251867
251868
251869
251870
251871
251872
251873
251874
251875
251876
251877
251878
251879
251880
251881
251882
251883
251884
251885
251886
251887
251888
251889
251890
251891
251892
251893
251894
251895
251896
251897
251898
251899
251900
251901
251902
251903
251904
251905
251906
251907
251908
251909
251910
251911
251912
251913
251914
251915
251916
251917
251918
251919
251920
251921
251922
251923
251924
251925
251926
251927
251928
251929
251930
251931
251932
251933
251934
251935
251936
251937
251938
251939
251940
251941
251942
251943
251944
251945
251946
251947
251948
251949
251950
251951
251952
251953
251954
251955
251956
251957
251958
251959
251960
251961
251962
251963
251964
251965
251966
251967
251968
251969
251970
251971
251972
251973
251974
251975
251976
251977
251978
251979
251980
251981
251982
251983
251984
251985
251986
251987
251988
251989
251990
251991
251992
251993
251994
251995
251996
251997
251998
251999
252000
252001
252002
252003
252004
252005
252006
252007
252008
252009
252010
252011
252012
252013
252014
252015
252016
252017
252018
252019
252020
252021
252022
252023
252024
252025
252026
252027
252028
252029
252030
252031
252032
252033
252034
252035
252036
252037
252038
252039
252040
252041
252042
252043
252044
252045
252046
252047
252048
252049
252050
252051
252052
252053
252054
252055
252056
252057
252058
252059
252060
252061
252062
252063
252064
252065
252066
252067
252068
252069
252070
252071
252072
252073
252074
252075
252076
252077
252078
252079
252080
252081
252082
252083
252084
252085
252086
252087
252088
252089
252090
252091
252092
252093
252094
252095
252096
252097
252098
252099
252100
252101
252102
252103
252104
252105
252106
252107
252108
252109
252110
252111
252112
252113
252114
252115
252116
252117
252118
252119
252120
252121
252122
252123
252124
252125
252126
252127
252128
252129
252130
252131
252132
252133
252134
252135
252136
252137
252138
252139
252140
252141
252142
252143
252144
252145
252146
252147
252148
252149
252150
252151
252152
252153
252154
252155
252156
252157
252158
252159
252160
252161
252162
252163
252164
252165
252166
252167
252168
252169
252170
252171
252172
252173
252174
252175
252176
252177
252178
252179
252180
252181
252182
252183
252184
252185
252186
252187
252188
252189
252190
252191
252192
252193
252194
252195
252196
252197
252198
252199
252200
252201
252202
252203
252204
252205
252206
252207
252208
252209
252210
252211
252212
252213
252214
252215
252216
252217
252218
252219
252220
252221
252222
252223
252224
252225
252226
252227
252228
252229
252230
252231
252232
252233
252234
252235
252236
252237
252238
252239
252240
252241
252242
252243
252244
252245
252246
252247
252248
252249
252250
252251
252252
252253
252254
252255
252256
252257
252258
252259
252260
252261
252262
252263
252264
252265
252266
252267
252268
252269
252270
252271
252272
252273
252274
252275
252276
252277
252278
252279
252280
252281
252282
252283
252284
252285
252286
252287
252288
252289
252290
252291
252292
252293
252294
252295
252296
252297
252298
252299
252300
252301
252302
252303
252304
252305
252306
252307
252308
252309
252310
252311
252312
252313
252314
252315
252316
252317
252318
252319
252320
252321
252322
252323
252324
252325
252326
252327
252328
252329
252330
252331
252332
252333
252334
252335
252336
252337
252338
252339
252340
252341
252342
252343
252344
252345
252346
252347
252348
252349
252350
252351
252352
252353
252354
252355
252356
252357
252358
252359
252360
252361
252362
252363
252364
252365
252366
252367
252368
252369
252370
252371
252372
252373
252374
252375
252376
252377
252378
252379
252380
252381
252382
252383
252384
252385
252386
252387
252388
252389
252390
252391
252392
252393
252394
252395
252396
252397
252398
252399
252400
252401
252402
252403
252404
252405
252406
252407
252408
252409
252410
252411
252412
252413
252414
252415
252416
252417
252418
252419
252420
252421
252422
252423
252424
252425
252426
252427
252428
252429
252430
252431
252432
252433
252434
252435
252436
252437
252438
252439
252440
252441
252442
252443
252444
252445
252446
252447
252448
252449
252450
252451
252452
252453
252454
252455
252456
252457
252458
252459
252460
252461
252462
252463
252464
252465
252466
252467
252468
252469
252470
252471
252472
252473
252474
252475
252476
252477
252478
252479
252480
252481
252482
252483
252484
252485
252486
252487
252488
252489
252490
252491
252492
252493
252494
252495
252496
252497
252498
252499
252500
252501
252502
252503
252504
252505
252506
252507
252508
252509
252510
252511
252512
252513
252514
252515
252516
252517
252518
252519
252520
252521
252522
252523
252524
252525
252526
252527
252528
252529
252530
252531
252532
252533
252534
252535
252536
252537
252538
252539
252540
252541
252542
252543
252544
252545
252546
252547
252548
252549
252550
252551
252552
252553
252554
252555
252556
252557
252558
252559
252560
252561
252562
252563
252564
252565
252566
252567
252568
252569
252570
252571
252572
252573
252574
252575
252576
252577
252578
252579
252580
252581
252582
252583
252584
252585
252586
252587
252588
252589
252590
252591
252592
252593
252594
252595
252596
252597
252598
252599
252600
252601
252602
252603
252604
252605
252606
252607
252608
252609
252610
252611
252612
252613
252614
252615
252616
252617
252618
252619
252620
252621
252622
252623
252624
252625
252626
252627
252628
252629
252630
252631
252632
252633
252634
252635
252636
252637
252638
257985
257986
257987
257988
257989
257990
257991
257992
257993
257994
257995
257996
257997
257998
257999
258000
258001
258002
258003
258004
258005
258006
258007
258008
258009
258010
258066
258067
258068
258069
258070
258071
258072
258073
258074
258075
258076
258077
258078
258079
258080
258081
258082
258083
258084
258085
258086
258087
258088
258089
258090
258091
258092
258093
258094
258095
258096
258097
258098
258099
258100
258101
258102
258103
258104
258105
258106
258107
258108
258109
258110
258111
258112
258113
258114
258115
258116
258117
258118
258119
258120
258121
258122
258123
258124
258125
258126
258127
258128
258129
258130
258131
258132
258133
258134
258135
258136
258137
258138
258139
258140
258141
258142
258143
258144
258145
258146
258147
258148
258149
258150
258151
258152
258153
258154
258155
258156
258157
258158
258159
258160
258161
258162
258163
258164
258165
258166
258167
258168
258169
258170
258171
258172
258173
258174
258175
258176
258177
258178
258179
258180
258181
258182
258183
258184
258185
258186
258187
258188
258189
258190
258191
258192
258193
258194
258195
258196
258197
258198
258199
258200
258201
258202
258203
258204
258205
258206
258207
258208
258209
258210
258211
258212
258213
258214
258215
258216
258217
258218
258219
258220
258221
258222
258223
258224
258225
258226
258227
258228
258229
258230
258231
258232
258233
258234
258235
258236
258237
258238
258239
258240
258241
258242
258243
258244
258245
258246
258247
258248
258249
258250
258251
258252
258253
258254
258255
258256
258257
258258
258259
258260
258261
258262
258263
258264
258265
258266
258267
258268
258269
258270
258271
258272
258273
258274
258275
258276
258277
258278
258279
258280
258281
258282
258283
258284
258285
258286
258287
258288
258289
258290
258291
258292
258293
258294
258295
258296
258297
258298
258299
258300
258301
258302
258303
258304
258305
258306
258307
258308
258309
258310
258311
258312
258313
258314
258315
258316
258317
258318
258319
258320
258321
258322
258323
258324
258325
258326
258327
258328
258329
258330
258331
258332
258333
258334
258335
258336
258337
258338
258339
258340
258341
258342
258343
258344
258345
258346
258347
258348
258349
258350
258351
258352
258353
258354
258355
258356
258357
258358
258359
258360
258361
258362
258363
258364
258365
258366
258367
258368
258369
258370
258371
258372
258373
258374
258375
258376
258377
258378
258379
258380
258381
258382
258383
258384
258385
258386
258387
258388
258389
258390
258391
258392
258393
258394
258395
258396
258397
258398
258399
258400
258401
258402
258403
258404
258405
258406
258407
258408
258409
258410
258411
258412
258413
258414
258415
258416
258417
258418
258419
258420
258421
258422
258423
258424
258425
258426
258427
258428
258429
258430
258431
258432
258433
258434
258435
258436
258437
258438
258439
258440
258441
258442
258443
258444
258445
258446
258447
258448
258449
258450
258451
258452
258453
258454
258455
258456
258457
258458
258459
258460
258461
258462
258463
258464
258465
258466
258467
258468
258469
258470
258471
258472
258473
258474
258475
258476
258477
258478
258479
258480
258481
258482
258483
258484
258485
258486
258487
258488
258489
258490
258491
258492
258493
258494
258495
258496
258497
258498
258499
258500
258501
258502
258503
258504
258505
258506
258507
258508
258509
258510
258511
258512
258513
258514
258515
258516
258517
258518
258519
258520
258521
258522
258523
258524
258525
258526
258527
258528
258529
258530
258531
258532
258533
258534
258535
258536
258537
258538
258539
258540
258541
258542
258543
258544
258545
258546
258547
258548
258549
258550
258551
258552
258553
258554
258555
258556
258557
258558
258559
258560
258561
258562
258563
258564
258565
258566
258567
258568
258569
258570
258571
258572
258573
258574
258575
258576
258577
258578
258579
258580
258581
258582
258583
258584
258585
258586
258587
258588
258589
258590
258591
258592
258593
258594
258595
258596
258597
258598
258599
258600
258601
258602
258603
258604
258605
258606
258607
258608
258609
258610
258611
258612
258613
258614
258615
258616
258617
258618
258619
258620
258621
258622
258623
258624
258625
258626
258627
258628
258629
258630
258631
258632
258633
258634
258635
258636
258637
258638
258639
258640
258641
258642
258643
258644
258645
258646
258647
258648
258649
258650
258651
258652
258653
258654
258655
258656
258657
258658
258659
258660
258661
258662
258663
258664
258665
258666
258667
258668
258669
258670
258671
258672
258673
258674
258675
258676
258677
258678
258679
258680
258681
258682
258683
258684
258685
258686
258687
258688
258689
258690
258691
258692
258693
258694
258695
258696
258697
258698
258699
258700
258701
258702
258703
258704
258705
258706
258707
258708
258709
258710
258711
258712
258713
258714
258715
258716
258717
258718
258719
258720
258721
258722
258723
258724
258725
258726
258727
258728
258729
258730
258731
258732
258733
258734
258735
258736
258737
258738
258739
258740
258741
258742
258743
258744
258745
258746
258747
258748
258749
258750
258751
258752
258753
258754
258755
258756
258757
258758
258759
258760
258761
258762
258763
258764
258765
258766
258767
258768
258769
258770
258771
258772
258773
258774
258775
258776
258777
258778
258779
258780
258781
258782
258783
258784
258785
258786
258787
258788
258789
258790
258791
258792
258793
258794
258795
258796
258797
258798
258799
258800
258801
258802
258803
258804
258805
258806
258807
258808
258809
258810
258811
258812
258813
258814
258815
258816
258817
258818
258819
258820
258821
258822
258823
258824
258825
258826
258827
258828
258829
258830
258831
258832
258833
258834
258835
258836
258837
258838
258839
258840
258841
258842
258843
258844
258845
258846
258847
258848
258849
258850
258851
258852
258853
258854
258855
258856
258857
258858
258859
258860
258861
258862
258863
258864
258865
258866
258867
258868
258869
258870
258871
258872
258873
258874
258875
258876
258877
258878
258879
258880
258881
258882
258883
258884
258885
258886
258887
258888
258889
258890
258891
258892
258893
258894
258895
258896
258897
258898
258899
258900
258901
258902
258903
258904
258905
258906
258907
258908
258909
258910
258911
258912
258913
258914
258915
258916
258917
258918
258919
258920
258921
258922
258923
258924
258925
258926
258927
258928
258929
258930
258931
258932
258933
258934
258935
258936
258937
258938
258939
258940
258941
258942
258943
258944
258945
258946
258947
258948
258949
258950
258951
258952
258953
258954
258955
258956
258957
258958
258959
258960
258961
258962
258963
258964
258965
258966
258967
258968
258969
258970
258971
258972
258973
258974
258975
258976
258977
258978
258979
258980
258981
258982
258983
258984
258985
258986
258987
258988
258989
258990
258991
258992
258993
258994
258995
258996
258997
258998
258999
259000
259001
259002
259003
259004
259005
259006
259007
259008
259009
259010
259011
259012
259013
259014
259015
259016
259017
259018
259019
259020
259021
259022
259023
259024
259025
259026
259027
259028
259029
259030
259031
259032
259033
259034
259035
259036
259037
259038
259039
259040
259041
259042
259043
259044
259045
259046
259047
259048
259049
259050
259051
259052
259053
259054
259055
259056
259057
259058
259059
259060
259061
259062
259063
259064
259065
259066
259067
259068
259069
259070
259071
259072
259073
259074
259075
259076
259077
259078
259079
259080
259081
259082
259083
259084
259085
259086
259087
259088
259089
259090
259091
259092
259093
259094
259095
259096
259097
259098
259099
259100
259101
259102
259103
259104
259105
259106
259107
259108
259109
259110
259111
259112
259113
259114
259115
259116
259117
259118
259119
259120
259121
259122
259123
259124
259125
259126
259127
259128
259129
259130
259131
259132
259133
259134
259135
259136
259137
259138
259139
259140
259141
259142
259143
259144
259145
259146
259147
259148
259149
259150
259151
259152
259153
259154
259155
259156
259157
259158
259159
259160
259161
259162
259163
259164
259165
259166
259167
259168
259169
259170
259171
259172
259173
259174
259175
259176
259177
259178
259179
259180
259181
259182
259183
259184
259185
259186
259187
259188
259189
259190
259191
259192
259193
259194
259195
259196
259197
259198
259199
264546
264547
264548
264549
264550
264551
264552
264553
264554
264555
264556
264557
264558
264559
264560
264561
264562
264563
264564
264565
264566
264567
264568
264569
264570
264571
264572
264627
264628
264629
264630
264631
264632
264633
264634
264635
264636
264637
264638
264639
264640
264641
264642
264643
264644
264645
264646
264647
264648
264649
264650
264651
264652
264653
264654
264655
264656
264657
264658
264659
264660
264661
264662
264663
264664
264665
264666
264667
264668
264669
264670
264671
264672
264673
264674
264675
264676
264677
264678
264679
264680
264681
264682
264683
264684
264685
264686
264687
264688
264689
264690
264691
264692
264693
264694
264695
264696
264697
264698
264699
264700
264701
264702
264703
264704
264705
264706
264707
264708
264709
264710
264711
264712
264713
264714
264715
264716
264717
264718
264719
264720
264721
264722
264723
264724
264725
264726
264727
264728
264729
264730
264731
264732
264733
264734
264735
264736
264737
264738
264739
264740
264741
264742
264743
264744
264745
264746
264747
264748
264749
264750
264751
264752
264753
264754
264755
264756
264757
264758
264759
264760
264761
264762
264763
264764
264765
264766
264767
264768
264769
264770
264771
264772
264773
264774
264775
264776
264777
264778
264779
264780
264781
264782
264783
264784
264785
264786
264787
264788
264789
264790
264791
264792
264793
264794
264795
264796
264797
264798
264799
264800
264801
264802
264803
264804
264805
264806
264807
264808
264809
264810
264811
264812
264813
264814
264815
264816
264817
264818
264819
264820
264821
264822
264823
264824
264825
264826
264827
264828
264829
264830
264831
264832
264833
264834
264835
264836
264837
264838
264839
264840
264841
264842
264843
264844
264845
264846
264847
264848
264849
264850
264851
264852
264853
264854
264855
264856
264857
264858
264859
264860
264861
264862
264863
264864
264865
264866
264867
264868
264869
264870
264871
264872
264873
264874
264875
264876
264877
264878
264879
264880
264881
264882
264883
264884
264885
264886
264887
264888
264889
264890
264891
264892
264893
264894
264895
264896
264897
264898
264899
264900
264901
264902
264903
264904
264905
264906
264907
264908
264909
264910
264911
264912
264913
264914
264915
264916
264917
264918
264919
264920
264921
264922
264923
264924
264925
264926
264927
264928
264929
264930
264931
264932
264933
264934
264935
264936
264937
264938
264939
264940
264941
264942
264943
264944
264945
264946
264947
264948
264949
264950
264951
264952
264953
264954
264955
264956
264957
264958
264959
264960
264961
264962
264963
264964
264965
264966
264967
264968
264969
264970
264971
264972
264973
264974
264975
264976
264977
264978
264979
264980
264981
264982
264983
264984
264985
264986
264987
264988
264989
264990
264991
264992
264993
264994
264995
264996
264997
264998
264999
265000
265001
265002
265003
265004
265005
265006
265007
265008
265009
265010
265011
265012
265013
265014
265015
265016
265017
265018
265019
265020
265021
265022
265023
265024
265025
265026
265027
265028
265029
265030
265031
265032
265033
265034
265035
265036
265037
265038
265039
265040
265041
265042
265043
265044
265045
265046
265047
265048
265049
265050
265051
265052
265053
265054
265055
265056
265057
265058
265059
265060
265061
265062
265063
265064
265065
265066
265067
265068
265069
265070
265071
265072
265073
265074
265075
265076
265077
265078
265079
265080
265081
265082
265083
265084
265085
265086
265087
265088
265089
265090
265091
265092
265093
265094
265095
265096
265097
265098
265099
265100
265101
265102
265103
265104
265105
265106
265107
265108
265109
265110
265111
265112
265113
265114
265115
265116
265117
265118
265119
265120
265121
265122
265123
265124
265125
265126
265127
265128
265129
265130
265131
265132
265133
265134
265135
265136
265137
265138
265139
265140
265141
265142
265143
265144
265145
265146
265147
265148
265149
265150
265151
265152
265153
265154
265155
265156
265157
265158
265159
265160
265161
265162
265163
265164
265165
265166
265167
265168
265169
265170
265171
265172
265173
265174
265175
265176
265177
265178
265179
265180
265181
265182
265183
265184
265185
265186
265187
265188
265189
265190
265191
265192
265193
265194
265195
265196
265197
265198
265199
265200
265201
265202
265203
265204
265205
265206
265207
265208
265209
265210
265211
265212
265213
265214
265215
265216
265217
265218
265219
265220
265221
265222
265223
265224
265225
265226
265227
265228
265229
265230
265231
265232
265233
265234
265235
265236
265237
265238
265239
265240
265241
265242
265243
265244
265245
265246
265247
265248
265249
265250
265251
265252
265253
265254
265255
265256
265257
265258
265259
265260
265261
265262
265263
265264
265265
265266
265267
265268
265269
265270
265271
265272
265273
265274
265275
265276
265277
265278
265279
265280
265281
265282
265283
265284
265285
265286
265287
265288
265289
265290
265291
265292
265293
265294
265295
265296
265297
265298
265299
265300
265301
265302
265303
265304
265305
265306
265307
265308
265309
265310
265311
265312
265313
265314
265315
265316
265317
265318
265319
265320
265321
265322
265323
265324
265325
265326
265327
265328
265329
265330
265331
265332
265333
265334
265335
265336
265337
265338
265339
265340
265341
265342
265343
265344
265345
265346
265347
265348
265349
265350
265351
265352
265353
265354
265355
265356
265357
265358
265359
265360
265361
265362
265363
265364
265365
265366
265367
265368
265369
265370
265371
265372
265373
265374
265375
265376
265377
265378
265379
265380
265381
265382
265383
265384
265385
265386
265387
265388
265389
265390
265391
265392
265393
265394
265395
265396
265397
265398
265399
265400
265401
265402
265403
265404
265405
265406
265407
265408
265409
265410
265411
265412
265413
265414
265415
265416
265417
265418
265419
265420
265421
265422
265423
265424
265425
265426
265427
265428
265429
265430
265431
265432
265433
265434
265435
265436
265437
265438
265439
265440
265441
265442
265443
265444
265445
265446
265447
265448
265449
265450
265451
265452
265453
265454
265455
265456
265457
265458
265459
265460
265461
265462
265463
265464
265465
265466
265467
265468
265469
265470
265471
265472
265473
265474
265475
265476
265477
265478
265479
265480
265481
265482
265483
265484
265485
265486
265487
265488
265489
265490
265491
265492
265493
265494
265495
265496
265497
265498
265499
265500
265501
265502
265503
265504
265505
265506
265507
265508
265509
265510
265511
265512
265513
265514
265515
265516
265517
265518
265519
265520
265521
265522
265523
265524
265525
265526
265527
265528
265529
265530
265531
265532
265533
265534
265535
265536
265537
265538
265539
265540
265541
265542
265543
265544
265545
265546
265547
265548
265549
265550
265551
265552
265553
265554
265555
265556
265557
265558
265559
265560
265561
265562
265563
265564
265565
265566
265567
265568
265569
265570
265571
265572
265573
265574
265575
265576
265577
265578
265579
265580
265581
265582
265583
265584
265585
265586
265587
265588
265589
265590
265591
265592
265593
265594
265595
265596
265597
265598
265599
265600
265601
265602
265603
265604
265605
265606
265607
265608
265609
265610
265611
265612
265613
265614
265615
265616
265617
265618
265619
265620
265621
265622
265623
265624
265625
265626
265627
265628
265629
265630
265631
265632
265633
265634
265635
265636
265637
265638
265639
265640
265641
265642
265643
265644
265645
265646
265647
265648
265649
265650
265651
265652
265653
265654
265655
265656
265657
265658
265659
265660
265661
265662
265663
265664
265665
265666
265667
265668
265669
265670
265671
265672
265673
265674
265675
265676
265677
265678
265679
265680
265681
265682
265683
265684
265685
265686
265687
265688
265689
265690
265691
265692
265693
265694
265695
265696
265697
265698
265699
265700
265701
265702
265703
265704
265705
265706
265707
265708
265709
265710
265711
265712
265713
265714
265715
265716
265717
265718
265719
265720
265721
265722
265723
265724
265725
265726
265727
265728
265729
265730
265731
265732
265733
265734
265735
265736
265737
265738
265739
265740
265741
265742
265743
265744
265745
265746
265747
265748
265749
265750
265751
265752
265753
265754
265755
265756
265757
265758
265759
265760
271107
271108
271109
271110
271111
271112
271113
271114
271115
271116
271117
271118
271119
271120
271121
271122
271123
271124
271125
271126
271127
271128
271129
271130
271131
271132
271133
271134
271188
271189
271190
271191
271192
271193
271194
271195
271196
271197
271198
271199
271200
271201
271202
271203
271204
271205
271206
271207
271208
271209
271210
271211
271212
271213
271214
271215
271216
271217
271218
271219
271220
271221
271222
271223
271224
271225
271226
271227
271228
271229
271230
271231
271232
271233
271234
271235
271236
271237
271238
271239
271240
271241
271242
271243
271244
271245
271246
271247
271248
271249
271250
271251
271252
271253
271254
271255
271256
271257
271258
271259
271260
271261
271262
271263
271264
271265
271266
271267
271268
271269
271270
271271
271272
271273
271274
271275
271276
271277
271278
271279
271280
271281
271282
271283
271284
271285
271286
271287
271288
271289
271290
271291
271292
271293
271294
271295
271296
271297
271298
271299
271300
271301
271302
271303
271304
271305
271306
271307
271308
271309
271310
271311
271312
271313
271314
271315
271316
271317
271318
271319
271320
271321
271322
271323
271324
271325
271326
271327
271328
271329
271330
271331
271332
271333
271334
271335
271336
271337
271338
271339
271340
271341
271342
271343
271344
271345
271346
271347
271348
271349
271350
271351
271352
271353
271354
271355
271356
271357
271358
271359
271360
271361
271362
271363
271364
271365
271366
271367
271368
271369
271370
271371
271372
271373
271374
271375
271376
271377
271378
271379
271380
271381
271382
271383
271384
271385
271386
271387
271388
271389
271390
271391
271392
271393
271394
271395
271396
271397
271398
271399
271400
271401
271402
271403
271404
271405
271406
271407
271408
271409
271410
271411
271412
271413
271414
271415
271416
271417
271418
271419
271420
271421
271422
271423
271424
271425
271426
271427
271428
271429
271430
271431
271432
271433
271434
271435
271436
271437
271438
271439
271440
271441
271442
271443
271444
271445
271446
271447
271448
271449
271450
271451
271452
271453
271454
271455
271456
271457
271458
271459
271460
271461
271462
271463
271464
271465
271466
271467
271468
271469
271470
271471
271472
271473
271474
271475
271476
271477
271478
271479
271480
271481
271482
271483
271484
271485
271486
271487
271488
271489
271490
271491
271492
271493
271494
271495
271496
271497
271498
271499
271500
271501
271502
271503
271504
271505
271506
271507
271508
271509
271510
271511
271512
271513
271514
271515
271516
271517
271518
271519
271520
271521
271522
271523
271524
271525
271526
271527
271528
271529
271530
271531
271532
271533
271534
271535
271536
271537
271538
271539
271540
271541
271542
271543
271544
271545
271546
271547
271548
271549
271550
271551
271552
271553
271554
271555
271556
271557
271558
271559
271560
271561
271562
271563
271564
271565
271566
271567
271568
271569
271570
271571
271572
271573
271574
271575
271576
271577
271578
271579
271580
271581
271582
271583
271584
271585
271586
271587
271588
271589
271590
271591
271592
271593
271594
271595
271596
271597
271598
271599
271600
271601
271602
271603
271604
271605
271606
271607
271608
271609
271610
271611
271612
271613
271614
271615
271616
271617
271618
271619
271620
271621
271622
271623
271624
271625
271626
271627
271628
271629
271630
271631
271632
271633
271634
271635
271636
271637
271638
271639
271640
271641
271642
271643
271644
271645
271646
271647
271648
271649
271650
271651
271652
271653
271654
271655
271656
271657
271658
271659
271660
271661
271662
271663
271664
271665
271666
271667
271668
271669
271670
271671
271672
271673
271674
271675
271676
271677
271678
271679
271680
271681
271682
271683
271684
271685
271686
271687
271688
271689
271690
271691
271692
271693
271694
271695
271696
271697
271698
271699
271700
271701
271702
271703
271704
271705
271706
271707
271708
271709
271710
271711
271712
271713
271714
271715
271716
271717
271718
271719
271720
271721
271722
271723
271724
271725
271726
271727
271728
271729
271730
271731
271732
271733
271734
271735
271736
271737
271738
271739
271740
271741
271742
271743
271744
271745
271746
271747
271748
271749
271750
271751
271752
271753
271754
271755
271756
271757
271758
271759
271760
271761
271762
271763
271764
271765
271766
271767
271768
271769
271770
271771
271772
271773
271774
271775
271776
271777
271778
271779
271780
271781
271782
271783
271784
271785
271786
271787
271788
271789
271790
271791
271792
271793
271794
271795
271796
271797
271798
271799
271800
271801
271802
271803
271804
271805
271806
271807
271808
271809
271810
271811
271812
271813
271814
271815
271816
271817
271818
271819
271820
271821
271822
271823
271824
271825
271826
271827
271828
271829
271830
271831
271832
271833
271834
271835
271836
271837
271838
271839
271840
271841
271842
271843
271844
271845
271846
271847
271848
271849
271850
271851
271852
271853
271854
271855
271856
271857
271858
271859
271860
271861
271862
271863
271864
271865
271866
271867
271868
271869
271870
271871
271872
271873
271874
271875
271876
271877
271878
271879
271880
271881
271882
271883
271884
271885
271886
271887
271888
271889
271890
271891
271892
271893
271894
271895
271896
271897
271898
271899
271900
271901
271902
271903
271904
271905
271906
271907
271908
271909
271910
271911
271912
271913
271914
271915
271916
271917
271918
271919
271920
271921
271922
271923
271924
271925
271926
271927
271928
271929
271930
271931
271932
271933
271934
271935
271936
271937
271938
271939
271940
271941
271942
271943
271944
271945
271946
271947
271948
271949
271950
271951
271952
271953
271954
271955
271956
271957
271958
271959
271960
271961
271962
271963
271964
271965
271966
271967
271968
271969
271970
271971
271972
271973
271974
271975
271976
271977
271978
271979
271980
271981
271982
271983
271984
271985
271986
271987
271988
271989
271990
271991
271992
271993
271994
271995
271996
271997
271998
271999
272000
272001
272002
272003
272004
272005
272006
272007
272008
272009
272010
272011
272012
272013
272014
272015
272016
272017
272018
272019
272020
272021
272022
272023
272024
272025
272026
272027
272028
272029
272030
272031
272032
272033
272034
272035
272036
272037
272038
272039
272040
272041
272042
272043
272044
272045
272046
272047
272048
272049
272050
272051
272052
272053
272054
272055
272056
272057
272058
272059
272060
272061
272062
272063
272064
272065
272066
272067
272068
272069
272070
272071
272072
272073
272074
272075
272076
272077
272078
272079
272080
272081
272082
272083
272084
272085
272086
272087
272088
272089
272090
272091
272092
272093
272094
272095
272096
272097
272098
272099
272100
272101
272102
272103
272104
272105
272106
272107
272108
272109
272110
272111
272112
272113
272114
272115
272116
272117
272118
272119
272120
272121
272122
272123
272124
272125
272126
272127
272128
272129
272130
272131
272132
272133
272134
272135
272136
272137
272138
272139
272140
272141
272142
272143
272144
272145
272146
272147
272148
272149
272150
272151
272152
272153
272154
272155
272156
272157
272158
272159
272160
272161
272162
272163
272164
272165
272166
272167
272168
272169
272170
272171
272172
272173
272174
272175
272176
272177
272178
272179
272180
272181
272182
272183
272184
272185
272186
272187
272188
272189
272190
272191
272192
272193
272194
272195
272196
272197
272198
272199
272200
272201
272202
272203
272204
272205
272206
272207
272208
272209
272210
272211
272212
272213
272214
272215
272216
272217
272218
272219
272220
272221
272222
272223
272224
272225
272226
272227
272228
272229
272230
272231
272232
272233
272234
272235
272236
272237
272238
272239
272240
272241
272242
272243
272244
272245
272246
272247
272248
272249
272250
272251
272252
272253
272254
272255
272256
272257
272258
272259
272260
272261
272262
272263
272264
272265
272266
272267
272268
272269
272270
272271
272272
272273
272274
272275
272276
272277
272278
272279
272280
272281
272282
272283
272284
272285
272286
272287
272288
272289
272290
272291
272292
272293
272294
272295
272296
272297
272298
272299
272300
272301
272302
272303
272304
272305
272306
272307
272308
272309
272310
272311
272312
272313
272314
272315
272316
272317
272318
272319
272320
272321
277668
277669
277670
277671
277672
277673
277674
277675
277676
277677
277678
277679
277680
277681
277682
277683
277684
277685
277686
277687
277688
277689
277690
277691
277692
277693
277694
277695
277696
277749
277750
277751
277752
277753
277754
277755
277756
277757
277758
277759
277760
277761
277762
277763
277764
277765
277766
277767
277768
277769
277770
277771
277772
277773
277774
277775
277776
277777
277778
277779
277780
277781
277782
277783
277784
277785
277786
277787
277788
277789
277790
277791
277792
277793
277794
277795
277796
277797
277798
277799
277800
277801
277802
277803
277804
277805
277806
277807
277808
277809
277810
277811
277812
277813
277814
277815
277816
277817
277818
277819
277820
277821
277822
277823
277824
277825
277826
277827
277828
277829
277830
277831
277832
277833
277834
277835
277836
277837
277838
277839
277840
277841
277842
277843
277844
277845
277846
277847
277848
277849
277850
277851
277852
277853
277854
277855
277856
277857
277858
277859
277860
277861
277862
277863
277864
277865
277866
277867
277868
277869
277870
277871
277872
277873
277874
277875
277876
277877
277878
277879
277880
277881
277882
277883
277884
277885
277886
277887
277888
277889
277890
277891
277892
277893
277894
277895
277896
277897
277898
277899
277900
277901
277902
277903
277904
277905
277906
277907
277908
277909
277910
277911
277912
277913
277914
277915
277916
277917
277918
277919
277920
277921
277922
277923
277924
277925
277926
277927
277928
277929
277930
277931
277932
277933
277934
277935
277936
277937
277938
277939
277940
277941
277942
277943
277944
277945
277946
277947
277948
277949
277950
277951
277952
277953
277954
277955
277956
277957
277958
277959
277960
277961
277962
277963
277964
277965
277966
277967
277968
277969
277970
277971
277972
277973
277974
277975
277976
277977
277978
277979
277980
277981
277982
277983
277984
277985
277986
277987
277988
277989
277990
277991
277992
277993
277994
277995
277996
277997
277998
277999
278000
278001
278002
278003
278004
278005
278006
278007
278008
278009
278010
278011
278012
278013
278014
278015
278016
278017
278018
278019
278020
278021
278022
278023
278024
278025
278026
278027
278028
278029
278030
278031
278032
278033
278034
278035
278036
278037
278038
278039
278040
278041
278042
278043
278044
278045
278046
278047
278048
278049
278050
278051
278052
278053
278054
278055
278056
278057
278058
278059
278060
278061
278062
278063
278064
278065
278066
278067
278068
278069
278070
278071
278072
278073
278074
278075
278076
278077
278078
278079
278080
278081
278082
278083
278084
278085
278086
278087
278088
278089
278090
278091
278092
278093
278094
278095
278096
278097
278098
278099
278100
278101
278102
278103
278104
278105
278106
278107
278108
278109
278110
278111
278112
278113
278114
278115
278116
278117
278118
278119
278120
278121
278122
278123
278124
278125
278126
278127
278128
278129
278130
278131
278132
278133
278134
278135
278136
278137
278138
278139
278140
278141
278142
278143
278144
278145
278146
278147
278148
278149
278150
278151
278152
278153
278154
278155
278156
278157
278158
278159
278160
278161
278162
278163
278164
278165
278166
278167
278168
278169
278170
278171
278172
278173
278174
278175
278176
278177
278178
278179
278180
278181
278182
278183
278184
278185
278186
278187
278188
278189
278190
278191
278192
278193
278194
278195
278196
278197
278198
278199
278200
278201
278202
278203
278204
278205
278206
278207
278208
278209
278210
278211
278212
278213
278214
278215
278216
278217
278218
278219
278220
278221
278222
278223
278224
278225
278226
278227
278228
278229
278230
278231
278232
278233
278234
278235
278236
278237
278238
278239
278240
278241
278242
278243
278244
278245
278246
278247
278248
278249
278250
278251
278252
278253
278254
278255
278256
278257
278258
278259
278260
278261
278262
278263
278264
278265
278266
278267
278268
278269
278270
278271
278272
278273
278274
278275
278276
278277
278278
278279
278280
278281
278282
278283
278284
278285
278286
278287
278288
278289
278290
278291
278292
278293
278294
278295
278296
278297
278298
278299
278300
278301
278302
278303
278304
278305
278306
278307
278308
278309
278310
278311
278312
278313
278314
278315
278316
278317
278318
278319
278320
278321
278322
278323
278324
278325
278326
278327
278328
278329
278330
278331
278332
278333
278334
278335
278336
278337
278338
278339
278340
278341
278342
278343
278344
278345
278346
278347
278348
278349
278350
278351
278352
278353
278354
278355
278356
278357
278358
278359
278360
278361
278362
278363
278364
278365
278366
278367
278368
278369
278370
278371
278372
278373
278374
278375
278376
278377
278378
278379
278380
278381
278382
278383
278384
278385
278386
278387
278388
278389
278390
278391
278392
278393
278394
278395
278396
278397
278398
278399
278400
278401
278402
278403
278404
278405
278406
278407
278408
278409
278410
278411
278412
278413
278414
278415
278416
278417
278418
278419
278420
278421
278422
278423
278424
278425
278426
278427
278428
278429
278430
278431
278432
278433
278434
278435
278436
278437
278438
278439
278440
278441
278442
278443
278444
278445
278446
278447
278448
278449
278450
278451
278452
278453
278454
278455
278456
278457
278458
278459
278460
278461
278462
278463
278464
278465
278466
278467
278468
278469
278470
278471
278472
278473
278474
278475
278476
278477
278478
278479
278480
278481
278482
278483
278484
278485
278486
278487
278488
278489
278490
278491
278492
278493
278494
278495
278496
278497
278498
278499
278500
278501
278502
278503
278504
278505
278506
278507
278508
278509
278510
278511
278512
278513
278514
278515
278516
278517
278518
278519
278520
278521
278522
278523
278524
278525
278526
278527
278528
278529
278530
278531
278532
278533
278534
278535
278536
278537
278538
278539
278540
278541
278542
278543
278544
278545
278546
278547
278548
278549
278550
278551
278552
278553
278554
278555
278556
278557
278558
278559
278560
278561
278562
278563
278564
278565
278566
278567
278568
278569
278570
278571
278572
278573
278574
278575
278576
278577
278578
278579
278580
278581
278582
278583
278584
278585
278586
278587
278588
278589
278590
278591
278592
278593
278594
278595
278596
278597
278598
278599
278600
278601
278602
278603
278604
278605
278606
278607
278608
278609
278610
278611
278612
278613
278614
278615
278616
278617
278618
278619
278620
278621
278622
278623
278624
278625
278626
278627
278628
278629
278630
278631
278632
278633
278634
278635
278636
278637
278638
278639
278640
278641
278642
278643
278644
278645
278646
278647
278648
278649
278650
278651
278652
278653
278654
278655
278656
278657
278658
278659
278660
278661
278662
278663
278664
278665
278666
278667
278668
278669
278670
278671
278672
278673
278674
278675
278676
278677
278678
278679
278680
278681
278682
278683
278684
278685
278686
278687
278688
278689
278690
278691
278692
278693
278694
278695
278696
278697
278698
278699
278700
278701
278702
278703
278704
278705
278706
278707
278708
278709
278710
278711
278712
278713
278714
278715
278716
278717
278718
278719
278720
278721
278722
278723
278724
278725
278726
278727
278728
278729
278730
278731
278732
278733
278734
278735
278736
278737
278738
278739
278740
278741
278742
278743
278744
278745
278746
278747
278748
278749
278750
278751
278752
278753
278754
278755
278756
278757
278758
278759
278760
278761
278762
278763
278764
278765
278766
278767
278768
278769
278770
278771
278772
278773
278774
278775
278776
278777
278778
278779
278780
278781
278782
278783
278784
278785
278786
278787
278788
278789
278790
278791
278792
278793
278794
278795
278796
278797
278798
278799
278800
278801
278802
278803
278804
278805
278806
278807
278808
278809
278810
278811
278812
278813
278814
278815
278816
278817
278818
278819
278820
278821
278822
278823
278824
278825
278826
278827
278828
278829
278830
278831
278832
278833
278834
278835
278836
278837
278838
278839
278840
278841
278842
278843
278844
278845
278846
278847
278848
278849
278850
278851
278852
278853
278854
278855
278856
278857
278858
278859
278860
278861
278862
278863
278864
278865
278866
278867
278868
278869
278870
278871
278872
278873
278874
278875
278876
278877
278878
278879
278880
278881
278882
284229
284230
284231
284232
284233
284234
284235
284236
284237
284238
284239
284240
284241
284242
284243
284244
284245
284246
284247
284248
284249
284250
284251
284252
284253
284254
284255
284256
284257
284258
284310
284311
284312
284313
284314
284315
284316
284317
284318
284319
284320
284321
284322
284323
284324
284325
284326
284327
284328
284329
284330
284331
284332
284333
284334
284335
284336
284337
284338
284339
284340
284341
284342
284343
284344
284345
284346
284347
284348
284349
284350
284351
284352
284353
284354
284355
284356
284357
284358
284359
284360
284361
284362
284363
284364
284365
284366
284367
284368
284369
284370
284371
284372
284373
284374
284375
284376
284377
284378
284379
284380
284381
284382
284383
284384
284385
284386
284387
284388
284389
284390
284391
284392
284393
284394
284395
284396
284397
284398
284399
284400
284401
284402
284403
284404
284405
284406
284407
284408
284409
284410
284411
284412
284413
284414
284415
284416
284417
284418
284419
284420
284421
284422
284423
284424
284425
284426
284427
284428
284429
284430
284431
284432
284433
284434
284435
284436
284437
284438
284439
284440
284441
284442
284443
284444
284445
284446
284447
284448
284449
284450
284451
284452
284453
284454
284455
284456
284457
284458
284459
284460
284461
284462
284463
284464
284465
284466
284467
284468
284469
284470
284471
284472
284473
284474
284475
284476
284477
284478
284479
284480
284481
284482
284483
284484
284485
284486
284487
284488
284489
284490
284491
284492
284493
284494
284495
284496
284497
284498
284499
284500
284501
284502
284503
284504
284505
284506
284507
284508
284509
284510
284511
284512
284513
284514
284515
284516
284517
284518
284519
284520
284521
284522
284523
284524
284525
284526
284527
284528
284529
284530
284531
284532
284533
284534
284535
284536
284537
284538
284539
284540
284541
284542
284543
284544
284545
284546
284547
284548
284549
284550
284551
284552
284553
284554
284555
284556
284557
284558
284559
284560
284561
284562
284563
284564
284565
284566
284567
284568
284569
284570
284571
284572
284573
284574
284575
284576
284577
284578
284579
284580
284581
284582
284583
284584
284585
284586
284587
284588
284589
284590
284591
284592
284593
284594
284595
284596
284597
284598
284599
284600
284601
284602
284603
284604
284605
284606
284607
284608
284609
284610
284611
284612
284613
284614
284615
284616
284617
284618
284619
284620
284621
284622
284623
284624
284625
284626
284627
284628
284629
284630
284631
284632
284633
284634
284635
284636
284637
284638
284639
284640
284641
284642
284643
284644
284645
284646
284647
284648
284649
284650
284651
284652
284653
284654
284655
284656
284657
284658
284659
284660
284661
284662
284663
284664
284665
284666
284667
284668
284669
284670
284671
284672
284673
284674
284675
284676
284677
284678
284679
284680
284681
284682
284683
284684
284685
284686
284687
284688
284689
284690
284691
284692
284693
284694
284695
284696
284697
284698
284699
284700
284701
284702
284703
284704
284705
284706
284707
284708
284709
284710
284711
284712
284713
284714
284715
284716
284717
284718
284719
284720
284721
284722
284723
284724
284725
284726
284727
284728
284729
284730
284731
284732
284733
284734
284735
284736
284737
284738
284739
284740
284741
284742
284743
284744
284745
284746
284747
284748
284749
284750
284751
284752
284753
284754
284755
284756
284757
284758
284759
284760
284761
284762
284763
284764
284765
284766
284767
284768
284769
284770
284771
284772
284773
284774
284775
284776
284777
284778
284779
284780
284781
284782
284783
284784
284785
284786
284787
284788
284789
284790
284791
284792
284793
284794
284795
284796
284797
284798
284799
284800
284801
284802
284803
284804
284805
284806
284807
284808
284809
284810
284811
284812
284813
284814
284815
284816
284817
284818
284819
284820
284821
284822
284823
284824
284825
284826
284827
284828
284829
284830
284831
284832
284833
284834
284835
284836
284837
284838
284839
284840
284841
284842
284843
284844
284845
284846
284847
284848
284849
284850
284851
284852
284853
284854
284855
284856
284857
284858
284859
284860
284861
284862
284863
284864
284865
284866
284867
284868
284869
284870
284871
284872
284873
284874
284875
284876
284877
284878
284879
284880
284881
284882
284883
284884
284885
284886
284887
284888
284889
284890
284891
284892
284893
284894
284895
284896
284897
284898
284899
284900
284901
284902
284903
284904
284905
284906
284907
284908
284909
284910
284911
284912
284913
284914
284915
284916
284917
284918
284919
284920
284921
284922
284923
284924
284925
284926
284927
284928
284929
284930
284931
284932
284933
284934
284935
284936
284937
284938
284939
284940
284941
284942
284943
284944
284945
284946
284947
284948
284949
284950
284951
284952
284953
284954
284955
284956
284957
284958
284959
284960
284961
284962
284963
284964
284965
284966
284967
284968
284969
284970
284971
284972
284973
284974
284975
284976
284977
284978
284979
284980
284981
284982
284983
284984
284985
284986
284987
284988
284989
284990
284991
284992
284993
284994
284995
284996
284997
284998
284999
285000
285001
285002
285003
285004
285005
285006
285007
285008
285009
285010
285011
285012
285013
285014
285015
285016
285017
285018
285019
285020
285021
285022
285023
285024
285025
285026
285027
285028
285029
285030
285031
285032
285033
285034
285035
285036
285037
285038
285039
285040
285041
285042
285043
285044
285045
285046
285047
285048
285049
285050
285051
285052
285053
285054
285055
285056
285057
285058
285059
285060
285061
285062
285063
285064
285065
285066
285067
285068
285069
285070
285071
285072
285073
285074
285075
285076
285077
285078
285079
285080
285081
285082
285083
285084
285085
285086
285087
285088
285089
285090
285091
285092
285093
285094
285095
285096
285097
285098
285099
285100
285101
285102
285103
285104
285105
285106
285107
285108
285109
285110
285111
285112
285113
285114
285115
285116
285117
285118
285119
285120
285121
285122
285123
285124
285125
285126
285127
285128
285129
285130
285131
285132
285133
285134
285135
285136
285137
285138
285139
285140
285141
285142
285143
285144
285145
285146
285147
285148
285149
285150
285151
285152
285153
285154
285155
285156
285157
285158
285159
285160
285161
285162
285163
285164
285165
285166
285167
285168
285169
285170
285171
285172
285173
285174
285175
285176
285177
285178
285179
285180
285181
285182
285183
285184
285185
285186
285187
285188
285189
285190
285191
285192
285193
285194
285195
285196
285197
285198
285199
285200
285201
285202
285203
285204
285205
285206
285207
285208
285209
285210
285211
285212
285213
285214
285215
285216
285217
285218
285219
285220
285221
285222
285223
285224
285225
285226
285227
285228
285229
285230
285231
285232
285233
285234
285235
285236
285237
285238
285239
285240
285241
285242
285243
285244
285245
285246
285247
285248
285249
285250
285251
285252
285253
285254
285255
285256
285257
285258
285259
285260
285261
285262
285263
285264
285265
285266
285267
285268
285269
285270
285271
285272
285273
285274
285275
285276
285277
285278
285279
285280
285281
285282
285283
285284
285285
285286
285287
285288
285289
285290
285291
285292
285293
285294
285295
285296
285297
285298
285299
285300
285301
285302
285303
285304
285305
285306
285307
285308
285309
285310
285311
285312
285313
285314
285315
285316
285317
285318
285319
285320
285321
285322
285323
285324
285325
285326
285327
285328
285329
285330
285331
285332
285333
285334
285335
285336
285337
285338
285339
285340
285341
285342
285343
285344
285345
285346
285347
285348
285349
285350
285351
285352
285353
285354
285355
285356
285357
285358
285359
285360
285361
285362
285363
285364
285365
285366
285367
285368
285369
285370
285371
285372
285373
285374
285375
285376
285377
285378
285379
285380
285381
285382
285383
285384
285385
285386
285387
285388
285389
285390
285391
285392
285393
285394
285395
285396
285397
285398
285399
285400
285401
285402
285403
285404
285405
285406
285407
285408
285409
285410
285411
285412
285413
285414
285415
285416
285417
285418
285419
285420
285421
285422
285423
285424
285425
285426
285427
285428
285429
285430
285431
285432
285433
285434
285435
285436
285437
285438
285439
285440
285441
285442
285443
290790
290791
290792
290793
290794
290795
290796
290797
290798
290799
290800
290801
290802
290803
290804
290805
290806
290807
290808
290809
290810
290811
290812
290813
290814
290815
290816
290817
290818
290819
290820
290871
290872
290873
290874
290875
290876
290877
290878
290879
290880
290881
290882
290883
290884
290885
290886
290887
290888
290889
290890
290891
290892
290893
290894
290895
290896
290897
290898
290899
290900
290901
290902
290903
290904
290905
290906
290907
290908
290909
290910
290911
290912
290913
290914
290915
290916
290917
290918
290919
290920
290921
290922
290923
290924
290925
290926
290927
290928
290929
290930
290931
290932
290933
290934
290935
290936
290937
290938
290939
290940
290941
290942
290943
290944
290945
290946
290947
290948
290949
290950
290951
290952
290953
290954
290955
290956
290957
290958
290959
290960
290961
290962
290963
290964
290965
290966
290967
290968
290969
290970
290971
290972
290973
290974
290975
290976
290977
290978
290979
290980
290981
290982
290983
290984
290985
290986
290987
290988
290989
290990
290991
290992
290993
290994
290995
290996
290997
290998
290999
291000
291001
291002
291003
291004
291005
291006
291007
291008
291009
291010
291011
291012
291013
291014
291015
291016
291017
291018
291019
291020
291021
291022
291023
291024
291025
291026
291027
291028
291029
291030
291031
291032
291033
291034
291035
291036
291037
291038
291039
291040
291041
291042
291043
291044
291045
291046
291047
291048
291049
291050
291051
291052
291053
291054
291055
291056
291057
291058
291059
291060
291061
291062
291063
291064
291065
291066
291067
291068
291069
291070
291071
291072
291073
291074
291075
291076
291077
291078
291079
291080
291081
291082
291083
291084
291085
291086
291087
291088
291089
291090
291091
291092
291093
291094
291095
291096
291097
291098
291099
291100
291101
291102
291103
291104
291105
291106
291107
291108
291109
291110
291111
291112
291113
291114
291115
291116
291117
291118
291119
291120
291121
291122
291123
291124
291125
291126
291127
291128
291129
291130
291131
291132
291133
291134
291135
291136
291137
291138
291139
291140
291141
291142
291143
291144
291145
291146
291147
291148
291149
291150
291151
291152
291153
291154
291155
291156
291157
291158
291159
291160
291161
291162
291163
291164
291165
291166
291167
291168
291169
291170
291171
291172
291173
291174
291175
291176
291177
291178
291179
291180
291181
291182
291183
291184
291185
291186
291187
291188
291189
291190
291191
291192
291193
291194
291195
291196
291197
291198
291199
291200
291201
291202
291203
291204
291205
291206
291207
291208
291209
291210
291211
291212
291213
291214
291215
291216
291217
291218
291219
291220
291221
291222
291223
291224
291225
291226
291227
291228
291229
291230
291231
291232
291233
291234
291235
291236
291237
291238
291239
291240
291241
291242
291243
291244
291245
291246
291247
291248
291249
291250
291251
291252
291253
291254
291255
291256
291257
291258
291259
291260
291261
291262
291263
291264
291265
291266
291267
291268
291269
291270
291271
291272
291273
291274
291275
291276
291277
291278
291279
291280
291281
291282
291283
291284
291285
291286
291287
291288
291289
291290
291291
291292
291293
291294
291295
291296
291297
291298
291299
291300
291301
291302
291303
291304
291305
291306
291307
291308
291309
291310
291311
291312
291313
291314
291315
291316
291317
291318
291319
291320
291321
291322
291323
291324
291325
291326
291327
291328
291329
291330
291331
291332
291333
291334
291335
291336
291337
291338
291339
291340
291341
291342
291343
291344
291345
291346
291347
291348
291349
291350
291351
291352
291353
291354
291355
291356
291357
291358
291359
291360
291361
291362
291363
291364
291365
291366
291367
291368
291369
291370
291371
291372
291373
291374
291375
291376
291377
291378
291379
291380
291381
291382
291383
291384
291385
291386
291387
291388
291389
291390
291391
291392
291393
291394
291395
291396
291397
291398
291399
291400
291401
291402
291403
291404
291405
291406
291407
291408
291409
291410
291411
291412
291413
291414
291415
291416
291417
291418
291419
291420
291421
291422
291423
291424
291425
291426
291427
291428
291429
291430
291431
291432
291433
291434
291435
291436
291437
291438
291439
291440
291441
291442
291443
291444
291445
291446
291447
291448
291449
291450
291451
291452
291453
291454
291455
291456
291457
291458
291459
291460
291461
291462
291463
291464
291465
291466
291467
291468
291469
291470
291471
291472
291473
291474
291475
291476
291477
291478
291479
291480
291481
291482
291483
291484
291485
291486
291487
291488
291489
291490
291491
291492
291493
291494
291495
291496
291497
291498
291499
291500
291501
291502
291503
291504
291505
291506
291507
291508
291509
291510
291511
291512
291513
291514
291515
291516
291517
291518
291519
291520
291521
291522
291523
291524
291525
291526
291527
291528
291529
291530
291531
291532
291533
291534
291535
291536
291537
291538
291539
291540
291541
291542
291543
291544
291545
291546
291547
291548
291549
291550
291551
291552
291553
291554
291555
291556
291557
291558
291559
291560
291561
291562
291563
291564
291565
291566
291567
291568
291569
291570
291571
291572
291573
291574
291575
291576
291577
291578
291579
291580
291581
291582
291583
291584
291585
291586
291587
291588
291589
291590
291591
291592
291593
291594
291595
291596
291597
291598
291599
291600
291601
291602
291603
291604
291605
291606
291607
291608
291609
291610
291611
291612
291613
291614
291615
291616
291617
291618
291619
291620
291621
291622
291623
291624
291625
291626
291627
291628
291629
291630
291631
291632
291633
291634
291635
291636
291637
291638
291639
291640
291641
291642
291643
291644
291645
291646
291647
291648
291649
291650
291651
291652
291653
291654
291655
291656
291657
291658
291659
291660
291661
291662
291663
291664
291665
291666
291667
291668
291669
291670
291671
291672
291673
291674
291675
291676
291677
291678
291679
291680
291681
291682
291683
291684
291685
291686
291687
291688
291689
291690
291691
291692
291693
291694
291695
291696
291697
291698
291699
291700
291701
291702
291703
291704
291705
291706
291707
291708
291709
291710
291711
291712
291713
291714
291715
291716
291717
291718
291719
291720
291721
291722
291723
291724
291725
291726
291727
291728
291729
291730
291731
291732
291733
291734
291735
291736
291737
291738
291739
291740
291741
291742
291743
291744
291745
291746
291747
291748
291749
291750
291751
291752
291753
291754
291755
291756
291757
291758
291759
291760
291761
291762
291763
291764
291765
291766
291767
291768
291769
291770
291771
291772
291773
291774
291775
291776
291777
291778
291779
291780
291781
291782
291783
291784
291785
291786
291787
291788
291789
291790
291791
291792
291793
291794
291795
291796
291797
291798
291799
291800
291801
291802
291803
291804
291805
291806
291807
291808
291809
291810
291811
291812
291813
291814
291815
291816
291817
291818
291819
291820
291821
291822
291823
291824
291825
291826
291827
291828
291829
291830
291831
291832
291833
291834
291835
291836
291837
291838
291839
291840
291841
291842
291843
291844
291845
291846
291847
291848
291849
291850
291851
291852
291853
291854
291855
291856
291857
291858
291859
291860
291861
291862
291863
291864
291865
291866
291867
291868
291869
291870
291871
291872
291873
291874
291875
291876
291877
291878
291879
291880
291881
291882
291883
291884
291885
291886
291887
291888
291889
291890
291891
291892
291893
291894
291895
291896
291897
291898
291899
291900
291901
291902
291903
291904
291905
291906
291907
291908
291909
291910
291911
291912
291913
291914
291915
291916
291917
291918
291919
291920
291921
291922
291923
291924
291925
291926
291927
291928
291929
291930
291931
291932
291933
291934
291935
291936
291937
291938
291939
291940
291941
291942
291943
291944
291945
291946
291947
291948
291949
291950
291951
291952
291953
291954
291955
291956
291957
291958
291959
291960
291961
291962
291963
291964
291965
291966
291967
291968
291969
291970
291971
291972
291973
291974
291975
291976
291977
291978
291979
291980
291981
291982
291983
291984
291985
291986
291987
291988
291989
291990
291991
291992
291993
291994
291995
291996
291997
291998
291999
292000
292001
292002
292003
292004
297351
297352
297353
297354
297355
297356
297357
297358
297359
297360
297361
297362
297363
297364
297365
297366
297367
297368
297369
297370
297371
297372
297373
297374
297375
297376
297377
297378
297379
297380
297381
297382
297432
297433
297434
297435
297436
297437
297438
297439
297440
297441
297442
297443
297444
297445
297446
297447
297448
297449
297450
297451
297452
297453
297454
297455
297456
297457
297458
297459
297460
297461
297462
297463
297464
297465
297466
297467
297468
297469
297470
297471
297472
297473
297474
297475
297476
297477
297478
297479
297480
297481
297482
297483
297484
297485
297486
297487
297488
297489
297490
297491
297492
297493
297494
297495
297496
297497
297498
297499
297500
297501
297502
297503
297504
297505
297506
297507
297508
297509
297510
297511
297512
297513
297514
297515
297516
297517
297518
297519
297520
297521
297522
297523
297524
297525
297526
297527
297528
297529
297530
297531
297532
297533
297534
297535
297536
297537
297538
297539
297540
297541
297542
297543
297544
297545
297546
297547
297548
297549
297550
297551
297552
297553
297554
297555
297556
297557
297558
297559
297560
297561
297562
297563
297564
297565
297566
297567
297568
297569
297570
297571
297572
297573
297574
297575
297576
297577
297578
297579
297580
297581
297582
297583
297584
297585
297586
297587
297588
297589
297590
297591
297592
297593
297594
297595
297596
297597
297598
297599
297600
297601
297602
297603
297604
297605
297606
297607
297608
297609
297610
297611
297612
297613
297614
297615
297616
297617
297618
297619
297620
297621
297622
297623
297624
297625
297626
297627
297628
297629
297630
297631
297632
297633
297634
297635
297636
297637
297638
297639
297640
297641
297642
297643
297644
297645
297646
297647
297648
297649
297650
297651
297652
297653
297654
297655
297656
297657
297658
297659
297660
297661
297662
297663
297664
297665
297666
297667
297668
297669
297670
297671
297672
297673
297674
297675
297676
297677
297678
297679
297680
297681
297682
297683
297684
297685
297686
297687
297688
297689
297690
297691
297692
297693
297694
297695
297696
297697
297698
297699
297700
297701
297702
297703
297704
297705
297706
297707
297708
297709
297710
297711
297712
297713
297714
297715
297716
297717
297718
297719
297720
297721
297722
297723
297724
297725
297726
297727
297728
297729
297730
297731
297732
297733
297734
297735
297736
297737
297738
297739
297740
297741
297742
297743
297744
297745
297746
297747
297748
297749
297750
297751
297752
297753
297754
297755
297756
297757
297758
297759
297760
297761
297762
297763
297764
297765
297766
297767
297768
297769
297770
297771
297772
297773
297774
297775
297776
297777
297778
297779
297780
297781
297782
297783
297784
297785
297786
297787
297788
297789
297790
297791
297792
297793
297794
297795
297796
297797
297798
297799
297800
297801
297802
297803
297804
297805
297806
297807
297808
297809
297810
297811
297812
297813
297814
297815
297816
297817
297818
297819
297820
297821
297822
297823
297824
297825
297826
297827
297828
297829
297830
297831
297832
297833
297834
297835
297836
297837
297838
297839
297840
297841
297842
297843
297844
297845
297846
297847
297848
297849
297850
297851
297852
297853
297854
297855
297856
297857
297858
297859
297860
297861
297862
297863
297864
297865
297866
297867
297868
297869
297870
297871
297872
297873
297874
297875
297876
297877
297878
297879
297880
297881
297882
297883
297884
297885
297886
297887
297888
297889
297890
297891
297892
297893
297894
297895
297896
297897
297898
297899
297900
297901
297902
297903
297904
297905
297906
297907
297908
297909
297910
297911
297912
297913
297914
297915
297916
297917
297918
297919
297920
297921
297922
297923
297924
297925
297926
297927
297928
297929
297930
297931
297932
297933
297934
297935
297936
297937
297938
297939
297940
297941
297942
297943
297944
297945
297946
297947
297948
297949
297950
297951
297952
297953
297954
297955
297956
297957
297958
297959
297960
297961
297962
297963
297964
297965
297966
297967
297968
297969
297970
297971
297972
297973
297974
297975
297976
297977
297978
297979
297980
297981
297982
297983
297984
297985
297986
297987
297988
297989
297990
297991
297992
297993
297994
297995
297996
297997
297998
297999
298000
298001
298002
298003
298004
298005
298006
298007
298008
298009
298010
298011
298012
298013
298014
298015
298016
298017
298018
298019
298020
298021
298022
298023
298024
298025
298026
298027
298028
298029
298030
298031
298032
298033
298034
298035
298036
298037
298038
298039
298040
298041
298042
298043
298044
298045
298046
298047
298048
298049
298050
298051
298052
298053
298054
298055
298056
298057
298058
298059
298060
298061
298062
298063
298064
298065
298066
298067
298068
298069
298070
298071
298072
298073
298074
298075
298076
298077
298078
298079
298080
298081
298082
298083
298084
298085
298086
298087
298088
298089
298090
298091
298092
298093
298094
298095
298096
298097
298098
298099
298100
298101
298102
298103
298104
298105
298106
298107
298108
298109
298110
298111
298112
298113
298114
298115
298116
298117
298118
298119
298120
298121
298122
298123
298124
298125
298126
298127
298128
298129
298130
298131
298132
298133
298134
298135
298136
298137
298138
298139
298140
298141
298142
298143
298144
298145
298146
298147
298148
298149
298150
298151
298152
298153
298154
298155
298156
298157
298158
298159
298160
298161
298162
298163
298164
298165
298166
298167
298168
298169
298170
298171
298172
298173
298174
298175
298176
298177
298178
298179
298180
298181
298182
298183
298184
298185
298186
298187
298188
298189
298190
298191
298192
298193
298194
298195
298196
298197
298198
298199
298200
298201
298202
298203
298204
298205
298206
298207
298208
298209
298210
298211
298212
298213
298214
298215
298216
298217
298218
298219
298220
298221
298222
298223
298224
298225
298226
298227
298228
298229
298230
298231
298232
298233
298234
298235
298236
298237
298238
298239
298240
298241
298242
298243
298244
298245
298246
298247
298248
298249
298250
298251
298252
298253
298254
298255
298256
298257
298258
298259
298260
298261
298262
298263
298264
298265
298266
298267
298268
298269
298270
298271
298272
298273
298274
298275
298276
298277
298278
298279
298280
298281
298282
298283
298284
298285
298286
298287
298288
298289
298290
298291
298292
298293
298294
298295
298296
298297
298298
298299
298300
298301
298302
298303
298304
298305
298306
298307
298308
298309
298310
298311
298312
298313
298314
298315
298316
298317
298318
298319
298320
298321
298322
298323
298324
298325
298326
298327
298328
298329
298330
298331
298332
298333
298334
298335
298336
298337
298338
298339
298340
298341
298342
298343
298344
298345
298346
298347
298348
298349
298350
298351
298352
298353
298354
298355
298356
298357
298358
298359
298360
298361
298362
298363
298364
298365
298366
298367
298368
298369
298370
298371
298372
298373
298374
298375
298376
298377
298378
298379
298380
298381
298382
298383
298384
298385
298386
298387
298388
298389
298390
298391
298392
298393
298394
298395
298396
298397
298398
298399
298400
298401
298402
298403
298404
298405
298406
298407
298408
298409
298410
298411
298412
298413
298414
298415
298416
298417
298418
298419
298420
298421
298422
298423
298424
298425
298426
298427
298428
298429
298430
298431
298432
298433
298434
298435
298436
298437
298438
298439
298440
298441
298442
298443
298444
298445
298446
298447
298448
298449
298450
298451
298452
298453
298454
298455
298456
298457
298458
298459
298460
298461
298462
298463
298464
298465
298466
298467
298468
298469
298470
298471
298472
298473
298474
298475
298476
298477
298478
298479
298480
298481
298482
298483
298484
298485
298486
298487
298488
298489
298490
298491
298492
298493
298494
298495
298496
298497
298498
298499
298500
298501
298502
298503
298504
298505
298506
298507
298508
298509
298510
298511
298512
298513
298514
298515
298516
298517
298518
298519
298520
298521
298522
298523
298524
298525
298526
298527
298528
298529
298530
298531
298532
298533
298534
298535
298536
298537
298538
298539
298540
298541
298542
298543
298544
298545
298546
298547
298548
298549
298550
298551
298552
298553
298554
298555
298556
298557
298558
298559
298560
298561
298562
298563
298564
298565
303912
303913
303914
303915
303916
303917
303918
303919
303920
303921
303922
303923
303924
303925
303926
303927
303928
303929
303930
303931
303932
303933
303934
303935
303936
303937
303938
303939
303940
303941
303942
303943
303944
303993
303994
303995
303996
303997
303998
303999
304000
304001
304002
304003
304004
304005
304006
304007
304008
304009
304010
304011
304012
304013
304014
304015
304016
304017
304018
304019
304020
304021
304022
304023
304024
304025
304026
304027
304028
304029
304030
304031
304032
304033
304034
304035
304036
304037
304038
304039
304040
304041
304042
304043
304044
304045
304046
304047
304048
304049
304050
304051
304052
304053
304054
304055
304056
304057
304058
304059
304060
304061
304062
304063
304064
304065
304066
304067
304068
304069
304070
304071
304072
304073
304074
304075
304076
304077
304078
304079
304080
304081
304082
304083
304084
304085
304086
304087
304088
304089
304090
304091
304092
304093
304094
304095
304096
304097
304098
304099
304100
304101
304102
304103
304104
304105
304106
304107
304108
304109
304110
304111
304112
304113
304114
304115
304116
304117
304118
304119
304120
304121
304122
304123
304124
304125
304126
304127
304128
304129
304130
304131
304132
304133
304134
304135
304136
304137
304138
304139
304140
304141
304142
304143
304144
304145
304146
304147
304148
304149
304150
304151
304152
304153
304154
304155
304156
304157
304158
304159
304160
304161
304162
304163
304164
304165
304166
304167
304168
304169
304170
304171
304172
304173
304174
304175
304176
304177
304178
304179
304180
304181
304182
304183
304184
304185
304186
304187
304188
304189
304190
304191
304192
304193
304194
304195
304196
304197
304198
304199
304200
304201
304202
304203
304204
304205
304206
304207
304208
304209
304210
304211
304212
304213
304214
304215
304216
304217
304218
304219
304220
304221
304222
304223
304224
304225
304226
304227
304228
304229
304230
304231
304232
304233
304234
304235
304236
304237
304238
304239
304240
304241
304242
304243
304244
304245
304246
304247
304248
304249
304250
304251
304252
304253
304254
304255
304256
304257
304258
304259
304260
304261
304262
304263
304264
304265
304266
304267
304268
304269
304270
304271
304272
304273
304274
304275
304276
304277
304278
304279
304280
304281
304282
304283
304284
304285
304286
304287
304288
304289
304290
304291
304292
304293
304294
304295
304296
304297
304298
304299
304300
304301
304302
304303
304304
304305
304306
304307
304308
304309
304310
304311
304312
304313
304314
304315
304316
304317
304318
304319
304320
304321
304322
304323
304324
304325
304326
304327
304328
304329
304330
304331
304332
304333
304334
304335
304336
304337
304338
304339
304340
304341
304342
304343
304344
304345
304346
304347
304348
304349
304350
304351
304352
304353
304354
304355
304356
304357
304358
304359
304360
304361
304362
304363
304364
304365
304366
304367
304368
304369
304370
304371
304372
304373
304374
304375
304376
304377
304378
304379
304380
304381
304382
304383
304384
304385
304386
304387
304388
304389
304390
304391
304392
304393
304394
304395
304396
304397
304398
304399
304400
304401
304402
304403
304404
304405
304406
304407
304408
304409
304410
304411
304412
304413
304414
304415
304416
304417
304418
304419
304420
304421
304422
304423
304424
304425
304426
304427
304428
304429
304430
304431
304432
304433
304434
304435
304436
304437
304438
304439
304440
304441
304442
304443
304444
304445
304446
304447
304448
304449
304450
304451
304452
304453
304454
304455
304456
304457
304458
304459
304460
304461
304462
304463
304464
304465
304466
304467
304468
304469
304470
304471
304472
304473
304474
304475
304476
304477
304478
304479
304480
304481
304482
304483
304484
304485
304486
304487
304488
304489
304490
304491
304492
304493
304494
304495
304496
304497
304498
304499
304500
304501
304502
304503
304504
304505
304506
304507
304508
304509
304510
304511
304512
304513
304514
304515
304516
304517
304518
304519
304520
304521
304522
304523
304524
304525
304526
304527
304528
304529
304530
304531
304532
304533
304534
304535
304536
304537
304538
304539
304540
304541
304542
304543
304544
304545
304546
304547
304548
304549
304550
304551
304552
304553
304554
304555
304556
304557
304558
304559
304560
304561
304562
304563
304564
304565
304566
304567
304568
304569
304570
304571
304572
304573
304574
304575
304576
304577
304578
304579
304580
304581
304582
304583
304584
304585
304586
304587
304588
304589
304590
304591
304592
304593
304594
304595
304596
304597
304598
304599
304600
304601
304602
304603
304604
304605
304606
304607
304608
304609
304610
304611
304612
304613
304614
304615
304616
304617
304618
304619
304620
304621
304622
304623
304624
304625
304626
304627
304628
304629
304630
304631
304632
304633
304634
304635
304636
304637
304638
304639
304640
304641
304642
304643
304644
304645
304646
304647
304648
304649
304650
304651
304652
304653
304654
304655
304656
304657
304658
304659
304660
304661
304662
304663
304664
304665
304666
304667
304668
304669
304670
304671
304672
304673
304674
304675
304676
304677
304678
304679
304680
304681
304682
304683
304684
304685
304686
304687
304688
304689
304690
304691
304692
304693
304694
304695
304696
304697
304698
304699
304700
304701
304702
304703
304704
304705
304706
304707
304708
304709
304710
304711
304712
304713
304714
304715
304716
304717
304718
304719
304720
304721
304722
304723
304724
304725
304726
304727
304728
304729
304730
304731
304732
304733
304734
304735
304736
304737
304738
304739
304740
304741
304742
304743
304744
304745
304746
304747
304748
304749
304750
304751
304752
304753
304754
304755
304756
304757
304758
304759
304760
304761
304762
304763
304764
304765
304766
304767
304768
304769
304770
304771
304772
304773
304774
304775
304776
304777
304778
304779
304780
304781
304782
304783
304784
304785
304786
304787
304788
304789
304790
304791
304792
304793
304794
304795
304796
304797
304798
304799
304800
304801
304802
304803
304804
304805
304806
304807
304808
304809
304810
304811
304812
304813
304814
304815
304816
304817
304818
304819
304820
304821
304822
304823
304824
304825
304826
304827
304828
304829
304830
304831
304832
304833
304834
304835
304836
304837
304838
304839
304840
304841
304842
304843
304844
304845
304846
304847
304848
304849
304850
304851
304852
304853
304854
304855
304856
304857
304858
304859
304860
304861
304862
304863
304864
304865
304866
304867
304868
304869
304870
304871
304872
304873
304874
304875
304876
304877
304878
304879
304880
304881
304882
304883
304884
304885
304886
304887
304888
304889
304890
304891
304892
304893
304894
304895
304896
304897
304898
304899
304900
304901
304902
304903
304904
304905
304906
304907
304908
304909
304910
304911
304912
304913
304914
304915
304916
304917
304918
304919
304920
304921
304922
304923
304924
304925
304926
304927
304928
304929
304930
304931
304932
304933
304934
304935
304936
304937
304938
304939
304940
304941
304942
304943
304944
304945
304946
304947
304948
304949
304950
304951
304952
304953
304954
304955
304956
304957
304958
304959
304960
304961
304962
304963
304964
304965
304966
304967
304968
304969
304970
304971
304972
304973
304974
304975
304976
304977
304978
304979
304980
304981
304982
304983
304984
304985
304986
304987
304988
304989
304990
304991
304992
304993
304994
304995
304996
304997
304998
304999
305000
305001
305002
305003
305004
305005
305006
305007
305008
305009
305010
305011
305012
305013
305014
305015
305016
305017
305018
305019
305020
305021
305022
305023
305024
305025
305026
305027
305028
305029
305030
305031
305032
305033
305034
305035
305036
305037
305038
305039
305040
305041
305042
305043
305044
305045
305046
305047
305048
305049
305050
305051
305052
305053
305054
305055
305056
305057
305058
305059
305060
305061
305062
305063
305064
305065
305066
305067
305068
305069
305070
305071
305072
305073
305074
305075
305076
305077
305078
305079
305080
305081
305082
305083
305084
305085
305086
305087
305088
305089
305090
305091
305092
305093
305094
305095
305096
305097
305098
305099
305100
305101
305102
305103
305104
305105
305106
305107
305108
305109
305110
305111
305112
305113
305114
305115
305116
305117
305118
305119
305120
305121
305122
305123
305124
305125
305126
310473
310474
310475
310476
310477
310478
310479
310480
310481
310482
310483
310484
310485
310486
310487
310488
310489
310490
310491
310492
310493
310494
310495
310496
310497
310498
310499
310500
310501
310502
310503
310504
310505
310506
310554
310555
310556
310557
310558
310559
310560
310561
310562
310563
310564
310565
310566
310567
310568
310569
310570
310571
310572
310573
310574
310575
310576
310577
310578
310579
310580
310581
310582
310583
310584
310585
310586
310587
310588
310589
310590
310591
310592
310593
310594
310595
310596
310597
310598
310599
310600
310601
310602
310603
310604
310605
310606
310607
310608
310609
310610
310611
310612
310613
310614
310615
310616
310617
310618
310619
310620
310621
310622
310623
310624
310625
310626
310627
310628
310629
310630
310631
310632
310633
310634
310635
310636
310637
310638
310639
310640
310641
310642
310643
310644
310645
310646
310647
310648
310649
310650
310651
310652
310653
310654
310655
310656
310657
310658
310659
310660
310661
310662
310663
310664
310665
310666
310667
310668
310669
310670
310671
310672
310673
310674
310675
310676
310677
310678
310679
310680
310681
310682
310683
310684
310685
310686
310687
310688
310689
310690
310691
310692
310693
310694
310695
310696
310697
310698
310699
310700
310701
310702
310703
310704
310705
310706
310707
310708
310709
310710
310711
310712
310713
310714
310715
310716
310717
310718
310719
310720
310721
310722
310723
310724
310725
310726
310727
310728
310729
310730
310731
310732
310733
310734
310735
310736
310737
310738
310739
310740
310741
310742
310743
310744
310745
310746
310747
310748
310749
310750
310751
310752
310753
310754
310755
310756
310757
310758
310759
310760
310761
310762
310763
310764
310765
310766
310767
310768
310769
310770
310771
310772
310773
310774
310775
310776
310777
310778
310779
310780
310781
310782
310783
310784
310785
310786
310787
310788
310789
310790
310791
310792
310793
310794
310795
310796
310797
310798
310799
310800
310801
310802
310803
310804
310805
310806
310807
310808
310809
310810
310811
310812
310813
310814
310815
310816
310817
310818
310819
310820
310821
310822
310823
310824
310825
310826
310827
310828
310829
310830
310831
310832
310833
310834
310835
310836
310837
310838
310839
310840
310841
310842
310843
310844
310845
310846
310847
310848
310849
310850
310851
310852
310853
310854
310855
310856
310857
310858
310859
310860
310861
310862
310863
310864
310865
310866
310867
310868
310869
310870
310871
310872
310873
310874
310875
310876
310877
310878
310879
310880
310881
310882
310883
310884
310885
310886
310887
310888
310889
310890
310891
310892
310893
310894
310895
310896
310897
310898
310899
310900
310901
310902
310903
310904
310905
310906
310907
310908
310909
310910
310911
310912
310913
310914
310915
310916
310917
310918
310919
310920
310921
310922
310923
310924
310925
310926
310927
310928
310929
310930
310931
310932
310933
310934
310935
310936
310937
310938
310939
310940
310941
310942
310943
310944
310945
310946
310947
310948
310949
310950
310951
310952
310953
310954
310955
310956
310957
310958
310959
310960
310961
310962
310963
310964
310965
310966
310967
310968
310969
310970
310971
310972
310973
310974
310975
310976
310977
310978
310979
310980
310981
310982
310983
310984
310985
310986
310987
310988
310989
310990
310991
310992
310993
310994
310995
310996
310997
310998
310999
311000
311001
311002
311003
311004
311005
311006
311007
311008
311009
311010
311011
311012
311013
311014
311015
311016
311017
311018
311019
311020
311021
311022
311023
311024
311025
311026
311027
311028
311029
311030
311031
311032
311033
311034
311035
311036
311037
311038
311039
311040
311041
311042
311043
311044
311045
311046
311047
311048
311049
311050
311051
311052
311053
311054
311055
311056
311057
311058
311059
311060
311061
311062
311063
311064
311065
311066
311067
311068
311069
311070
311071
311072
311073
311074
311075
311076
311077
311078
311079
311080
311081
311082
311083
311084
311085
311086
311087
311088
311089
311090
311091
311092
311093
311094
311095
311096
311097
311098
311099
311100
311101
311102
311103
311104
311105
311106
311107
311108
311109
311110
311111
311112
311113
311114
311115
311116
311117
311118
311119
311120
311121
311122
311123
311124
311125
311126
311127
311128
311129
311130
311131
311132
311133
311134
311135
311136
311137
311138
311139
311140
311141
311142
311143
311144
311145
311146
311147
311148
311149
311150
311151
311152
311153
311154
311155
311156
311157
311158
311159
311160
311161
311162
311163
311164
311165
311166
311167
311168
311169
311170
311171
311172
311173
311174
311175
311176
311177
311178
311179
311180
311181
311182
311183
311184
311185
311186
311187
311188
311189
311190
311191
311192
311193
311194
311195
311196
311197
311198
311199
311200
311201
311202
311203
311204
311205
311206
311207
311208
311209
311210
311211
311212
311213
311214
311215
311216
311217
311218
311219
311220
311221
311222
311223
311224
311225
311226
311227
311228
311229
311230
311231
311232
311233
311234
311235
311236
311237
311238
311239
311240
311241
311242
311243
311244
311245
311246
311247
311248
311249
311250
311251
311252
311253
311254
311255
311256
311257
311258
311259
311260
311261
311262
311263
311264
311265
311266
311267
311268
311269
311270
311271
311272
311273
311274
311275
311276
311277
311278
311279
311280
311281
311282
311283
311284
311285
311286
311287
311288
311289
311290
311291
311292
311293
311294
311295
311296
311297
311298
311299
311300
311301
311302
311303
311304
311305
311306
311307
311308
311309
311310
311311
311312
311313
311314
311315
311316
311317
311318
311319
311320
311321
311322
311323
311324
311325
311326
311327
311328
311329
311330
311331
311332
311333
311334
311335
311336
311337
311338
311339
311340
311341
311342
311343
311344
311345
311346
311347
311348
311349
311350
311351
311352
311353
311354
311355
311356
311357
311358
311359
311360
311361
311362
311363
311364
311365
311366
311367
311368
311369
311370
311371
311372
311373
311374
311375
311376
311377
311378
311379
311380
311381
311382
311383
311384
311385
311386
311387
311388
311389
311390
311391
311392
311393
311394
311395
311396
311397
311398
311399
311400
311401
311402
311403
311404
311405
311406
311407
311408
311409
311410
311411
311412
311413
311414
311415
311416
311417
311418
311419
311420
311421
311422
311423
311424
311425
311426
311427
311428
311429
311430
311431
311432
311433
311434
311435
311436
311437
311438
311439
311440
311441
311442
311443
311444
311445
311446
311447
311448
311449
311450
311451
311452
311453
311454
311455
311456
311457
311458
311459
311460
311461
311462
311463
311464
311465
311466
311467
311468
311469
311470
311471
311472
311473
311474
311475
311476
311477
311478
311479
311480
311481
311482
311483
311484
311485
311486
311487
311488
311489
311490
311491
311492
311493
311494
311495
311496
311497
311498
311499
311500
311501
311502
311503
311504
311505
311506
311507
311508
311509
311510
311511
311512
311513
311514
311515
311516
311517
311518
311519
311520
311521
311522
311523
311524
311525
311526
311527
311528
311529
311530
311531
311532
311533
311534
311535
311536
311537
311538
311539
311540
311541
311542
311543
311544
311545
311546
311547
311548
311549
311550
311551
311552
311553
311554
311555
311556
311557
311558
311559
311560
311561
311562
311563
311564
311565
311566
311567
311568
311569
311570
311571
311572
311573
311574
311575
311576
311577
311578
311579
311580
311581
311582
311583
311584
311585
311586
311587
311588
311589
311590
311591
311592
311593
311594
311595
311596
311597
311598
311599
311600
311601
311602
311603
311604
311605
311606
311607
311608
311609
311610
311611
311612
311613
311614
311615
311616
311617
311618
311619
311620
311621
311622
311623
311624
311625
311626
311627
311628
311629
311630
311631
311632
311633
311634
311635
311636
311637
311638
311639
311640
311641
311642
311643
311644
311645
311646
311647
311648
311649
311650
311651
311652
311653
311654
311655
311656
311657
311658
311659
311660
311661
311662
311663
311664
311665
311666
311667
311668
311669
311670
311671
311672
311673
311674
311675
311676
311677
311678
311679
311680
311681
311682
311683
311684
311685
311686
311687
317034
317035
317036
317037
317038
317039
317040
317041
317042
317043
317044
317045
317046
317047
317048
317049
317050
317051
317052
317053
317054
317055
317056
317057
317058
317059
317060
317061
317062
317063
317064
317065
317066
317067
317068
317115
317116
317117
317118
317119
317120
317121
317122
317123
317124
317125
317126
317127
317128
317129
317130
317131
317132
317133
317134
317135
317136
317137
317138
317139
317140
317141
317142
317143
317144
317145
317146
317147
317148
317149
317150
317151
317152
317153
317154
317155
317156
317157
317158
317159
317160
317161
317162
317163
317164
317165
317166
317167
317168
317169
317170
317171
317172
317173
317174
317175
317176
317177
317178
317179
317180
317181
317182
317183
317184
317185
317186
317187
317188
317189
317190
317191
317192
317193
317194
317195
317196
317197
317198
317199
317200
317201
317202
317203
317204
317205
317206
317207
317208
317209
317210
317211
317212
317213
317214
317215
317216
317217
317218
317219
317220
317221
317222
317223
317224
317225
317226
317227
317228
317229
317230
317231
317232
317233
317234
317235
317236
317237
317238
317239
317240
317241
317242
317243
317244
317245
317246
317247
317248
317249
317250
317251
317252
317253
317254
317255
317256
317257
317258
317259
317260
317261
317262
317263
317264
317265
317266
317267
317268
317269
317270
317271
317272
317273
317274
317275
317276
317277
317278
317279
317280
317281
317282
317283
317284
317285
317286
317287
317288
317289
317290
317291
317292
317293
317294
317295
317296
317297
317298
317299
317300
317301
317302
317303
317304
317305
317306
317307
317308
317309
317310
317311
317312
317313
317314
317315
317316
317317
317318
317319
317320
317321
317322
317323
317324
317325
317326
317327
317328
317329
317330
317331
317332
317333
317334
317335
317336
317337
317338
317339
317340
317341
317342
317343
317344
317345
317346
317347
317348
317349
317350
317351
317352
317353
317354
317355
317356
317357
317358
317359
317360
317361
317362
317363
317364
317365
317366
317367
317368
317369
317370
317371
317372
317373
317374
317375
317376
317377
317378
317379
317380
317381
317382
317383
317384
317385
317386
317387
317388
317389
317390
317391
317392
317393
317394
317395
317396
317397
317398
317399
317400
317401
317402
317403
317404
317405
317406
317407
317408
317409
317410
317411
317412
317413
317414
317415
317416
317417
317418
317419
317420
317421
317422
317423
317424
317425
317426
317427
317428
317429
317430
317431
317432
317433
317434
317435
317436
317437
317438
317439
317440
317441
317442
317443
317444
317445
317446
317447
317448
317449
317450
317451
317452
317453
317454
317455
317456
317457
317458
317459
317460
317461
317462
317463
317464
317465
317466
317467
317468
317469
317470
317471
317472
317473
317474
317475
317476
317477
317478
317479
317480
317481
317482
317483
317484
317485
317486
317487
317488
317489
317490
317491
317492
317493
317494
317495
317496
317497
317498
317499
317500
317501
317502
317503
317504
317505
317506
317507
317508
317509
317510
317511
317512
317513
317514
317515
317516
317517
317518
317519
317520
317521
317522
317523
317524
317525
317526
317527
317528
317529
317530
317531
317532
317533
317534
317535
317536
317537
317538
317539
317540
317541
317542
317543
317544
317545
317546
317547
317548
317549
317550
317551
317552
317553
317554
317555
317556
317557
317558
317559
317560
317561
317562
317563
317564
317565
317566
317567
317568
317569
317570
317571
317572
317573
317574
317575
317576
317577
317578
317579
317580
317581
317582
317583
317584
317585
317586
317587
317588
317589
317590
317591
317592
317593
317594
317595
317596
317597
317598
317599
317600
317601
317602
317603
317604
317605
317606
317607
317608
317609
317610
317611
317612
317613
317614
317615
317616
317617
317618
317619
317620
317621
317622
317623
317624
317625
317626
317627
317628
317629
317630
317631
317632
317633
317634
317635
317636
317637
317638
317639
317640
317641
317642
317643
317644
317645
317646
317647
317648
317649
317650
317651
317652
317653
317654
317655
317656
317657
317658
317659
317660
317661
317662
317663
317664
317665
317666
317667
317668
317669
317670
317671
317672
317673
317674
317675
317676
317677
317678
317679
317680
317681
317682
317683
317684
317685
317686
317687
317688
317689
317690
317691
317692
317693
317694
317695
317696
317697
317698
317699
317700
317701
317702
317703
317704
317705
317706
317707
317708
317709
317710
317711
317712
317713
317714
317715
317716
317717
317718
317719
317720
317721
317722
317723
317724
317725
317726
317727
317728
317729
317730
317731
317732
317733
317734
317735
317736
317737
317738
317739
317740
317741
317742
317743
317744
317745
317746
317747
317748
317749
317750
317751
317752
317753
317754
317755
317756
317757
317758
317759
317760
317761
317762
317763
317764
317765
317766
317767
317768
317769
317770
317771
317772
317773
317774
317775
317776
317777
317778
317779
317780
317781
317782
317783
317784
317785
317786
317787
317788
317789
317790
317791
317792
317793
317794
317795
317796
317797
317798
317799
317800
317801
317802
317803
317804
317805
317806
317807
317808
317809
317810
317811
317812
317813
317814
317815
317816
317817
317818
317819
317820
317821
317822
317823
317824
317825
317826
317827
317828
317829
317830
317831
317832
317833
317834
317835
317836
317837
317838
317839
317840
317841
317842
317843
317844
317845
317846
317847
317848
317849
317850
317851
317852
317853
317854
317855
317856
317857
317858
317859
317860
317861
317862
317863
317864
317865
317866
317867
317868
317869
317870
317871
317872
317873
317874
317875
317876
317877
317878
317879
317880
317881
317882
317883
317884
317885
317886
317887
317888
317889
317890
317891
317892
317893
317894
317895
317896
317897
317898
317899
317900
317901
317902
317903
317904
317905
317906
317907
317908
317909
317910
317911
317912
317913
317914
317915
317916
317917
317918
317919
317920
317921
317922
317923
317924
317925
317926
317927
317928
317929
317930
317931
317932
317933
317934
317935
317936
317937
317938
317939
317940
317941
317942
317943
317944
317945
317946
317947
317948
317949
317950
317951
317952
317953
317954
317955
317956
317957
317958
317959
317960
317961
317962
317963
317964
317965
317966
317967
317968
317969
317970
317971
317972
317973
317974
317975
317976
317977
317978
317979
317980
317981
317982
317983
317984
317985
317986
317987
317988
317989
317990
317991
317992
317993
317994
317995
317996
317997
317998
317999
318000
318001
318002
318003
318004
318005
318006
318007
318008
318009
318010
318011
318012
318013
318014
318015
318016
318017
318018
318019
318020
318021
318022
318023
318024
318025
318026
318027
318028
318029
318030
318031
318032
318033
318034
318035
318036
318037
318038
318039
318040
318041
318042
318043
318044
318045
318046
318047
318048
318049
318050
318051
318052
318053
318054
318055
318056
318057
318058
318059
318060
318061
318062
318063
318064
318065
318066
318067
318068
318069
318070
318071
318072
318073
318074
318075
318076
318077
318078
318079
318080
318081
318082
318083
318084
318085
318086
318087
318088
318089
318090
318091
318092
318093
318094
318095
318096
318097
318098
318099
318100
318101
318102
318103
318104
318105
318106
318107
318108
318109
318110
318111
318112
318113
318114
318115
318116
318117
318118
318119
318120
318121
318122
318123
318124
318125
318126
318127
318128
318129
318130
318131
318132
318133
318134
318135
318136
318137
318138
318139
318140
318141
318142
318143
318144
318145
318146
318147
318148
318149
318150
318151
318152
318153
318154
318155
318156
318157
318158
318159
318160
318161
318162
318163
318164
318165
318166
318167
318168
318169
318170
318171
318172
318173
318174
318175
318176
318177
318178
318179
318180
318181
318182
318183
318184
318185
318186
318187
318188
318189
318190
318191
318192
318193
318194
318195
318196
318197
318198
318199
318200
318201
318202
318203
318204
318205
318206
318207
318208
318209
318210
318211
318212
318213
318214
318215
318216
318217
318218
318219
318220
318221
318222
318223
318224
318225
318226
318227
318228
318229
318230
318231
318232
318233
318234
318235
318236
318237
318238
318239
318240
318241
318242
318243
318244
318245
318246
318247
318248
323595
323596
323597
323598
323599
323600
323601
323602
323603
323604
323605
323606
323607
323608
323609
323610
323611
323612
323613
323614
323615
323616
323617
323618
323619
323620
323621
323622
323623
323624
323625
323626
323627
323628
323629
323630
323676
323677
323678
323679
323680
323681
323682
323683
323684
323685
323686
323687
323688
323689
323690
323691
323692
323693
323694
323695
323696
323697
323698
323699
323700
323701
323702
323703
323704
323705
323706
323707
323708
323709
323710
323711
323712
323713
323714
323715
323716
323717
323718
323719
323720
323721
323722
323723
323724
323725
323726
323727
323728
323729
323730
323731
323732
323733
323734
323735
323736
323737
323738
323739
323740
323741
323742
323743
323744
323745
323746
323747
323748
323749
323750
323751
323752
323753
323754
323755
323756
323757
323758
323759
323760
323761
323762
323763
323764
323765
323766
323767
323768
323769
323770
323771
323772
323773
323774
323775
323776
323777
323778
323779
323780
323781
323782
323783
323784
323785
323786
323787
323788
323789
323790
323791
323792
323793
323794
323795
323796
323797
323798
323799
323800
323801
323802
323803
323804
323805
323806
323807
323808
323809
323810
323811
323812
323813
323814
323815
323816
323817
323818
323819
323820
323821
323822
323823
323824
323825
323826
323827
323828
323829
323830
323831
323832
323833
323834
323835
323836
323837
323838
323839
323840
323841
323842
323843
323844
323845
323846
323847
323848
323849
323850
323851
323852
323853
323854
323855
323856
323857
323858
323859
323860
323861
323862
323863
323864
323865
323866
323867
323868
323869
323870
323871
323872
323873
323874
323875
323876
323877
323878
323879
323880
323881
323882
323883
323884
323885
323886
323887
323888
323889
323890
323891
323892
323893
323894
323895
323896
323897
323898
323899
323900
323901
323902
323903
323904
323905
323906
323907
323908
323909
323910
323911
323912
323913
323914
323915
323916
323917
323918
323919
323920
323921
323922
323923
323924
323925
323926
323927
323928
323929
323930
323931
323932
323933
323934
323935
323936
323937
323938
323939
323940
323941
323942
323943
323944
323945
323946
323947
323948
323949
323950
323951
323952
323953
323954
323955
323956
323957
323958
323959
323960
323961
323962
323963
323964
323965
323966
323967
323968
323969
323970
323971
323972
323973
323974
323975
323976
323977
323978
323979
323980
323981
323982
323983
323984
323985
323986
323987
323988
323989
323990
323991
323992
323993
323994
323995
323996
323997
323998
323999
324000
324001
324002
324003
324004
324005
324006
324007
324008
324009
324010
324011
324012
324013
324014
324015
324016
324017
324018
324019
324020
324021
324022
324023
324024
324025
324026
324027
324028
324029
324030
324031
324032
324033
324034
324035
324036
324037
324038
324039
324040
324041
324042
324043
324044
324045
324046
324047
324048
324049
324050
324051
324052
324053
324054
324055
324056
324057
324058
324059
324060
324061
324062
324063
324064
324065
324066
324067
324068
324069
324070
324071
324072
324073
324074
324075
324076
324077
324078
324079
324080
324081
324082
324083
324084
324085
324086
324087
324088
324089
324090
324091
324092
324093
324094
324095
324096
324097
324098
324099
324100
324101
324102
324103
324104
324105
324106
324107
324108
324109
324110
324111
324112
324113
324114
324115
324116
324117
324118
324119
324120
324121
324122
324123
324124
324125
324126
324127
324128
324129
324130
324131
324132
324133
324134
324135
324136
324137
324138
324139
324140
324141
324142
324143
324144
324145
324146
324147
324148
324149
324150
324151
324152
324153
324154
324155
324156
324157
324158
324159
324160
324161
324162
324163
324164
324165
324166
324167
324168
324169
324170
324171
324172
324173
324174
324175
324176
324177
324178
324179
324180
324181
324182
324183
324184
324185
324186
324187
324188
324189
324190
324191
324192
324193
324194
324195
324196
324197
324198
324199
324200
324201
324202
324203
324204
324205
324206
324207
324208
324209
324210
324211
324212
324213
324214
324215
324216
324217
324218
324219
324220
324221
324222
324223
324224
324225
324226
324227
324228
324229
324230
324231
324232
324233
324234
324235
324236
324237
324238
324239
324240
324241
324242
324243
324244
324245
324246
324247
324248
324249
324250
324251
324252
324253
324254
324255
324256
324257
324258
324259
324260
324261
324262
324263
324264
324265
324266
324267
324268
324269
324270
324271
324272
324273
324274
324275
324276
324277
324278
324279
324280
324281
324282
324283
324284
324285
324286
324287
324288
324289
324290
324291
324292
324293
324294
324295
324296
324297
324298
324299
324300
324301
324302
324303
324304
324305
324306
324307
324308
324309
324310
324311
324312
324313
324314
324315
324316
324317
324318
324319
324320
324321
324322
324323
324324
324325
324326
324327
324328
324329
324330
324331
324332
324333
324334
324335
324336
324337
324338
324339
324340
324341
324342
324343
324344
324345
324346
324347
324348
324349
324350
324351
324352
324353
324354
324355
324356
324357
324358
324359
324360
324361
324362
324363
324364
324365
324366
324367
324368
324369
324370
324371
324372
324373
324374
324375
324376
324377
324378
324379
324380
324381
324382
324383
324384
324385
324386
324387
324388
324389
324390
324391
324392
324393
324394
324395
324396
324397
324398
324399
324400
324401
324402
324403
324404
324405
324406
324407
324408
324409
324410
324411
324412
324413
324414
324415
324416
324417
324418
324419
324420
324421
324422
324423
324424
324425
324426
324427
324428
324429
324430
324431
324432
324433
324434
324435
324436
324437
324438
324439
324440
324441
324442
324443
324444
324445
324446
324447
324448
324449
324450
324451
324452
324453
324454
324455
324456
324457
324458
324459
324460
324461
324462
324463
324464
324465
324466
324467
324468
324469
324470
324471
324472
324473
324474
324475
324476
324477
324478
324479
324480
324481
324482
324483
324484
324485
324486
324487
324488
324489
324490
324491
324492
324493
324494
324495
324496
324497
324498
324499
324500
324501
324502
324503
324504
324505
324506
324507
324508
324509
324510
324511
324512
324513
324514
324515
324516
324517
324518
324519
324520
324521
324522
324523
324524
324525
324526
324527
324528
324529
324530
324531
324532
324533
324534
324535
324536
324537
324538
324539
324540
324541
324542
324543
324544
324545
324546
324547
324548
324549
324550
324551
324552
324553
324554
324555
324556
324557
324558
324559
324560
324561
324562
324563
324564
324565
324566
324567
324568
324569
324570
324571
324572
324573
324574
324575
324576
324577
324578
324579
324580
324581
324582
324583
324584
324585
324586
324587
324588
324589
324590
324591
324592
324593
324594
324595
324596
324597
324598
324599
324600
324601
324602
324603
324604
324605
324606
324607
324608
324609
324610
324611
324612
324613
324614
324615
324616
324617
324618
324619
324620
324621
324622
324623
324624
324625
324626
324627
324628
324629
324630
324631
324632
324633
324634
324635
324636
324637
324638
324639
324640
324641
324642
324643
324644
324645
324646
324647
324648
324649
324650
324651
324652
324653
324654
324655
324656
324657
324658
324659
324660
324661
324662
324663
324664
324665
324666
324667
324668
324669
324670
324671
324672
324673
324674
324675
324676
324677
324678
324679
324680
324681
324682
324683
324684
324685
324686
324687
324688
324689
324690
324691
324692
324693
324694
324695
324696
324697
324698
324699
324700
324701
324702
324703
324704
324705
324706
324707
324708
324709
324710
324711
324712
324713
324714
324715
324716
324717
324718
324719
324720
324721
324722
324723
324724
324725
324726
324727
324728
324729
324730
324731
324732
324733
324734
324735
324736
324737
324738
324739
324740
324741
324742
324743
324744
324745
324746
324747
324748
324749
324750
324751
324752
324753
324754
324755
324756
324757
324758
324759
324760
324761
324762
324763
324764
324765
324766
324767
324768
324769
324770
324771
324772
324773
324774
324775
324776
324777
324778
324779
324780
324781
324782
324783
324784
324785
324786
324787
324788
324789
324790
324791
324792
324793
324794
324795
324796
324797
324798
324799
324800
324801
324802
324803
324804
324805
324806
324807
324808
324809
330156
330157
330158
330159
330160
330161
330162
330163
330164
330165
330166
330167
330168
330169
330170
330171
330172
330173
330174
330175
330176
330177
330178
330179
330180
330181
330182
330183
330184
330185
330186
330187
330188
330189
330190
330191
330192
330237
330238
330239
330240
330241
330242
330243
330244
330245
330246
330247
330248
330249
330250
330251
330252
330253
330254
330255
330256
330257
330258
330259
330260
330261
330262
330263
330264
330265
330266
330267
330268
330269
330270
330271
330272
330273
330274
330275
330276
330277
330278
330279
330280
330281
330282
330283
330284
330285
330286
330287
330288
330289
330290
330291
330292
330293
330294
330295
330296
330297
330298
330299
330300
330301
330302
330303
330304
330305
330306
330307
330308
330309
330310
330311
330312
330313
330314
330315
330316
330317
330318
330319
330320
330321
330322
330323
330324
330325
330326
330327
330328
330329
330330
330331
330332
330333
330334
330335
330336
330337
330338
330339
330340
330341
330342
330343
330344
330345
330346
330347
330348
330349
330350
330351
330352
330353
330354
330355
330356
330357
330358
330359
330360
330361
330362
330363
330364
330365
330366
330367
330368
330369
330370
330371
330372
330373
330374
330375
330376
330377
330378
330379
330380
330381
330382
330383
330384
330385
330386
330387
330388
330389
330390
330391
330392
330393
330394
330395
330396
330397
330398
330399
330400
330401
330402
330403
330404
330405
330406
330407
330408
330409
330410
330411
330412
330413
330414
330415
330416
330417
330418
330419
330420
330421
330422
330423
330424
330425
330426
330427
330428
330429
330430
330431
330432
330433
330434
330435
330436
330437
330438
330439
330440
330441
330442
330443
330444
330445
330446
330447
330448
330449
330450
330451
330452
330453
330454
330455
330456
330457
330458
330459
330460
330461
330462
330463
330464
330465
330466
330467
330468
330469
330470
330471
330472
330473
330474
330475
330476
330477
330478
330479
330480
330481
330482
330483
330484
330485
330486
330487
330488
330489
330490
330491
330492
330493
330494
330495
330496
330497
330498
330499
330500
330501
330502
330503
330504
330505
330506
330507
330508
330509
330510
330511
330512
330513
330514
330515
330516
330517
330518
330519
330520
330521
330522
330523
330524
330525
330526
330527
330528
330529
330530
330531
330532
330533
330534
330535
330536
330537
330538
330539
330540
330541
330542
330543
330544
330545
330546
330547
330548
330549
330550
330551
330552
330553
330554
330555
330556
330557
330558
330559
330560
330561
330562
330563
330564
330565
330566
330567
330568
330569
330570
330571
330572
330573
330574
330575
330576
330577
330578
330579
330580
330581
330582
330583
330584
330585
330586
330587
330588
330589
330590
330591
330592
330593
330594
330595
330596
330597
330598
330599
330600
330601
330602
330603
330604
330605
330606
330607
330608
330609
330610
330611
330612
330613
330614
330615
330616
330617
330618
330619
330620
330621
330622
330623
330624
330625
330626
330627
330628
330629
330630
330631
330632
330633
330634
330635
330636
330637
330638
330639
330640
330641
330642
330643
330644
330645
330646
330647
330648
330649
330650
330651
330652
330653
330654
330655
330656
330657
330658
330659
330660
330661
330662
330663
330664
330665
330666
330667
330668
330669
330670
330671
330672
330673
330674
330675
330676
330677
330678
330679
330680
330681
330682
330683
330684
330685
330686
330687
330688
330689
330690
330691
330692
330693
330694
330695
330696
330697
330698
330699
330700
330701
330702
330703
330704
330705
330706
330707
330708
330709
330710
330711
330712
330713
330714
330715
330716
330717
330718
330719
330720
330721
330722
330723
330724
330725
330726
330727
330728
330729
330730
330731
330732
330733
330734
330735
330736
330737
330738
330739
330740
330741
330742
330743
330744
330745
330746
330747
330748
330749
330750
330751
330752
330753
330754
330755
330756
330757
330758
330759
330760
330761
330762
330763
330764
330765
330766
330767
330768
330769
330770
330771
330772
330773
330774
330775
330776
330777
330778
330779
330780
330781
330782
330783
330784
330785
330786
330787
330788
330789
330790
330791
330792
330793
330794
330795
330796
330797
330798
330799
330800
330801
330802
330803
330804
330805
330806
330807
330808
330809
330810
330811
330812
330813
330814
330815
330816
330817
330818
330819
330820
330821
330822
330823
330824
330825
330826
330827
330828
330829
330830
330831
330832
330833
330834
330835
330836
330837
330838
330839
330840
330841
330842
330843
330844
330845
330846
330847
330848
330849
330850
330851
330852
330853
330854
330855
330856
330857
330858
330859
330860
330861
330862
330863
330864
330865
330866
330867
330868
330869
330870
330871
330872
330873
330874
330875
330876
330877
330878
330879
330880
330881
330882
330883
330884
330885
330886
330887
330888
330889
330890
330891
330892
330893
330894
330895
330896
330897
330898
330899
330900
330901
330902
330903
330904
330905
330906
330907
330908
330909
330910
330911
330912
330913
330914
330915
330916
330917
330918
330919
330920
330921
330922
330923
330924
330925
330926
330927
330928
330929
330930
330931
330932
330933
330934
330935
330936
330937
330938
330939
330940
330941
330942
330943
330944
330945
330946
330947
330948
330949
330950
330951
330952
330953
330954
330955
330956
330957
330958
330959
330960
330961
330962
330963
330964
330965
330966
330967
330968
330969
330970
330971
330972
330973
330974
330975
330976
330977
330978
330979
330980
330981
330982
330983
330984
330985
330986
330987
330988
330989
330990
330991
330992
330993
330994
330995
330996
330997
330998
330999
331000
331001
331002
331003
331004
331005
331006
331007
331008
331009
331010
331011
331012
331013
331014
331015
331016
331017
331018
331019
331020
331021
331022
331023
331024
331025
331026
331027
331028
331029
331030
331031
331032
331033
331034
331035
331036
331037
331038
331039
331040
331041
331042
331043
331044
331045
331046
331047
331048
331049
331050
331051
331052
331053
331054
331055
331056
331057
331058
331059
331060
331061
331062
331063
331064
331065
331066
331067
331068
331069
331070
331071
331072
331073
331074
331075
331076
331077
331078
331079
331080
331081
331082
331083
331084
331085
331086
331087
331088
331089
331090
331091
331092
331093
331094
331095
331096
331097
331098
331099
331100
331101
331102
331103
331104
331105
331106
331107
331108
331109
331110
331111
331112
331113
331114
331115
331116
331117
331118
331119
331120
331121
331122
331123
331124
331125
331126
331127
331128
331129
331130
331131
331132
331133
331134
331135
331136
331137
331138
331139
331140
331141
331142
331143
331144
331145
331146
331147
331148
331149
331150
331151
331152
331153
331154
331155
331156
331157
331158
331159
331160
331161
331162
331163
331164
331165
331166
331167
331168
331169
331170
331171
331172
331173
331174
331175
331176
331177
331178
331179
331180
331181
331182
331183
331184
331185
331186
331187
331188
331189
331190
331191
331192
331193
331194
331195
331196
331197
331198
331199
331200
331201
331202
331203
331204
331205
331206
331207
331208
331209
331210
331211
331212
331213
331214
331215
331216
331217
331218
331219
331220
331221
331222
331223
331224
331225
331226
331227
331228
331229
331230
331231
331232
331233
331234
331235
331236
331237
331238
331239
331240
331241
331242
331243
331244
331245
331246
331247
331248
331249
331250
331251
331252
331253
331254
331255
331256
331257
331258
331259
331260
331261
331262
331263
331264
331265
331266
331267
331268
331269
331270
331271
331272
331273
331274
331275
331276
331277
331278
331279
331280
331281
331282
331283
331284
331285
331286
331287
331288
331289
331290
331291
331292
331293
331294
331295
331296
331297
331298
331299
331300
331301
331302
331303
331304
331305
331306
331307
331308
331309
331310
331311
331312
331313
331314
331315
331316
331317
331318
331319
331320
331321
331322
331323
331324
331325
331326
331327
331328
331329
331330
331331
331332
331333
331334
331335
331336
331337
331338
331339
331340
331341
331342
331343
331344
331345
331346
331347
331348
331349
331350
331351
331352
331353
331354
331355
331356
331357
331358
331359
331360
331361
331362
331363
331364
331365
331366
331367
331368
331369
331370
336717
336718
336719
336720
336721
336722
336723
336724
336725
336726
336727
336728
336729
336730
336731
336732
336733
336734
336735
336736
336737
336738
336739
336740
336741
336742
336743
336744
336745
336746
336747
336748
336749
336750
336751
336752
336753
336754
336798
336799
336800
336801
336802
336803
336804
336805
336806
336807
336808
336809
336810
336811
336812
336813
336814
336815
336816
336817
336818
336819
336820
336821
336822
336823
336824
336825
336826
336827
336828
336829
336830
336831
336832
336833
336834
336835
336836
336837
336838
336839
336840
336841
336842
336843
336844
336845
336846
336847
336848
336849
336850
336851
336852
336853
336854
336855
336856
336857
336858
336859
336860
336861
336862
336863
336864
336865
336866
336867
336868
336869
336870
336871
336872
336873
336874
336875
336876
336877
336878
336879
336880
336881
336882
336883
336884
336885
336886
336887
336888
336889
336890
336891
336892
336893
336894
336895
336896
336897
336898
336899
336900
336901
336902
336903
336904
336905
336906
336907
336908
336909
336910
336911
336912
336913
336914
336915
336916
336917
336918
336919
336920
336921
336922
336923
336924
336925
336926
336927
336928
336929
336930
336931
336932
336933
336934
336935
336936
336937
336938
336939
336940
336941
336942
336943
336944
336945
336946
336947
336948
336949
336950
336951
336952
336953
336954
336955
336956
336957
336958
336959
336960
336961
336962
336963
336964
336965
336966
336967
336968
336969
336970
336971
336972
336973
336974
336975
336976
336977
336978
336979
336980
336981
336982
336983
336984
336985
336986
336987
336988
336989
336990
336991
336992
336993
336994
336995
336996
336997
336998
336999
337000
337001
337002
337003
337004
337005
337006
337007
337008
337009
337010
337011
337012
337013
337014
337015
337016
337017
337018
337019
337020
337021
337022
337023
337024
337025
337026
337027
337028
337029
337030
337031
337032
337033
337034
337035
337036
337037
337038
337039
337040
337041
337042
337043
337044
337045
337046
337047
337048
337049
337050
337051
337052
337053
337054
337055
337056
337057
337058
337059
337060
337061
337062
337063
337064
337065
337066
337067
337068
337069
337070
337071
337072
337073
337074
337075
337076
337077
337078
337079
337080
337081
337082
337083
337084
337085
337086
337087
337088
337089
337090
337091
337092
337093
337094
337095
337096
337097
337098
337099
337100
337101
337102
337103
337104
337105
337106
337107
337108
337109
337110
337111
337112
337113
337114
337115
337116
337117
337118
337119
337120
337121
337122
337123
337124
337125
337126
337127
337128
337129
337130
337131
337132
337133
337134
337135
337136
337137
337138
337139
337140
337141
337142
337143
337144
337145
337146
337147
337148
337149
337150
337151
337152
337153
337154
337155
337156
337157
337158
337159
337160
337161
337162
337163
337164
337165
337166
337167
337168
337169
337170
337171
337172
337173
337174
337175
337176
337177
337178
337179
337180
337181
337182
337183
337184
337185
337186
337187
337188
337189
337190
337191
337192
337193
337194
337195
337196
337197
337198
337199
337200
337201
337202
337203
337204
337205
337206
337207
337208
337209
337210
337211
337212
337213
337214
337215
337216
337217
337218
337219
337220
337221
337222
337223
337224
337225
337226
337227
337228
337229
337230
337231
337232
337233
337234
337235
337236
337237
337238
337239
337240
337241
337242
337243
337244
337245
337246
337247
337248
337249
337250
337251
337252
337253
337254
337255
337256
337257
337258
337259
337260
337261
337262
337263
337264
337265
337266
337267
337268
337269
337270
337271
337272
337273
337274
337275
337276
337277
337278
337279
337280
337281
337282
337283
337284
337285
337286
337287
337288
337289
337290
337291
337292
337293
337294
337295
337296
337297
337298
337299
337300
337301
337302
337303
337304
337305
337306
337307
337308
337309
337310
337311
337312
337313
337314
337315
337316
337317
337318
337319
337320
337321
337322
337323
337324
337325
337326
337327
337328
337329
337330
337331
337332
337333
337334
337335
337336
337337
337338
337339
337340
337341
337342
337343
337344
337345
337346
337347
337348
337349
337350
337351
337352
337353
337354
337355
337356
337357
337358
337359
337360
337361
337362
337363
337364
337365
337366
337367
337368
337369
337370
337371
337372
337373
337374
337375
337376
337377
337378
337379
337380
337381
337382
337383
337384
337385
337386
337387
337388
337389
337390
337391
337392
337393
337394
337395
337396
337397
337398
337399
337400
337401
337402
337403
337404
337405
337406
337407
337408
337409
337410
337411
337412
337413
337414
337415
337416
337417
337418
337419
337420
337421
337422
337423
337424
337425
337426
337427
337428
337429
337430
337431
337432
337433
337434
337435
337436
337437
337438
337439
337440
337441
337442
337443
337444
337445
337446
337447
337448
337449
337450
337451
337452
337453
337454
337455
337456
337457
337458
337459
337460
337461
337462
337463
337464
337465
337466
337467
337468
337469
337470
337471
337472
337473
337474
337475
337476
337477
337478
337479
337480
337481
337482
337483
337484
337485
337486
337487
337488
337489
337490
337491
337492
337493
337494
337495
337496
337497
337498
337499
337500
337501
337502
337503
337504
337505
337506
337507
337508
337509
337510
337511
337512
337513
337514
337515
337516
337517
337518
337519
337520
337521
337522
337523
337524
337525
337526
337527
337528
337529
337530
337531
337532
337533
337534
337535
337536
337537
337538
337539
337540
337541
337542
337543
337544
337545
337546
337547
337548
337549
337550
337551
337552
337553
337554
337555
337556
337557
337558
337559
337560
337561
337562
337563
337564
337565
337566
337567
337568
337569
337570
337571
337572
337573
337574
337575
337576
337577
337578
337579
337580
337581
337582
337583
337584
337585
337586
337587
337588
337589
337590
337591
337592
337593
337594
337595
337596
337597
337598
337599
337600
337601
337602
337603
337604
337605
337606
337607
337608
337609
337610
337611
337612
337613
337614
337615
337616
337617
337618
337619
337620
337621
337622
337623
337624
337625
337626
337627
337628
337629
337630
337631
337632
337633
337634
337635
337636
337637
337638
337639
337640
337641
337642
337643
337644
337645
337646
337647
337648
337649
337650
337651
337652
337653
337654
337655
337656
337657
337658
337659
337660
337661
337662
337663
337664
337665
337666
337667
337668
337669
337670
337671
337672
337673
337674
337675
337676
337677
337678
337679
337680
337681
337682
337683
337684
337685
337686
337687
337688
337689
337690
337691
337692
337693
337694
337695
337696
337697
337698
337699
337700
337701
337702
337703
337704
337705
337706
337707
337708
337709
337710
337711
337712
337713
337714
337715
337716
337717
337718
337719
337720
337721
337722
337723
337724
337725
337726
337727
337728
337729
337730
337731
337732
337733
337734
337735
337736
337737
337738
337739
337740
337741
337742
337743
337744
337745
337746
337747
337748
337749
337750
337751
337752
337753
337754
337755
337756
337757
337758
337759
337760
337761
337762
337763
337764
337765
337766
337767
337768
337769
337770
337771
337772
337773
337774
337775
337776
337777
337778
337779
337780
337781
337782
337783
337784
337785
337786
337787
337788
337789
337790
337791
337792
337793
337794
337795
337796
337797
337798
337799
337800
337801
337802
337803
337804
337805
337806
337807
337808
337809
337810
337811
337812
337813
337814
337815
337816
337817
337818
337819
337820
337821
337822
337823
337824
337825
337826
337827
337828
337829
337830
337831
337832
337833
337834
337835
337836
337837
337838
337839
337840
337841
337842
337843
337844
337845
337846
337847
337848
337849
337850
337851
337852
337853
337854
337855
337856
337857
337858
337859
337860
337861
337862
337863
337864
337865
337866
337867
337868
337869
337870
337871
337872
337873
337874
337875
337876
337877
337878
337879
337880
337881
337882
337883
337884
337885
337886
337887
337888
337889
337890
337891
337892
337893
337894
337895
337896
337897
337898
337899
337900
337901
337902
337903
337904
337905
337906
337907
337908
337909
337910
337911
337912
337913
337914
337915
337916
337917
337918
337919
337920
337921
337922
337923
337924
337925
337926
337927
337928
337929
337930
337931
343278
343279
343280
343281
343282
343283
343284
343285
343286
343287
343288
343289
343290
343291
343292
343293
343294
343295
343296
343297
343298
343299
343300
343301
343302
343303
343304
343305
343306
343307
343308
343309
343310
343311
343312
343313
343314
343315
343316
343359
343360
343361
343362
343363
343364
343365
343366
343367
343368
343369
343370
343371
343372
343373
343374
343375
343376
343377
343378
343379
343380
343381
343382
343383
343384
343385
343386
343387
343388
343389
343390
343391
343392
343393
343394
343395
343396
343397
343398
343399
343400
343401
343402
343403
343404
343405
343406
343407
343408
343409
343410
343411
343412
343413
343414
343415
343416
343417
343418
343419
343420
343421
343422
343423
343424
343425
343426
343427
343428
343429
343430
343431
343432
343433
343434
343435
343436
343437
343438
343439
343440
343441
343442
343443
343444
343445
343446
343447
343448
343449
343450
343451
343452
343453
343454
343455
343456
343457
343458
343459
343460
343461
343462
343463
343464
343465
343466
343467
343468
343469
343470
343471
343472
343473
343474
343475
343476
343477
343478
343479
343480
343481
343482
343483
343484
343485
343486
343487
343488
343489
343490
343491
343492
343493
343494
343495
343496
343497
343498
343499
343500
343501
343502
343503
343504
343505
343506
343507
343508
343509
343510
343511
343512
343513
343514
343515
343516
343517
343518
343519
343520
343521
343522
343523
343524
343525
343526
343527
343528
343529
343530
343531
343532
343533
343534
343535
343536
343537
343538
343539
343540
343541
343542
343543
343544
343545
343546
343547
343548
343549
343550
343551
343552
343553
343554
343555
343556
343557
343558
343559
343560
343561
343562
343563
343564
343565
343566
343567
343568
343569
343570
343571
343572
343573
343574
343575
343576
343577
343578
343579
343580
343581
343582
343583
343584
343585
343586
343587
343588
343589
343590
343591
343592
343593
343594
343595
343596
343597
343598
343599
343600
343601
343602
343603
343604
343605
343606
343607
343608
343609
343610
343611
343612
343613
343614
343615
343616
343617
343618
343619
343620
343621
343622
343623
343624
343625
343626
343627
343628
343629
343630
343631
343632
343633
343634
343635
343636
343637
343638
343639
343640
343641
343642
343643
343644
343645
343646
343647
343648
343649
343650
343651
343652
343653
343654
343655
343656
343657
343658
343659
343660
343661
343662
343663
343664
343665
343666
343667
343668
343669
343670
343671
343672
343673
343674
343675
343676
343677
343678
343679
343680
343681
343682
343683
343684
343685
343686
343687
343688
343689
343690
343691
343692
343693
343694
343695
343696
343697
343698
343699
343700
343701
343702
343703
343704
343705
343706
343707
343708
343709
343710
343711
343712
343713
343714
343715
343716
343717
343718
343719
343720
343721
343722
343723
343724
343725
343726
343727
343728
343729
343730
343731
343732
343733
343734
343735
343736
343737
343738
343739
343740
343741
343742
343743
343744
343745
343746
343747
343748
343749
343750
343751
343752
343753
343754
343755
343756
343757
343758
343759
343760
343761
343762
343763
343764
343765
343766
343767
343768
343769
343770
343771
343772
343773
343774
343775
343776
343777
343778
343779
343780
343781
343782
343783
343784
343785
343786
343787
343788
343789
343790
343791
343792
343793
343794
343795
343796
343797
343798
343799
343800
343801
343802
343803
343804
343805
343806
343807
343808
343809
343810
343811
343812
343813
343814
343815
343816
343817
343818
343819
343820
343821
343822
343823
343824
343825
343826
343827
343828
343829
343830
343831
343832
343833
343834
343835
343836
343837
343838
343839
343840
343841
343842
343843
343844
343845
343846
343847
343848
343849
343850
343851
343852
343853
343854
343855
343856
343857
343858
343859
343860
343861
343862
343863
343864
343865
343866
343867
343868
343869
343870
343871
343872
343873
343874
343875
343876
343877
343878
343879
343880
343881
343882
343883
343884
343885
343886
343887
343888
343889
343890
343891
343892
343893
343894
343895
343896
343897
343898
343899
343900
343901
343902
343903
343904
343905
343906
343907
343908
343909
343910
343911
343912
343913
343914
343915
343916
343917
343918
343919
343920
343921
343922
343923
343924
343925
343926
343927
343928
343929
343930
343931
343932
343933
343934
343935
343936
343937
343938
343939
343940
343941
343942
343943
343944
343945
343946
343947
343948
343949
343950
343951
343952
343953
343954
343955
343956
343957
343958
343959
343960
343961
343962
343963
343964
343965
343966
343967
343968
343969
343970
343971
343972
343973
343974
343975
343976
343977
343978
343979
343980
343981
343982
343983
343984
343985
343986
343987
343988
343989
343990
343991
343992
343993
343994
343995
343996
343997
343998
343999
344000
344001
344002
344003
344004
344005
344006
344007
344008
344009
344010
344011
344012
344013
344014
344015
344016
344017
344018
344019
344020
344021
344022
344023
344024
344025
344026
344027
344028
344029
344030
344031
344032
344033
344034
344035
344036
344037
344038
344039
344040
344041
344042
344043
344044
344045
344046
344047
344048
344049
344050
344051
344052
344053
344054
344055
344056
344057
344058
344059
344060
344061
344062
344063
344064
344065
344066
344067
344068
344069
344070
344071
344072
344073
344074
344075
344076
344077
344078
344079
344080
344081
344082
344083
344084
344085
344086
344087
344088
344089
344090
344091
344092
344093
344094
344095
344096
344097
344098
344099
344100
344101
344102
344103
344104
344105
344106
344107
344108
344109
344110
344111
344112
344113
344114
344115
344116
344117
344118
344119
344120
344121
344122
344123
344124
344125
344126
344127
344128
344129
344130
344131
344132
344133
344134
344135
344136
344137
344138
344139
344140
344141
344142
344143
344144
344145
344146
344147
344148
344149
344150
344151
344152
344153
344154
344155
344156
344157
344158
344159
344160
344161
344162
344163
344164
344165
344166
344167
344168
344169
344170
344171
344172
344173
344174
344175
344176
344177
344178
344179
344180
344181
344182
344183
344184
344185
344186
344187
344188
344189
344190
344191
344192
344193
344194
344195
344196
344197
344198
344199
344200
344201
344202
344203
344204
344205
344206
344207
344208
344209
344210
344211
344212
344213
344214
344215
344216
344217
344218
344219
344220
344221
344222
344223
344224
344225
344226
344227
344228
344229
344230
344231
344232
344233
344234
344235
344236
344237
344238
344239
344240
344241
344242
344243
344244
344245
344246
344247
344248
344249
344250
344251
344252
344253
344254
344255
344256
344257
344258
344259
344260
344261
344262
344263
344264
344265
344266
344267
344268
344269
344270
344271
344272
344273
344274
344275
344276
344277
344278
344279
344280
344281
344282
344283
344284
344285
344286
344287
344288
344289
344290
344291
344292
344293
344294
344295
344296
344297
344298
344299
344300
344301
344302
344303
344304
344305
344306
344307
344308
344309
344310
344311
344312
344313
344314
344315
344316
344317
344318
344319
344320
344321
344322
344323
344324
344325
344326
344327
344328
344329
344330
344331
344332
344333
344334
344335
344336
344337
344338
344339
344340
344341
344342
344343
344344
344345
344346
344347
344348
344349
344350
344351
344352
344353
344354
344355
344356
344357
344358
344359
344360
344361
344362
344363
344364
344365
344366
344367
344368
344369
344370
344371
344372
344373
344374
344375
344376
344377
344378
344379
344380
344381
344382
344383
344384
344385
344386
344387
344388
344389
344390
344391
344392
344393
344394
344395
344396
344397
344398
344399
344400
344401
344402
344403
344404
344405
344406
344407
344408
344409
344410
344411
344412
344413
344414
344415
344416
344417
344418
344419
344420
344421
344422
344423
344424
344425
344426
344427
344428
344429
344430
344431
344432
344433
344434
344435
344436
344437
344438
344439
344440
344441
344442
344443
344444
344445
344446
344447
344448
344449
344450
344451
344452
344453
344454
344455
344456
344457
344458
344459
344460
344461
344462
344463
344464
344465
344466
344467
344468
344469
344470
344471
344472
344473
344474
344475
344476
344477
344478
344479
344480
344481
344482
344483
344484
344485
344486
344487
344488
344489
344490
344491
344492
349839
349840
349841
349842
349843
349844
349845
349846
349847
349848
349849
349850
349851
349852
349853
349854
349855
349856
349857
349858
349859
349860
349861
349862
349863
349864
349865
349866
349867
349868
349869
349870
349871
349872
349873
349874
349875
349876
349877
349878
349920
349921
349922
349923
349924
349925
349926
349927
349928
349929
349930
349931
349932
349933
349934
349935
349936
349937
349938
349939
349940
349941
349942
349943
349944
349945
349946
349947
349948
349949
349950
349951
349952
349953
349954
349955
349956
349957
349958
349959
349960
349961
349962
349963
349964
349965
349966
349967
349968
349969
349970
349971
349972
349973
349974
349975
349976
349977
349978
349979
349980
349981
349982
349983
349984
349985
349986
349987
349988
349989
349990
349991
349992
349993
349994
349995
349996
349997
349998
349999
350000
350001
350002
350003
350004
350005
350006
350007
350008
350009
350010
350011
350012
350013
350014
350015
350016
350017
350018
350019
350020
350021
350022
350023
350024
350025
350026
350027
350028
350029
350030
350031
350032
350033
350034
350035
350036
350037
350038
350039
350040
350041
350042
350043
350044
350045
350046
350047
350048
350049
350050
350051
350052
350053
350054
350055
350056
350057
350058
350059
350060
350061
350062
350063
350064
350065
350066
350067
350068
350069
350070
350071
350072
350073
350074
350075
350076
350077
350078
350079
350080
350081
350082
350083
350084
350085
350086
350087
350088
350089
350090
350091
350092
350093
350094
350095
350096
350097
350098
350099
350100
350101
350102
350103
350104
350105
350106
350107
350108
350109
350110
350111
350112
350113
350114
350115
350116
350117
350118
350119
350120
350121
350122
350123
350124
350125
350126
350127
350128
350129
350130
350131
350132
350133
350134
350135
350136
350137
350138
350139
350140
350141
350142
350143
350144
350145
350146
350147
350148
350149
350150
350151
350152
350153
350154
350155
350156
350157
350158
350159
350160
350161
350162
350163
350164
350165
350166
350167
350168
350169
350170
350171
350172
350173
350174
350175
350176
350177
350178
350179
350180
350181
350182
350183
350184
350185
350186
350187
350188
350189
350190
350191
350192
350193
350194
350195
350196
350197
350198
350199
350200
350201
350202
350203
350204
350205
350206
350207
350208
350209
350210
350211
350212
350213
350214
350215
350216
350217
350218
350219
350220
350221
350222
350223
350224
350225
350226
350227
350228
350229
350230
350231
350232
350233
350234
350235
350236
350237
350238
350239
350240
350241
350242
350243
350244
350245
350246
350247
350248
350249
350250
350251
350252
350253
350254
350255
350256
350257
350258
350259
350260
350261
350262
350263
350264
350265
350266
350267
350268
350269
350270
350271
350272
350273
350274
350275
350276
350277
350278
350279
350280
350281
350282
350283
350284
350285
350286
350287
350288
350289
350290
350291
350292
350293
350294
350295
350296
350297
350298
350299
350300
350301
350302
350303
350304
350305
350306
350307
350308
350309
350310
350311
350312
350313
350314
350315
350316
350317
350318
350319
350320
350321
350322
350323
350324
350325
350326
350327
350328
350329
350330
350331
350332
350333
350334
350335
350336
350337
350338
350339
350340
350341
350342
350343
350344
350345
350346
350347
350348
350349
350350
350351
350352
350353
350354
350355
350356
350357
350358
350359
350360
350361
350362
350363
350364
350365
350366
350367
350368
350369
350370
350371
350372
350373
350374
350375
350376
350377
350378
350379
350380
350381
350382
350383
350384
350385
350386
350387
350388
350389
350390
350391
350392
350393
350394
350395
350396
350397
350398
350399
350400
350401
350402
350403
350404
350405
350406
350407
350408
350409
350410
350411
350412
350413
350414
350415
350416
350417
350418
350419
350420
350421
350422
350423
350424
350425
350426
350427
350428
350429
350430
350431
350432
350433
350434
350435
350436
350437
350438
350439
350440
350441
350442
350443
350444
350445
350446
350447
350448
350449
350450
350451
350452
350453
350454
350455
350456
350457
350458
350459
350460
350461
350462
350463
350464
350465
350466
350467
350468
350469
350470
350471
350472
350473
350474
350475
350476
350477
350478
350479
350480
350481
350482
350483
350484
350485
350486
350487
350488
350489
350490
350491
350492
350493
350494
350495
350496
350497
350498
350499
350500
350501
350502
350503
350504
350505
350506
350507
350508
350509
350510
350511
350512
350513
350514
350515
350516
350517
350518
350519
350520
350521
350522
350523
350524
350525
350526
350527
350528
350529
350530
350531
350532
350533
350534
350535
350536
350537
350538
350539
350540
350541
350542
350543
350544
350545
350546
350547
350548
350549
350550
350551
350552
350553
350554
350555
350556
350557
350558
350559
350560
350561
350562
350563
350564
350565
350566
350567
350568
350569
350570
350571
350572
350573
350574
350575
350576
350577
350578
350579
350580
350581
350582
350583
350584
350585
350586
350587
350588
350589
350590
350591
350592
350593
350594
350595
350596
350597
350598
350599
350600
350601
350602
350603
350604
350605
350606
350607
350608
350609
350610
350611
350612
350613
350614
350615
350616
350617
350618
350619
350620
350621
350622
350623
350624
350625
350626
350627
350628
350629
350630
350631
350632
350633
350634
350635
350636
350637
350638
350639
350640
350641
350642
350643
350644
350645
350646
350647
350648
350649
350650
350651
350652
350653
350654
350655
350656
350657
350658
350659
350660
350661
350662
350663
350664
350665
350666
350667
350668
350669
350670
350671
350672
350673
350674
350675
350676
350677
350678
350679
350680
350681
350682
350683
350684
350685
350686
350687
350688
350689
350690
350691
350692
350693
350694
350695
350696
350697
350698
350699
350700
350701
350702
350703
350704
350705
350706
350707
350708
350709
350710
350711
350712
350713
350714
350715
350716
350717
350718
350719
350720
350721
350722
350723
350724
350725
350726
350727
350728
350729
350730
350731
350732
350733
350734
350735
350736
350737
350738
350739
350740
350741
350742
350743
350744
350745
350746
350747
350748
350749
350750
350751
350752
350753
350754
350755
350756
350757
350758
350759
350760
350761
350762
350763
350764
350765
350766
350767
350768
350769
350770
350771
350772
350773
350774
350775
350776
350777
350778
350779
350780
350781
350782
350783
350784
350785
350786
350787
350788
350789
350790
350791
350792
350793
350794
350795
350796
350797
350798
350799
350800
350801
350802
350803
350804
350805
350806
350807
350808
350809
350810
350811
350812
350813
350814
350815
350816
350817
350818
350819
350820
350821
350822
350823
350824
350825
350826
350827
350828
350829
350830
350831
350832
350833
350834
350835
350836
350837
350838
350839
350840
350841
350842
350843
350844
350845
350846
350847
350848
350849
350850
350851
350852
350853
350854
350855
350856
350857
350858
350859
350860
350861
350862
350863
350864
350865
350866
350867
350868
350869
350870
350871
350872
350873
350874
350875
350876
350877
350878
350879
350880
350881
350882
350883
350884
350885
350886
350887
350888
350889
350890
350891
350892
350893
350894
350895
350896
350897
350898
350899
350900
350901
350902
350903
350904
350905
350906
350907
350908
350909
350910
350911
350912
350913
350914
350915
350916
350917
350918
350919
350920
350921
350922
350923
350924
350925
350926
350927
350928
350929
350930
350931
350932
350933
350934
350935
350936
350937
350938
350939
350940
350941
350942
350943
350944
350945
350946
350947
350948
350949
350950
350951
350952
350953
350954
350955
350956
350957
350958
350959
350960
350961
350962
350963
350964
350965
350966
350967
350968
350969
350970
350971
350972
350973
350974
350975
350976
350977
350978
350979
350980
350981
350982
350983
350984
350985
350986
350987
350988
350989
350990
350991
350992
350993
350994
350995
350996
350997
350998
350999
351000
351001
351002
351003
351004
351005
351006
351007
351008
351009
351010
351011
351012
351013
351014
351015
351016
351017
351018
351019
351020
351021
351022
351023
351024
351025
351026
351027
351028
351029
351030
351031
351032
351033
351034
351035
351036
351037
351038
351039
351040
351041
351042
351043
351044
351045
351046
351047
351048
351049
351050
351051
351052
351053
356400
356401
356402
356403
356404
356405
356406
356407
356408
356409
356410
356411
356412
356413
356414
356415
356416
356417
356418
356419
356420
356421
356422
356423
356424
356425
356426
356427
356428
356429
356430
356431
356432
356433
356434
356435
356436
356437
356438
356439
356440
356481
356482
356483
356484
356485
356486
356487
356488
356489
356490
356491
356492
356493
356494
356495
356496
356497
356498
356499
356500
356501
356502
356503
356504
356505
356506
356507
356508
356509
356510
356511
356512
356513
356514
356515
356516
356517
356518
356519
356520
356521
356522
356523
356524
356525
356526
356527
356528
356529
356530
356531
356532
356533
356534
356535
356536
356537
356538
356539
356540
356541
356542
356543
356544
356545
356546
356547
356548
356549
356550
356551
356552
356553
356554
356555
356556
356557
356558
356559
356560
356561
356562
356563
356564
356565
356566
356567
356568
356569
356570
356571
356572
356573
356574
356575
356576
356577
356578
356579
356580
356581
356582
356583
356584
356585
356586
356587
356588
356589
356590
356591
356592
356593
356594
356595
356596
356597
356598
356599
356600
356601
356602
356603
356604
356605
356606
356607
356608
356609
356610
356611
356612
356613
356614
356615
356616
356617
356618
356619
356620
356621
356622
356623
356624
356625
356626
356627
356628
356629
356630
356631
356632
356633
356634
356635
356636
356637
356638
356639
356640
356641
356642
356643
356644
356645
356646
356647
356648
356649
356650
356651
356652
356653
356654
356655
356656
356657
356658
356659
356660
356661
356662
356663
356664
356665
356666
356667
356668
356669
356670
356671
356672
356673
356674
356675
356676
356677
356678
356679
356680
356681
356682
356683
356684
356685
356686
356687
356688
356689
356690
356691
356692
356693
356694
356695
356696
356697
356698
356699
356700
356701
356702
356703
356704
356705
356706
356707
356708
356709
356710
356711
356712
356713
356714
356715
356716
356717
356718
356719
356720
356721
356722
356723
356724
356725
356726
356727
356728
356729
356730
356731
356732
356733
356734
356735
356736
356737
356738
356739
356740
356741
356742
356743
356744
356745
356746
356747
356748
356749
356750
356751
356752
356753
356754
356755
356756
356757
356758
356759
356760
356761
356762
356763
356764
356765
356766
356767
356768
356769
356770
356771
356772
356773
356774
356775
356776
356777
356778
356779
356780
356781
356782
356783
356784
356785
356786
356787
356788
356789
356790
356791
356792
356793
356794
356795
356796
356797
356798
356799
356800
356801
356802
356803
356804
356805
356806
356807
356808
356809
356810
356811
356812
356813
356814
356815
356816
356817
356818
356819
356820
356821
356822
356823
356824
356825
356826
356827
356828
356829
356830
356831
356832
356833
356834
356835
356836
356837
356838
356839
356840
356841
356842
356843
356844
356845
356846
356847
356848
356849
356850
356851
356852
356853
356854
356855
356856
356857
356858
356859
356860
356861
356862
356863
356864
356865
356866
356867
356868
356869
356870
356871
356872
356873
356874
356875
356876
356877
356878
356879
356880
356881
356882
356883
356884
356885
356886
356887
356888
356889
356890
356891
356892
356893
356894
356895
356896
356897
356898
356899
356900
356901
356902
356903
356904
356905
356906
356907
356908
356909
356910
356911
356912
356913
356914
356915
356916
356917
356918
356919
356920
356921
356922
356923
356924
356925
356926
356927
356928
356929
356930
356931
356932
356933
356934
356935
356936
356937
356938
356939
356940
356941
356942
356943
356944
356945
356946
356947
356948
356949
356950
356951
356952
356953
356954
356955
356956
356957
356958
356959
356960
356961
356962
356963
356964
356965
356966
356967
356968
356969
356970
356971
356972
356973
356974
356975
356976
356977
356978
356979
356980
356981
356982
356983
356984
356985
356986
356987
356988
356989
356990
356991
356992
356993
356994
356995
356996
356997
356998
356999
357000
357001
357002
357003
357004
357005
357006
357007
357008
357009
357010
357011
357012
357013
357014
357015
357016
357017
357018
357019
357020
357021
357022
357023
357024
357025
357026
357027
357028
357029
357030
357031
357032
357033
357034
357035
357036
357037
357038
357039
357040
357041
357042
357043
357044
357045
357046
357047
357048
357049
357050
357051
357052
357053
357054
357055
357056
357057
357058
357059
357060
357061
357062
357063
357064
357065
357066
357067
357068
357069
357070
357071
357072
357073
357074
357075
357076
357077
357078
357079
357080
357081
357082
357083
357084
357085
357086
357087
357088
357089
357090
357091
357092
357093
357094
357095
357096
357097
357098
357099
357100
357101
357102
357103
357104
357105
357106
357107
357108
357109
357110
357111
357112
357113
357114
357115
357116
357117
357118
357119
357120
357121
357122
357123
357124
357125
357126
357127
357128
357129
357130
357131
357132
357133
357134
357135
357136
357137
357138
357139
357140
357141
357142
357143
357144
357145
357146
357147
357148
357149
357150
357151
357152
357153
357154
357155
357156
357157
357158
357159
357160
357161
357162
357163
357164
357165
357166
357167
357168
357169
357170
357171
357172
357173
357174
357175
357176
357177
357178
357179
357180
357181
357182
357183
357184
357185
357186
357187
357188
357189
357190
357191
357192
357193
357194
357195
357196
357197
357198
357199
357200
357201
357202
357203
357204
357205
357206
357207
357208
357209
357210
357211
357212
357213
357214
357215
357216
357217
357218
357219
357220
357221
357222
357223
357224
357225
357226
357227
357228
357229
357230
357231
357232
357233
357234
357235
357236
357237
357238
357239
357240
357241
357242
357243
357244
357245
357246
357247
357248
357249
357250
357251
357252
357253
357254
357255
357256
357257
357258
357259
357260
357261
357262
357263
357264
357265
357266
357267
357268
357269
357270
357271
357272
357273
357274
357275
357276
357277
357278
357279
357280
357281
357282
357283
357284
357285
357286
357287
357288
357289
357290
357291
357292
357293
357294
357295
357296
357297
357298
357299
357300
357301
357302
357303
357304
357305
357306
357307
357308
357309
357310
357311
357312
357313
357314
357315
357316
357317
357318
357319
357320
357321
357322
357323
357324
357325
357326
357327
357328
357329
357330
357331
357332
357333
357334
357335
357336
357337
357338
357339
357340
357341
357342
357343
357344
357345
357346
357347
357348
357349
357350
357351
357352
357353
357354
357355
357356
357357
357358
357359
357360
357361
357362
357363
357364
357365
357366
357367
357368
357369
357370
357371
357372
357373
357374
357375
357376
357377
357378
357379
357380
357381
357382
357383
357384
357385
357386
357387
357388
357389
357390
357391
357392
357393
357394
357395
357396
357397
357398
357399
357400
357401
357402
357403
357404
357405
357406
357407
357408
357409
357410
357411
357412
357413
357414
357415
357416
357417
357418
357419
357420
357421
357422
357423
357424
357425
357426
357427
357428
357429
357430
357431
357432
357433
357434
357435
357436
357437
357438
357439
357440
357441
357442
357443
357444
357445
357446
357447
357448
357449
357450
357451
357452
357453
357454
357455
357456
357457
357458
357459
357460
357461
357462
357463
357464
357465
357466
357467
357468
357469
357470
357471
357472
357473
357474
357475
357476
357477
357478
357479
357480
357481
357482
357483
357484
357485
357486
357487
357488
357489
357490
357491
357492
357493
357494
357495
357496
357497
357498
357499
357500
357501
357502
357503
357504
357505
357506
357507
357508
357509
357510
357511
357512
357513
357514
357515
357516
357517
357518
357519
357520
357521
357522
357523
357524
357525
357526
357527
357528
357529
357530
357531
357532
357533
357534
357535
357536
357537
357538
357539
357540
357541
357542
357543
357544
357545
357546
357547
357548
357549
357550
357551
357552
357553
357554
357555
357556
357557
357558
357559
357560
357561
357562
357563
357564
357565
357566
357567
357568
357569
357570
357571
357572
357573
357574
357575
357576
357577
357578
357579
357580
357581
357582
357583
357584
357585
357586
357587
357588
357589
357590
357591
357592
357593
357594
357595
357596
357597
357598
357599
357600
357601
357602
357603
357604
357605
357606
357607
357608
357609
357610
357611
357612
357613
357614
362961
362962
362963
362964
362965
362966
362967
362968
362969
362970
362971
362972
362973
362974
362975
362976
362977
362978
362979
362980
362981
362982
362983
362984
362985
362986
362987
362988
362989
362990
362991
362992
362993
362994
362995
362996
362997
362998
362999
363000
363001
363002
363042
363043
363044
363045
363046
363047
363048
363049
363050
363051
363052
363053
363054
363055
363056
363057
363058
363059
363060
363061
363062
363063
363064
363065
363066
363067
363068
363069
363070
363071
363072
363073
363074
363075
363076
363077
363078
363079
363080
363081
363082
363083
363084
363085
363086
363087
363088
363089
363090
363091
363092
363093
363094
363095
363096
363097
363098
363099
363100
363101
363102
363103
363104
363105
363106
363107
363108
363109
363110
363111
363112
363113
363114
363115
363116
363117
363118
363119
363120
363121
363122
363123
363124
363125
363126
363127
363128
363129
363130
363131
363132
363133
363134
363135
363136
363137
363138
363139
363140
363141
363142
363143
363144
363145
363146
363147
363148
363149
363150
363151
363152
363153
363154
363155
363156
363157
363158
363159
363160
363161
363162
363163
363164
363165
363166
363167
363168
363169
363170
363171
363172
363173
363174
363175
363176
363177
363178
363179
363180
363181
363182
363183
363184
363185
363186
363187
363188
363189
363190
363191
363192
363193
363194
363195
363196
363197
363198
363199
363200
363201
363202
363203
363204
363205
363206
363207
363208
363209
363210
363211
363212
363213
363214
363215
363216
363217
363218
363219
363220
363221
363222
363223
363224
363225
363226
363227
363228
363229
363230
363231
363232
363233
363234
363235
363236
363237
363238
363239
363240
363241
363242
363243
363244
363245
363246
363247
363248
363249
363250
363251
363252
363253
363254
363255
363256
363257
363258
363259
363260
363261
363262
363263
363264
363265
363266
363267
363268
363269
363270
363271
363272
363273
363274
363275
363276
363277
363278
363279
363280
363281
363282
363283
363284
363285
363286
363287
363288
363289
363290
363291
363292
363293
363294
363295
363296
363297
363298
363299
363300
363301
363302
363303
363304
363305
363306
363307
363308
363309
363310
363311
363312
363313
363314
363315
363316
363317
363318
363319
363320
363321
363322
363323
363324
363325
363326
363327
363328
363329
363330
363331
363332
363333
363334
363335
363336
363337
363338
363339
363340
363341
363342
363343
363344
363345
363346
363347
363348
363349
363350
363351
363352
363353
363354
363355
363356
363357
363358
363359
363360
363361
363362
363363
363364
363365
363366
363367
363368
363369
363370
363371
363372
363373
363374
363375
363376
363377
363378
363379
363380
363381
363382
363383
363384
363385
363386
363387
363388
363389
363390
363391
363392
363393
363394
363395
363396
363397
363398
363399
363400
363401
363402
363403
363404
363405
363406
363407
363408
363409
363410
363411
363412
363413
363414
363415
363416
363417
363418
363419
363420
363421
363422
363423
363424
363425
363426
363427
363428
363429
363430
363431
363432
363433
363434
363435
363436
363437
363438
363439
363440
363441
363442
363443
363444
363445
363446
363447
363448
363449
363450
363451
363452
363453
363454
363455
363456
363457
363458
363459
363460
363461
363462
363463
363464
363465
363466
363467
363468
363469
363470
363471
363472
363473
363474
363475
363476
363477
363478
363479
363480
363481
363482
363483
363484
363485
363486
363487
363488
363489
363490
363491
363492
363493
363494
363495
363496
363497
363498
363499
363500
363501
363502
363503
363504
363505
363506
363507
363508
363509
363510
363511
363512
363513
363514
363515
363516
363517
363518
363519
363520
363521
363522
363523
363524
363525
363526
363527
363528
363529
363530
363531
363532
363533
363534
363535
363536
363537
363538
363539
363540
363541
363542
363543
363544
363545
363546
363547
363548
363549
363550
363551
363552
363553
363554
363555
363556
363557
363558
363559
363560
363561
363562
363563
363564
363565
363566
363567
363568
363569
363570
363571
363572
363573
363574
363575
363576
363577
363578
363579
363580
363581
363582
363583
363584
363585
363586
363587
363588
363589
363590
363591
363592
363593
363594
363595
363596
363597
363598
363599
363600
363601
363602
363603
363604
363605
363606
363607
363608
363609
363610
363611
363612
363613
363614
363615
363616
363617
363618
363619
363620
363621
363622
363623
363624
363625
363626
363627
363628
363629
363630
363631
363632
363633
363634
363635
363636
363637
363638
363639
363640
363641
363642
363643
363644
363645
363646
363647
363648
363649
363650
363651
363652
363653
363654
363655
363656
363657
363658
363659
363660
363661
363662
363663
363664
363665
363666
363667
363668
363669
363670
363671
363672
363673
363674
363675
363676
363677
363678
363679
363680
363681
363682
363683
363684
363685
363686
363687
363688
363689
363690
363691
363692
363693
363694
363695
363696
363697
363698
363699
363700
363701
363702
363703
363704
363705
363706
363707
363708
363709
363710
363711
363712
363713
363714
363715
363716
363717
363718
363719
363720
363721
363722
363723
363724
363725
363726
363727
363728
363729
363730
363731
363732
363733
363734
363735
363736
363737
363738
363739
363740
363741
363742
363743
363744
363745
363746
363747
363748
363749
363750
363751
363752
363753
363754
363755
363756
363757
363758
363759
363760
363761
363762
363763
363764
363765
363766
363767
363768
363769
363770
363771
363772
363773
363774
363775
363776
363777
363778
363779
363780
363781
363782
363783
363784
363785
363786
363787
363788
363789
363790
363791
363792
363793
363794
363795
363796
363797
363798
363799
363800
363801
363802
363803
363804
363805
363806
363807
363808
363809
363810
363811
363812
363813
363814
363815
363816
363817
363818
363819
363820
363821
363822
363823
363824
363825
363826
363827
363828
363829
363830
363831
363832
363833
363834
363835
363836
363837
363838
363839
363840
363841
363842
363843
363844
363845
363846
363847
363848
363849
363850
363851
363852
363853
363854
363855
363856
363857
363858
363859
363860
363861
363862
363863
363864
363865
363866
363867
363868
363869
363870
363871
363872
363873
363874
363875
363876
363877
363878
363879
363880
363881
363882
363883
363884
363885
363886
363887
363888
363889
363890
363891
363892
363893
363894
363895
363896
363897
363898
363899
363900
363901
363902
363903
363904
363905
363906
363907
363908
363909
363910
363911
363912
363913
363914
363915
363916
363917
363918
363919
363920
363921
363922
363923
363924
363925
363926
363927
363928
363929
363930
363931
363932
363933
363934
363935
363936
363937
363938
363939
363940
363941
363942
363943
363944
363945
363946
363947
363948
363949
363950
363951
363952
363953
363954
363955
363956
363957
363958
363959
363960
363961
363962
363963
363964
363965
363966
363967
363968
363969
363970
363971
363972
363973
363974
363975
363976
363977
363978
363979
363980
363981
363982
363983
363984
363985
363986
363987
363988
363989
363990
363991
363992
363993
363994
363995
363996
363997
363998
363999
364000
364001
364002
364003
364004
364005
364006
364007
364008
364009
364010
364011
364012
364013
364014
364015
364016
364017
364018
364019
364020
364021
364022
364023
364024
364025
364026
364027
364028
364029
364030
364031
364032
364033
364034
364035
364036
364037
364038
364039
364040
364041
364042
364043
364044
364045
364046
364047
364048
364049
364050
364051
364052
364053
364054
364055
364056
364057
364058
364059
364060
364061
364062
364063
364064
364065
364066
364067
364068
364069
364070
364071
364072
364073
364074
364075
364076
364077
364078
364079
364080
364081
364082
364083
364084
364085
364086
364087
364088
364089
364090
364091
364092
364093
364094
364095
364096
364097
364098
364099
364100
364101
364102
364103
364104
364105
364106
364107
364108
364109
364110
364111
364112
364113
364114
364115
364116
364117
364118
364119
364120
364121
364122
364123
364124
364125
364126
364127
364128
364129
364130
364131
364132
364133
364134
364135
364136
364137
364138
364139
364140
364141
364142
364143
364144
364145
364146
364147
364148
364149
364150
364151
364152
364153
364154
364155
364156
364157
364158
364159
364160
364161
364162
364163
364164
364165
364166
364167
364168
364169
364170
364171
364172
364173
364174
364175
369522
369523
369524
369525
369526
369527
369528
369529
369530
369531
369532
369533
369534
369535
369536
369537
369538
369539
369540
369541
369542
369543
369544
369545
369546
369547
369548
369549
369550
369551
369552
369553
369554
369555
369556
369557
369558
369559
369560
369561
369562
369563
369564
369603
369604
369605
369606
369607
369608
369609
369610
369611
369612
369613
369614
369615
369616
369617
369618
369619
369620
369621
369622
369623
369624
369625
369626
369627
369628
369629
369630
369631
369632
369633
369634
369635
369636
369637
369638
369639
369640
369641
369642
369643
369644
369645
369646
369647
369648
369649
369650
369651
369652
369653
369654
369655
369656
369657
369658
369659
369660
369661
369662
369663
369664
369665
369666
369667
369668
369669
369670
369671
369672
369673
369674
369675
369676
369677
369678
369679
369680
369681
369682
369683
369684
369685
369686
369687
369688
369689
369690
369691
369692
369693
369694
369695
369696
369697
369698
369699
369700
369701
369702
369703
369704
369705
369706
369707
369708
369709
369710
369711
369712
369713
369714
369715
369716
369717
369718
369719
369720
369721
369722
369723
369724
369725
369726
369727
369728
369729
369730
369731
369732
369733
369734
369735
369736
369737
369738
369739
369740
369741
369742
369743
369744
369745
369746
369747
369748
369749
369750
369751
369752
369753
369754
369755
369756
369757
369758
369759
369760
369761
369762
369763
369764
369765
369766
369767
369768
369769
369770
369771
369772
369773
369774
369775
369776
369777
369778
369779
369780
369781
369782
369783
369784
369785
369786
369787
369788
369789
369790
369791
369792
369793
369794
369795
369796
369797
369798
369799
369800
369801
369802
369803
369804
369805
369806
369807
369808
369809
369810
369811
369812
369813
369814
369815
369816
369817
369818
369819
369820
369821
369822
369823
369824
369825
369826
369827
369828
369829
369830
369831
369832
369833
369834
369835
369836
369837
369838
369839
369840
369841
369842
369843
369844
369845
369846
369847
369848
369849
369850
369851
369852
369853
369854
369855
369856
369857
369858
369859
369860
369861
369862
369863
369864
369865
369866
369867
369868
369869
369870
369871
369872
369873
369874
369875
369876
369877
369878
369879
369880
369881
369882
369883
369884
369885
369886
369887
369888
369889
369890
369891
369892
369893
369894
369895
369896
369897
369898
369899
369900
369901
369902
369903
369904
369905
369906
369907
369908
369909
369910
369911
369912
369913
369914
369915
369916
369917
369918
369919
369920
369921
369922
369923
369924
369925
369926
369927
369928
369929
369930
369931
369932
369933
369934
369935
369936
369937
369938
369939
369940
369941
369942
369943
369944
369945
369946
369947
369948
369949
369950
369951
369952
369953
369954
369955
369956
369957
369958
369959
369960
369961
369962
369963
369964
369965
369966
369967
369968
369969
369970
369971
369972
369973
369974
369975
369976
369977
369978
369979
369980
369981
369982
369983
369984
369985
369986
369987
369988
369989
369990
369991
369992
369993
369994
369995
369996
369997
369998
369999
370000
370001
370002
370003
370004
370005
370006
370007
370008
370009
370010
370011
370012
370013
370014
370015
370016
370017
370018
370019
370020
370021
370022
370023
370024
370025
370026
370027
370028
370029
370030
370031
370032
370033
370034
370035
370036
370037
370038
370039
370040
370041
370042
370043
370044
370045
370046
370047
370048
370049
370050
370051
370052
370053
370054
370055
370056
370057
370058
370059
370060
370061
370062
370063
370064
370065
370066
370067
370068
370069
370070
370071
370072
370073
370074
370075
370076
370077
370078
370079
370080
370081
370082
370083
370084
370085
370086
370087
370088
370089
370090
370091
370092
370093
370094
370095
370096
370097
370098
370099
370100
370101
370102
370103
370104
370105
370106
370107
370108
370109
370110
370111
370112
370113
370114
370115
370116
370117
370118
370119
370120
370121
370122
370123
370124
370125
370126
370127
370128
370129
370130
370131
370132
370133
370134
370135
370136
370137
370138
370139
370140
370141
370142
370143
370144
370145
370146
370147
370148
370149
370150
370151
370152
370153
370154
370155
370156
370157
370158
370159
370160
370161
370162
370163
370164
370165
370166
370167
370168
370169
370170
370171
370172
370173
370174
370175
370176
370177
370178
370179
370180
370181
370182
370183
370184
370185
370186
370187
370188
370189
370190
370191
370192
370193
370194
370195
370196
370197
370198
370199
370200
370201
370202
370203
370204
370205
370206
370207
370208
370209
370210
370211
370212
370213
370214
370215
370216
370217
370218
370219
370220
370221
370222
370223
370224
370225
370226
370227
370228
370229
370230
370231
370232
370233
370234
370235
370236
370237
370238
370239
370240
370241
370242
370243
370244
370245
370246
370247
370248
370249
370250
370251
370252
370253
370254
370255
370256
370257
370258
370259
370260
370261
370262
370263
370264
370265
370266
370267
370268
370269
370270
370271
370272
370273
370274
370275
370276
370277
370278
370279
370280
370281
370282
370283
370284
370285
370286
370287
370288
370289
370290
370291
370292
370293
370294
370295
370296
370297
370298
370299
370300
370301
370302
370303
370304
370305
370306
370307
370308
370309
370310
370311
370312
370313
370314
370315
370316
370317
370318
370319
370320
370321
370322
370323
370324
370325
370326
370327
370328
370329
370330
370331
370332
370333
370334
370335
370336
370337
370338
370339
370340
370341
370342
370343
370344
370345
370346
370347
370348
370349
370350
370351
370352
370353
370354
370355
370356
370357
370358
370359
370360
370361
370362
370363
370364
370365
370366
370367
370368
370369
370370
370371
370372
370373
370374
370375
370376
370377
370378
370379
370380
370381
370382
370383
370384
370385
370386
370387
370388
370389
370390
370391
370392
370393
370394
370395
370396
370397
370398
370399
370400
370401
370402
370403
370404
370405
370406
370407
370408
370409
370410
370411
370412
370413
370414
370415
370416
370417
370418
370419
370420
370421
370422
370423
370424
370425
370426
370427
370428
370429
370430
370431
370432
370433
370434
370435
370436
370437
370438
370439
370440
370441
370442
370443
370444
370445
370446
370447
370448
370449
370450
370451
370452
370453
370454
370455
370456
370457
370458
370459
370460
370461
370462
370463
370464
370465
370466
370467
370468
370469
370470
370471
370472
370473
370474
370475
370476
370477
370478
370479
370480
370481
370482
370483
370484
370485
370486
370487
370488
370489
370490
370491
370492
370493
370494
370495
370496
370497
370498
370499
370500
370501
370502
370503
370504
370505
370506
370507
370508
370509
370510
370511
370512
370513
370514
370515
370516
370517
370518
370519
370520
370521
370522
370523
370524
370525
370526
370527
370528
370529
370530
370531
370532
370533
370534
370535
370536
370537
370538
370539
370540
370541
370542
370543
370544
370545
370546
370547
370548
370549
370550
370551
370552
370553
370554
370555
370556
370557
370558
370559
370560
370561
370562
370563
370564
370565
370566
370567
370568
370569
370570
370571
370572
370573
370574
370575
370576
370577
370578
370579
370580
370581
370582
370583
370584
370585
370586
370587
370588
370589
370590
370591
370592
370593
370594
370595
370596
370597
370598
370599
370600
370601
370602
370603
370604
370605
370606
370607
370608
370609
370610
370611
370612
370613
370614
370615
370616
370617
370618
370619
370620
370621
370622
370623
370624
370625
370626
370627
370628
370629
370630
370631
370632
370633
370634
370635
370636
370637
370638
370639
370640
370641
370642
370643
370644
370645
370646
370647
370648
370649
370650
370651
370652
370653
370654
370655
370656
370657
370658
370659
370660
370661
370662
370663
370664
370665
370666
370667
370668
370669
370670
370671
370672
370673
370674
370675
370676
370677
370678
370679
370680
370681
370682
370683
370684
370685
370686
370687
370688
370689
370690
370691
370692
370693
370694
370695
370696
370697
370698
370699
370700
370701
370702
370703
370704
370705
370706
370707
370708
370709
370710
370711
370712
370713
370714
370715
370716
370717
370718
370719
370720
370721
370722
370723
370724
370725
370726
370727
370728
370729
370730
370731
370732
370733
370734
370735
370736
376083
376084
376085
376086
376087
376088
376089
376090
376091
376092
376093
376094
376095
376096
376097
376098
376099
376100
376101
376102
376103
376104
376105
376106
376107
376108
376109
376110
376111
376112
376113
376114
376115
376116
376117
376118
376119
376120
376121
376122
376123
376124
376125
376126
376164
376165
376166
376167
376168
376169
376170
376171
376172
376173
376174
376175
376176
376177
376178
376179
376180
376181
376182
376183
376184
376185
376186
376187
376188
376189
376190
376191
376192
376193
376194
376195
376196
376197
376198
376199
376200
376201
376202
376203
376204
376205
376206
376207
376208
376209
376210
376211
376212
376213
376214
376215
376216
376217
376218
376219
376220
376221
376222
376223
376224
376225
376226
376227
376228
376229
376230
376231
376232
376233
376234
376235
376236
376237
376238
376239
376240
376241
376242
376243
376244
376245
376246
376247
376248
376249
376250
376251
376252
376253
376254
376255
376256
376257
376258
376259
376260
376261
376262
376263
376264
376265
376266
376267
376268
376269
376270
376271
376272
376273
376274
376275
376276
376277
376278
376279
376280
376281
376282
376283
376284
376285
376286
376287
376288
376289
376290
376291
376292
376293
376294
376295
376296
376297
376298
376299
376300
376301
376302
376303
376304
376305
376306
376307
376308
376309
376310
376311
376312
376313
376314
376315
376316
376317
376318
376319
376320
376321
376322
376323
376324
376325
376326
376327
376328
376329
376330
376331
376332
376333
376334
376335
376336
376337
376338
376339
376340
376341
376342
376343
376344
376345
376346
376347
376348
376349
376350
376351
376352
376353
376354
376355
376356
376357
376358
376359
376360
376361
376362
376363
376364
376365
376366
376367
376368
376369
376370
376371
376372
376373
376374
376375
376376
376377
376378
376379
376380
376381
376382
376383
376384
376385
376386
376387
376388
376389
376390
376391
376392
376393
376394
376395
376396
376397
376398
376399
376400
376401
376402
376403
376404
376405
376406
376407
376408
376409
376410
376411
376412
376413
376414
376415
376416
376417
376418
376419
376420
376421
376422
376423
376424
376425
376426
376427
376428
376429
376430
376431
376432
376433
376434
376435
376436
376437
376438
376439
376440
376441
376442
376443
376444
376445
376446
376447
376448
376449
376450
376451
376452
376453
376454
376455
376456
376457
376458
376459
376460
376461
376462
376463
376464
376465
376466
376467
376468
376469
376470
376471
376472
376473
376474
376475
376476
376477
376478
376479
376480
376481
376482
376483
376484
376485
376486
376487
376488
376489
376490
376491
376492
376493
376494
376495
376496
376497
376498
376499
376500
376501
376502
376503
376504
376505
376506
376507
376508
376509
376510
376511
376512
376513
376514
376515
376516
376517
376518
376519
376520
376521
376522
376523
376524
376525
376526
376527
376528
376529
376530
376531
376532
376533
376534
376535
376536
376537
376538
376539
376540
376541
376542
376543
376544
376545
376546
376547
376548
376549
376550
376551
376552
376553
376554
376555
376556
376557
376558
376559
376560
376561
376562
376563
376564
376565
376566
376567
376568
376569
376570
376571
376572
376573
376574
376575
376576
376577
376578
376579
376580
376581
376582
376583
376584
376585
376586
376587
376588
376589
376590
376591
376592
376593
376594
376595
376596
376597
376598
376599
376600
376601
376602
376603
376604
376605
376606
376607
376608
376609
376610
376611
376612
376613
376614
376615
376616
376617
376618
376619
376620
376621
376622
376623
376624
376625
376626
376627
376628
376629
376630
376631
376632
376633
376634
376635
376636
376637
376638
376639
376640
376641
376642
376643
376644
376645
376646
376647
376648
376649
376650
376651
376652
376653
376654
376655
376656
376657
376658
376659
376660
376661
376662
376663
376664
376665
376666
376667
376668
376669
376670
376671
376672
376673
376674
376675
376676
376677
376678
376679
376680
376681
376682
376683
376684
376685
376686
376687
376688
376689
376690
376691
376692
376693
376694
376695
376696
376697
376698
376699
376700
376701
376702
376703
376704
376705
376706
376707
376708
376709
376710
376711
376712
376713
376714
376715
376716
376717
376718
376719
376720
376721
376722
376723
376724
376725
376726
376727
376728
376729
376730
376731
376732
376733
376734
376735
376736
376737
376738
376739
376740
376741
376742
376743
376744
376745
376746
376747
376748
376749
376750
376751
376752
376753
376754
376755
376756
376757
376758
376759
376760
376761
376762
376763
376764
376765
376766
376767
376768
376769
376770
376771
376772
376773
376774
376775
376776
376777
376778
376779
376780
376781
376782
376783
376784
376785
376786
376787
376788
376789
376790
376791
376792
376793
376794
376795
376796
376797
376798
376799
376800
376801
376802
376803
376804
376805
376806
376807
376808
376809
376810
376811
376812
376813
376814
376815
376816
376817
376818
376819
376820
376821
376822
376823
376824
376825
376826
376827
376828
376829
376830
376831
376832
376833
376834
376835
376836
376837
376838
376839
376840
376841
376842
376843
376844
376845
376846
376847
376848
376849
376850
376851
376852
376853
376854
376855
376856
376857
376858
376859
376860
376861
376862
376863
376864
376865
376866
376867
376868
376869
376870
376871
376872
376873
376874
376875
376876
376877
376878
376879
376880
376881
376882
376883
376884
376885
376886
376887
376888
376889
376890
376891
376892
376893
376894
376895
376896
376897
376898
376899
376900
376901
376902
376903
376904
376905
376906
376907
376908
376909
376910
376911
376912
376913
376914
376915
376916
376917
376918
376919
376920
376921
376922
376923
376924
376925
376926
376927
376928
376929
376930
376931
376932
376933
376934
376935
376936
376937
376938
376939
376940
376941
376942
376943
376944
376945
376946
376947
376948
376949
376950
376951
376952
376953
376954
376955
376956
376957
376958
376959
376960
376961
376962
376963
376964
376965
376966
376967
376968
376969
376970
376971
376972
376973
376974
376975
376976
376977
376978
376979
376980
376981
376982
376983
376984
376985
376986
376987
376988
376989
376990
376991
376992
376993
376994
376995
376996
376997
376998
376999
377000
377001
377002
377003
377004
377005
377006
377007
377008
377009
377010
377011
377012
377013
377014
377015
377016
377017
377018
377019
377020
377021
377022
377023
377024
377025
377026
377027
377028
377029
377030
377031
377032
377033
377034
377035
377036
377037
377038
377039
377040
377041
377042
377043
377044
377045
377046
377047
377048
377049
377050
377051
377052
377053
377054
377055
377056
377057
377058
377059
377060
377061
377062
377063
377064
377065
377066
377067
377068
377069
377070
377071
377072
377073
377074
377075
377076
377077
377078
377079
377080
377081
377082
377083
377084
377085
377086
377087
377088
377089
377090
377091
377092
377093
377094
377095
377096
377097
377098
377099
377100
377101
377102
377103
377104
377105
377106
377107
377108
377109
377110
377111
377112
377113
377114
377115
377116
377117
377118
377119
377120
377121
377122
377123
377124
377125
377126
377127
377128
377129
377130
377131
377132
377133
377134
377135
377136
377137
377138
377139
377140
377141
377142
377143
377144
377145
377146
377147
377148
377149
377150
377151
377152
377153
377154
377155
377156
377157
377158
377159
377160
377161
377162
377163
377164
377165
377166
377167
377168
377169
377170
377171
377172
377173
377174
377175
377176
377177
377178
377179
377180
377181
377182
377183
377184
377185
377186
377187
377188
377189
377190
377191
377192
377193
377194
377195
377196
377197
377198
377199
377200
377201
377202
377203
377204
377205
377206
377207
377208
377209
377210
377211
377212
377213
377214
377215
377216
377217
377218
377219
377220
377221
377222
377223
377224
377225
377226
377227
377228
377229
377230
377231
377232
377233
377234
377235
377236
377237
377238
377239
377240
377241
377242
377243
377244
377245
377246
377247
377248
377249
377250
377251
377252
377253
377254
377255
377256
377257
377258
377259
377260
377261
377262
377263
377264
377265
377266
377267
377268
377269
377270
377271
377272
377273
377274
377275
377276
377277
377278
377279
377280
377281
377282
377283
377284
377285
377286
377287
377288
377289
377290
377291
377292
377293
377294
377295
377296
377297
382644
382645
382646
382647
382648
382649
382650
382651
382652
382653
382654
382655
382656
382657
382658
382659
382660
382661
382662
382663
382664
382665
382666
382667
382668
382669
382670
382671
382672
382673
382674
382675
382676
382677
382678
382679
382680
382681
382682
382683
382684
382685
382686
382687
382688
382725
382726
382727
382728
382729
382730
382731
382732
382733
382734
382735
382736
382737
382738
382739
382740
382741
382742
382743
382744
382745
382746
382747
382748
382749
382750
382751
382752
382753
382754
382755
382756
382757
382758
382759
382760
382761
382762
382763
382764
382765
382766
382767
382768
382769
382770
382771
382772
382773
382774
382775
382776
382777
382778
382779
382780
382781
382782
382783
382784
382785
382786
382787
382788
382789
382790
382791
382792
382793
382794
382795
382796
382797
382798
382799
382800
382801
382802
382803
382804
382805
382806
382807
382808
382809
382810
382811
382812
382813
382814
382815
382816
382817
382818
382819
382820
382821
382822
382823
382824
382825
382826
382827
382828
382829
382830
382831
382832
382833
382834
382835
382836
382837
382838
382839
382840
382841
382842
382843
382844
382845
382846
382847
382848
382849
382850
382851
382852
382853
382854
382855
382856
382857
382858
382859
382860
382861
382862
382863
382864
382865
382866
382867
382868
382869
382870
382871
382872
382873
382874
382875
382876
382877
382878
382879
382880
382881
382882
382883
382884
382885
382886
382887
382888
382889
382890
382891
382892
382893
382894
382895
382896
382897
382898
382899
382900
382901
382902
382903
382904
382905
382906
382907
382908
382909
382910
382911
382912
382913
382914
382915
382916
382917
382918
382919
382920
382921
382922
382923
382924
382925
382926
382927
382928
382929
382930
382931
382932
382933
382934
382935
382936
382937
382938
382939
382940
382941
382942
382943
382944
382945
382946
382947
382948
382949
382950
382951
382952
382953
382954
382955
382956
382957
382958
382959
382960
382961
382962
382963
382964
382965
382966
382967
382968
382969
382970
382971
382972
382973
382974
382975
382976
382977
382978
382979
382980
382981
382982
382983
382984
382985
382986
382987
382988
382989
382990
382991
382992
382993
382994
382995
382996
382997
382998
382999
383000
383001
383002
383003
383004
383005
383006
383007
383008
383009
383010
383011
383012
383013
383014
383015
383016
383017
383018
383019
383020
383021
383022
383023
383024
383025
383026
383027
383028
383029
383030
383031
383032
383033
383034
383035
383036
383037
383038
383039
383040
383041
383042
383043
383044
383045
383046
383047
383048
383049
383050
383051
383052
383053
383054
383055
383056
383057
383058
383059
383060
383061
383062
383063
383064
383065
383066
383067
383068
383069
383070
383071
383072
383073
383074
383075
383076
383077
383078
383079
383080
383081
383082
383083
383084
383085
383086
383087
383088
383089
383090
383091
383092
383093
383094
383095
383096
383097
383098
383099
383100
383101
383102
383103
383104
383105
383106
383107
383108
383109
383110
383111
383112
383113
383114
383115
383116
383117
383118
383119
383120
383121
383122
383123
383124
383125
383126
383127
383128
383129
383130
383131
383132
383133
383134
383135
383136
383137
383138
383139
383140
383141
383142
383143
383144
383145
383146
383147
383148
383149
383150
383151
383152
383153
383154
383155
383156
383157
383158
383159
383160
383161
383162
383163
383164
383165
383166
383167
383168
383169
383170
383171
383172
383173
383174
383175
383176
383177
383178
383179
383180
383181
383182
383183
383184
383185
383186
383187
383188
383189
383190
383191
383192
383193
383194
383195
383196
383197
383198
383199
383200
383201
383202
383203
383204
383205
383206
383207
383208
383209
383210
383211
383212
383213
383214
383215
383216
383217
383218
383219
383220
383221
383222
383223
383224
383225
383226
383227
383228
383229
383230
383231
383232
383233
383234
383235
383236
383237
383238
383239
383240
383241
383242
383243
383244
383245
383246
383247
383248
383249
383250
383251
383252
383253
383254
383255
383256
383257
383258
383259
383260
383261
383262
383263
383264
383265
383266
383267
383268
383269
383270
383271
383272
383273
383274
383275
383276
383277
383278
383279
383280
383281
383282
383283
383284
383285
383286
383287
383288
383289
383290
383291
383292
383293
383294
383295
383296
383297
383298
383299
383300
383301
383302
383303
383304
383305
383306
383307
383308
383309
383310
383311
383312
383313
383314
383315
383316
383317
383318
383319
383320
383321
383322
383323
383324
383325
383326
383327
383328
383329
383330
383331
383332
383333
383334
383335
383336
383337
383338
383339
383340
383341
383342
383343
383344
383345
383346
383347
383348
383349
383350
383351
383352
383353
383354
383355
383356
383357
383358
383359
383360
383361
383362
383363
383364
383365
383366
383367
383368
383369
383370
383371
383372
383373
383374
383375
383376
383377
383378
383379
383380
383381
383382
383383
383384
383385
383386
383387
383388
383389
383390
383391
383392
383393
383394
383395
383396
383397
383398
383399
383400
383401
383402
383403
383404
383405
383406
383407
383408
383409
383410
383411
383412
383413
383414
383415
383416
383417
383418
383419
383420
383421
383422
383423
383424
383425
383426
383427
383428
383429
383430
383431
383432
383433
383434
383435
383436
383437
383438
383439
383440
383441
383442
383443
383444
383445
383446
383447
383448
383449
383450
383451
383452
383453
383454
383455
383456
383457
383458
383459
383460
383461
383462
383463
383464
383465
383466
383467
383468
383469
383470
383471
383472
383473
383474
383475
383476
383477
383478
383479
383480
383481
383482
383483
383484
383485
383486
383487
383488
383489
383490
383491
383492
383493
383494
383495
383496
383497
383498
383499
383500
383501
383502
383503
383504
383505
383506
383507
383508
383509
383510
383511
383512
383513
383514
383515
383516
383517
383518
383519
383520
383521
383522
383523
383524
383525
383526
383527
383528
383529
383530
383531
383532
383533
383534
383535
383536
383537
383538
383539
383540
383541
383542
383543
383544
383545
383546
383547
383548
383549
383550
383551
383552
383553
383554
383555
383556
383557
383558
383559
383560
383561
383562
383563
383564
383565
383566
383567
383568
383569
383570
383571
383572
383573
383574
383575
383576
383577
383578
383579
383580
383581
383582
383583
383584
383585
383586
383587
383588
383589
383590
383591
383592
383593
383594
383595
383596
383597
383598
383599
383600
383601
383602
383603
383604
383605
383606
383607
383608
383609
383610
383611
383612
383613
383614
383615
383616
383617
383618
383619
383620
383621
383622
383623
383624
383625
383626
383627
383628
383629
383630
383631
383632
383633
383634
383635
383636
383637
383638
383639
383640
383641
383642
383643
383644
383645
383646
383647
383648
383649
383650
383651
383652
383653
383654
383655
383656
383657
383658
383659
383660
383661
383662
383663
383664
383665
383666
383667
383668
383669
383670
383671
383672
383673
383674
383675
383676
383677
383678
383679
383680
383681
383682
383683
383684
383685
383686
383687
383688
383689
383690
383691
383692
383693
383694
383695
383696
383697
383698
383699
383700
383701
383702
383703
383704
383705
383706
383707
383708
383709
383710
383711
383712
383713
383714
383715
383716
383717
383718
383719
383720
383721
383722
383723
383724
383725
383726
383727
383728
383729
383730
383731
383732
383733
383734
383735
383736
383737
383738
383739
383740
383741
383742
383743
383744
383745
383746
383747
383748
383749
383750
383751
383752
383753
383754
383755
383756
383757
383758
383759
383760
383761
383762
383763
383764
383765
383766
383767
383768
383769
383770
383771
383772
383773
383774
383775
383776
383777
383778
383779
383780
383781
383782
383783
383784
383785
383786
383787
383788
383789
383790
383791
383792
383793
383794
383795
383796
383797
383798
383799
383800
383801
383802
383803
383804
383805
383806
383807
383808
383809
383810
383811
383812
383813
383814
383815
383816
383817
383818
383819
383820
383821
383822
383823
383824
383825
383826
383827
383828
383829
383830
383831
383832
383833
383834
383835
383836
383837
383838
383839
383840
383841
383842
383843
383844
383845
383846
383847
383848
383849
383850
383851
383852
383853
383854
383855
383856
383857
383858
389205
389206
389207
389208
389209
389210
389211
389212
389213
389214
389215
389216
389217
389218
389219
389220
389221
389222
389223
389224
389225
389226
389227
389228
389229
389230
389231
389232
389233
389234
389235
389236
389237
389238
389239
389240
389241
389242
389243
389244
389245
389246
389247
389248
389249
389250
389286
389287
389288
389289
389290
389291
389292
389293
389294
389295
389296
389297
389298
389299
389300
389301
389302
389303
389304
389305
389306
389307
389308
389309
389310
389311
389312
389313
389314
389315
389316
389317
389318
389319
389320
389321
389322
389323
389324
389325
389326
389327
389328
389329
389330
389331
389332
389333
389334
389335
389336
389337
389338
389339
389340
389341
389342
389343
389344
389345
389346
389347
389348
389349
389350
389351
389352
389353
389354
389355
389356
389357
389358
389359
389360
389361
389362
389363
389364
389365
389366
389367
389368
389369
389370
389371
389372
389373
389374
389375
389376
389377
389378
389379
389380
389381
389382
389383
389384
389385
389386
389387
389388
389389
389390
389391
389392
389393
389394
389395
389396
389397
389398
389399
389400
389401
389402
389403
389404
389405
389406
389407
389408
389409
389410
389411
389412
389413
389414
389415
389416
389417
389418
389419
389420
389421
389422
389423
389424
389425
389426
389427
389428
389429
389430
389431
389432
389433
389434
389435
389436
389437
389438
389439
389440
389441
389442
389443
389444
389445
389446
389447
389448
389449
389450
389451
389452
389453
389454
389455
389456
389457
389458
389459
389460
389461
389462
389463
389464
389465
389466
389467
389468
389469
389470
389471
389472
389473
389474
389475
389476
389477
389478
389479
389480
389481
389482
389483
389484
389485
389486
389487
389488
389489
389490
389491
389492
389493
389494
389495
389496
389497
389498
389499
389500
389501
389502
389503
389504
389505
389506
389507
389508
389509
389510
389511
389512
389513
389514
389515
389516
389517
389518
389519
389520
389521
389522
389523
389524
389525
389526
389527
389528
389529
389530
389531
389532
389533
389534
389535
389536
389537
389538
389539
389540
389541
389542
389543
389544
389545
389546
389547
389548
389549
389550
389551
389552
389553
389554
389555
389556
389557
389558
389559
389560
389561
389562
389563
389564
389565
389566
389567
389568
389569
389570
389571
389572
389573
389574
389575
389576
389577
389578
389579
389580
389581
389582
389583
389584
389585
389586
389587
389588
389589
389590
389591
389592
389593
389594
389595
389596
389597
389598
389599
389600
389601
389602
389603
389604
389605
389606
389607
389608
389609
389610
389611
389612
389613
389614
389615
389616
389617
389618
389619
389620
389621
389622
389623
389624
389625
389626
389627
389628
389629
389630
389631
389632
389633
389634
389635
389636
389637
389638
389639
389640
389641
389642
389643
389644
389645
389646
389647
389648
389649
389650
389651
389652
389653
389654
389655
389656
389657
389658
389659
389660
389661
389662
389663
389664
389665
389666
389667
389668
389669
389670
389671
389672
389673
389674
389675
389676
389677
389678
389679
389680
389681
389682
389683
389684
389685
389686
389687
389688
389689
389690
389691
389692
389693
389694
389695
389696
389697
389698
389699
389700
389701
389702
389703
389704
389705
389706
389707
389708
389709
389710
389711
389712
389713
389714
389715
389716
389717
389718
389719
389720
389721
389722
389723
389724
389725
389726
389727
389728
389729
389730
389731
389732
389733
389734
389735
389736
389737
389738
389739
389740
389741
389742
389743
389744
389745
389746
389747
389748
389749
389750
389751
389752
389753
389754
389755
389756
389757
389758
389759
389760
389761
389762
389763
389764
389765
389766
389767
389768
389769
389770
389771
389772
389773
389774
389775
389776
389777
389778
389779
389780
389781
389782
389783
389784
389785
389786
389787
389788
389789
389790
389791
389792
389793
389794
389795
389796
389797
389798
389799
389800
389801
389802
389803
389804
389805
389806
389807
389808
389809
389810
389811
389812
389813
389814
389815
389816
389817
389818
389819
389820
389821
389822
389823
389824
389825
389826
389827
389828
389829
389830
389831
389832
389833
389834
389835
389836
389837
389838
389839
389840
389841
389842
389843
389844
389845
389846
389847
389848
389849
389850
389851
389852
389853
389854
389855
389856
389857
389858
389859
389860
389861
389862
389863
389864
389865
389866
389867
389868
389869
389870
389871
389872
389873
389874
389875
389876
389877
389878
389879
389880
389881
389882
389883
389884
389885
389886
389887
389888
389889
389890
389891
389892
389893
389894
389895
389896
389897
389898
389899
389900
389901
389902
389903
389904
389905
389906
389907
389908
389909
389910
389911
389912
389913
389914
389915
389916
389917
389918
389919
389920
389921
389922
389923
389924
389925
389926
389927
389928
389929
389930
389931
389932
389933
389934
389935
389936
389937
389938
389939
389940
389941
389942
389943
389944
389945
389946
389947
389948
389949
389950
389951
389952
389953
389954
389955
389956
389957
389958
389959
389960
389961
389962
389963
389964
389965
389966
389967
389968
389969
389970
389971
389972
389973
389974
389975
389976
389977
389978
389979
389980
389981
389982
389983
389984
389985
389986
389987
389988
389989
389990
389991
389992
389993
389994
389995
389996
389997
389998
389999
390000
390001
390002
390003
390004
390005
390006
390007
390008
390009
390010
390011
390012
390013
390014
390015
390016
390017
390018
390019
390020
390021
390022
390023
390024
390025
390026
390027
390028
390029
390030
390031
390032
390033
390034
390035
390036
390037
390038
390039
390040
390041
390042
390043
390044
390045
390046
390047
390048
390049
390050
390051
390052
390053
390054
390055
390056
390057
390058
390059
390060
390061
390062
390063
390064
390065
390066
390067
390068
390069
390070
390071
390072
390073
390074
390075
390076
390077
390078
390079
390080
390081
390082
390083
390084
390085
390086
390087
390088
390089
390090
390091
390092
390093
390094
390095
390096
390097
390098
390099
390100
390101
390102
390103
390104
390105
390106
390107
390108
390109
390110
390111
390112
390113
390114
390115
390116
390117
390118
390119
390120
390121
390122
390123
390124
390125
390126
390127
390128
390129
390130
390131
390132
390133
390134
390135
390136
390137
390138
390139
390140
390141
390142
390143
390144
390145
390146
390147
390148
390149
390150
390151
390152
390153
390154
390155
390156
390157
390158
390159
390160
390161
390162
390163
390164
390165
390166
390167
390168
390169
390170
390171
390172
390173
390174
390175
390176
390177
390178
390179
390180
390181
390182
390183
390184
390185
390186
390187
390188
390189
390190
390191
390192
390193
390194
390195
390196
390197
390198
390199
390200
390201
390202
390203
390204
390205
390206
390207
390208
390209
390210
390211
390212
390213
390214
390215
390216
390217
390218
390219
390220
390221
390222
390223
390224
390225
390226
390227
390228
390229
390230
390231
390232
390233
390234
390235
390236
390237
390238
390239
390240
390241
390242
390243
390244
390245
390246
390247
390248
390249
390250
390251
390252
390253
390254
390255
390256
390257
390258
390259
390260
390261
390262
390263
390264
390265
390266
390267
390268
390269
390270
390271
390272
390273
390274
390275
390276
390277
390278
390279
390280
390281
390282
390283
390284
390285
390286
390287
390288
390289
390290
390291
390292
390293
390294
390295
390296
390297
390298
390299
390300
390301
390302
390303
390304
390305
390306
390307
390308
390309
390310
390311
390312
390313
390314
390315
390316
390317
390318
390319
390320
390321
390322
390323
390324
390325
390326
390327
390328
390329
390330
390331
390332
390333
390334
390335
390336
390337
390338
390339
390340
390341
390342
390343
390344
390345
390346
390347
390348
390349
390350
390351
390352
390353
390354
390355
390356
390357
390358
390359
390360
390361
390362
390363
390364
390365
390366
390367
390368
390369
390370
390371
390372
390373
390374
390375
390376
390377
390378
390379
390380
390381
390382
390383
390384
390385
390386
390387
390388
390389
390390
390391
390392
390393
390394
390395
390396
390397
390398
390399
390400
390401
390402
390403
390404
390405
390406
390407
390408
390409
390410
390411
390412
390413
390414
390415
390416
390417
390418
390419
395766
395767
395768
395769
395770
395771
395772
395773
395774
395775
395776
395777
395778
395779
395780
395781
395782
395783
395784
395785
395786
395787
395788
395789
395790
395791
395792
395793
395794
395795
395796
395797
395798
395799
395800
395801
395802
395803
395804
395805
395806
395807
395808
395809
395810
395811
395812
395847
395848
395849
395850
395851
395852
395853
395854
395855
395856
395857
395858
395859
395860
395861
395862
395863
395864
395865
395866
395867
395868
395869
395870
395871
395872
395873
395874
395875
395876
395877
395878
395879
395880
395881
395882
395883
395884
395885
395886
395887
395888
395889
395890
395891
395892
395893
395894
395895
395896
395897
395898
395899
395900
395901
395902
395903
395904
395905
395906
395907
395908
395909
395910
395911
395912
395913
395914
395915
395916
395917
395918
395919
395920
395921
395922
395923
395924
395925
395926
395927
395928
395929
395930
395931
395932
395933
395934
395935
395936
395937
395938
395939
395940
395941
395942
395943
395944
395945
395946
395947
395948
395949
395950
395951
395952
395953
395954
395955
395956
395957
395958
395959
395960
395961
395962
395963
395964
395965
395966
395967
395968
395969
395970
395971
395972
395973
395974
395975
395976
395977
395978
395979
395980
395981
395982
395983
395984
395985
395986
395987
395988
395989
395990
395991
395992
395993
395994
395995
395996
395997
395998
395999
396000
396001
396002
396003
396004
396005
396006
396007
396008
396009
396010
396011
396012
396013
396014
396015
396016
396017
396018
396019
396020
396021
396022
396023
396024
396025
396026
396027
396028
396029
396030
396031
396032
396033
396034
396035
396036
396037
396038
396039
396040
396041
396042
396043
396044
396045
396046
396047
396048
396049
396050
396051
396052
396053
396054
396055
396056
396057
396058
396059
396060
396061
396062
396063
396064
396065
396066
396067
396068
396069
396070
396071
396072
396073
396074
396075
396076
396077
396078
396079
396080
396081
396082
396083
396084
396085
396086
396087
396088
396089
396090
396091
396092
396093
396094
396095
396096
396097
396098
396099
396100
396101
396102
396103
396104
396105
396106
396107
396108
396109
396110
396111
396112
396113
396114
396115
396116
396117
396118
396119
396120
396121
396122
396123
396124
396125
396126
396127
396128
396129
396130
396131
396132
396133
396134
396135
396136
396137
396138
396139
396140
396141
396142
396143
396144
396145
396146
396147
396148
396149
396150
396151
396152
396153
396154
396155
396156
396157
396158
396159
396160
396161
396162
396163
396164
396165
396166
396167
396168
396169
396170
396171
396172
396173
396174
396175
396176
396177
396178
396179
396180
396181
396182
396183
396184
396185
396186
396187
396188
396189
396190
396191
396192
396193
396194
396195
396196
396197
396198
396199
396200
396201
396202
396203
396204
396205
396206
396207
396208
396209
396210
396211
396212
396213
396214
396215
396216
396217
396218
396219
396220
396221
396222
396223
396224
396225
396226
396227
396228
396229
396230
396231
396232
396233
396234
396235
396236
396237
396238
396239
396240
396241
396242
396243
396244
396245
396246
396247
396248
396249
396250
396251
396252
396253
396254
396255
396256
396257
396258
396259
396260
396261
396262
396263
396264
396265
396266
396267
396268
396269
396270
396271
396272
396273
396274
396275
396276
396277
396278
396279
396280
396281
396282
396283
396284
396285
396286
396287
396288
396289
396290
396291
396292
396293
396294
396295
396296
396297
396298
396299
396300
396301
396302
396303
396304
396305
396306
396307
396308
396309
396310
396311
396312
396313
396314
396315
396316
396317
396318
396319
396320
396321
396322
396323
396324
396325
396326
396327
396328
396329
396330
396331
396332
396333
396334
396335
396336
396337
396338
396339
396340
396341
396342
396343
396344
396345
396346
396347
396348
396349
396350
396351
396352
396353
396354
396355
396356
396357
396358
396359
396360
396361
396362
396363
396364
396365
396366
396367
396368
396369
396370
396371
396372
396373
396374
396375
396376
396377
396378
396379
396380
396381
396382
396383
396384
396385
396386
396387
396388
396389
396390
396391
396392
396393
396394
396395
396396
396397
396398
396399
396400
396401
396402
396403
396404
396405
396406
396407
396408
396409
396410
396411
396412
396413
396414
396415
396416
396417
396418
396419
396420
396421
396422
396423
396424
396425
396426
396427
396428
396429
396430
396431
396432
396433
396434
396435
396436
396437
396438
396439
396440
396441
396442
396443
396444
396445
396446
396447
396448
396449
396450
396451
396452
396453
396454
396455
396456
396457
396458
396459
396460
396461
396462
396463
396464
396465
396466
396467
396468
396469
396470
396471
396472
396473
396474
396475
396476
396477
396478
396479
396480
396481
396482
396483
396484
396485
396486
396487
396488
396489
396490
396491
396492
396493
396494
396495
396496
396497
396498
396499
396500
396501
396502
396503
396504
396505
396506
396507
396508
396509
396510
396511
396512
396513
396514
396515
396516
396517
396518
396519
396520
396521
396522
396523
396524
396525
396526
396527
396528
396529
396530
396531
396532
396533
396534
396535
396536
396537
396538
396539
396540
396541
396542
396543
396544
396545
396546
396547
396548
396549
396550
396551
396552
396553
396554
396555
396556
396557
396558
396559
396560
396561
396562
396563
396564
396565
396566
396567
396568
396569
396570
396571
396572
396573
396574
396575
396576
396577
396578
396579
396580
396581
396582
396583
396584
396585
396586
396587
396588
396589
396590
396591
396592
396593
396594
396595
396596
396597
396598
396599
396600
396601
396602
396603
396604
396605
396606
396607
396608
396609
396610
396611
396612
396613
396614
396615
396616
396617
396618
396619
396620
396621
396622
396623
396624
396625
396626
396627
396628
396629
396630
396631
396632
396633
396634
396635
396636
396637
396638
396639
396640
396641
396642
396643
396644
396645
396646
396647
396648
396649
396650
396651
396652
396653
396654
396655
396656
396657
396658
396659
396660
396661
396662
396663
396664
396665
396666
396667
396668
396669
396670
396671
396672
396673
396674
396675
396676
396677
396678
396679
396680
396681
396682
396683
396684
396685
396686
396687
396688
396689
396690
396691
396692
396693
396694
396695
396696
396697
396698
396699
396700
396701
396702
396703
396704
396705
396706
396707
396708
396709
396710
396711
396712
396713
396714
396715
396716
396717
396718
396719
396720
396721
396722
396723
396724
396725
396726
396727
396728
396729
396730
396731
396732
396733
396734
396735
396736
396737
396738
396739
396740
396741
396742
396743
396744
396745
396746
396747
396748
396749
396750
396751
396752
396753
396754
396755
396756
396757
396758
396759
396760
396761
396762
396763
396764
396765
396766
396767
396768
396769
396770
396771
396772
396773
396774
396775
396776
396777
396778
396779
396780
396781
396782
396783
396784
396785
396786
396787
396788
396789
396790
396791
396792
396793
396794
396795
396796
396797
396798
396799
396800
396801
396802
396803
396804
396805
396806
396807
396808
396809
396810
396811
396812
396813
396814
396815
396816
396817
396818
396819
396820
396821
396822
396823
396824
396825
396826
396827
396828
396829
396830
396831
396832
396833
396834
396835
396836
396837
396838
396839
396840
396841
396842
396843
396844
396845
396846
396847
396848
396849
396850
396851
396852
396853
396854
396855
396856
396857
396858
396859
396860
396861
396862
396863
396864
396865
396866
396867
396868
396869
396870
396871
396872
396873
396874
396875
396876
396877
396878
396879
396880
396881
396882
396883
396884
396885
396886
396887
396888
396889
396890
396891
396892
396893
396894
396895
396896
396897
396898
396899
396900
396901
396902
396903
396904
396905
396906
396907
396908
396909
396910
396911
396912
396913
396914
396915
396916
396917
396918
396919
396920
396921
396922
396923
396924
396925
396926
396927
396928
396929
396930
396931
396932
396933
396934
396935
396936
396937
396938
396939
396940
396941
396942
396943
396944
396945
396946
396947
396948
396949
396950
396951
396952
396953
396954
396955
396956
396957
396958
396959
396960
396961
396962
396963
396964
396965
396966
396967
396968
396969
396970
396971
396972
396973
396974
396975
396976
396977
396978
396979
396980
402327
402328
402329
402330
402331
402332
402333
402334
402335
402336
402337
402338
402339
402340
402341
402342
402343
402344
402345
402346
402347
402348
402349
402350
402351
402352
402353
402354
402355
402356
402357
402358
402359
402360
402361
402362
402363
402364
402365
402366
402367
402368
402369
402370
402371
402372
402373
402374
402408
402409
402410
402411
402412
402413
402414
402415
402416
402417
402418
402419
402420
402421
402422
402423
402424
402425
402426
402427
402428
402429
402430
402431
402432
402433
402434
402435
402436
402437
402438
402439
402440
402441
402442
402443
402444
402445
402446
402447
402448
402449
402450
402451
402452
402453
402454
402455
402456
402457
402458
402459
402460
402461
402462
402463
402464
402465
402466
402467
402468
402469
402470
402471
402472
402473
402474
402475
402476
402477
402478
402479
402480
402481
402482
402483
402484
402485
402486
402487
402488
402489
402490
402491
402492
402493
402494
402495
402496
402497
402498
402499
402500
402501
402502
402503
402504
402505
402506
402507
402508
402509
402510
402511
402512
402513
402514
402515
402516
402517
402518
402519
402520
402521
402522
402523
402524
402525
402526
402527
402528
402529
402530
402531
402532
402533
402534
402535
402536
402537
402538
402539
402540
402541
402542
402543
402544
402545
402546
402547
402548
402549
402550
402551
402552
402553
402554
402555
402556
402557
402558
402559
402560
402561
402562
402563
402564
402565
402566
402567
402568
402569
402570
402571
402572
402573
402574
402575
402576
402577
402578
402579
402580
402581
402582
402583
402584
402585
402586
402587
402588
402589
402590
402591
402592
402593
402594
402595
402596
402597
402598
402599
402600
402601
402602
402603
402604
402605
402606
402607
402608
402609
402610
402611
402612
402613
402614
402615
402616
402617
402618
402619
402620
402621
402622
402623
402624
402625
402626
402627
402628
402629
402630
402631
402632
402633
402634
402635
402636
402637
402638
402639
402640
402641
402642
402643
402644
402645
402646
402647
402648
402649
402650
402651
402652
402653
402654
402655
402656
402657
402658
402659
402660
402661
402662
402663
402664
402665
402666
402667
402668
402669
402670
402671
402672
402673
402674
402675
402676
402677
402678
402679
402680
402681
402682
402683
402684
402685
402686
402687
402688
402689
402690
402691
402692
402693
402694
402695
402696
402697
402698
402699
402700
402701
402702
402703
402704
402705
402706
402707
402708
402709
402710
402711
402712
402713
402714
402715
402716
402717
402718
402719
402720
402721
402722
402723
402724
402725
402726
402727
402728
402729
402730
402731
402732
402733
402734
402735
402736
402737
402738
402739
402740
402741
402742
402743
402744
402745
402746
402747
402748
402749
402750
402751
402752
402753
402754
402755
402756
402757
402758
402759
402760
402761
402762
402763
402764
402765
402766
402767
402768
402769
402770
402771
402772
402773
402774
402775
402776
402777
402778
402779
402780
402781
402782
402783
402784
402785
402786
402787
402788
402789
402790
402791
402792
402793
402794
402795
402796
402797
402798
402799
402800
402801
402802
402803
402804
402805
402806
402807
402808
402809
402810
402811
402812
402813
402814
402815
402816
402817
402818
402819
402820
402821
402822
402823
402824
402825
402826
402827
402828
402829
402830
402831
402832
402833
402834
402835
402836
402837
402838
402839
402840
402841
402842
402843
402844
402845
402846
402847
402848
402849
402850
402851
402852
402853
402854
402855
402856
402857
402858
402859
402860
402861
402862
402863
402864
402865
402866
402867
402868
402869
402870
402871
402872
402873
402874
402875
402876
402877
402878
402879
402880
402881
402882
402883
402884
402885
402886
402887
402888
402889
402890
402891
402892
402893
402894
402895
402896
402897
402898
402899
402900
402901
402902
402903
402904
402905
402906
402907
402908
402909
402910
402911
402912
402913
402914
402915
402916
402917
402918
402919
402920
402921
402922
402923
402924
402925
402926
402927
402928
402929
402930
402931
402932
402933
402934
402935
402936
402937
402938
402939
402940
402941
402942
402943
402944
402945
402946
402947
402948
402949
402950
402951
402952
402953
402954
402955
402956
402957
402958
402959
402960
402961
402962
402963
402964
402965
402966
402967
402968
402969
402970
402971
402972
402973
402974
402975
402976
402977
402978
402979
402980
402981
402982
402983
402984
402985
402986
402987
402988
402989
402990
402991
402992
402993
402994
402995
402996
402997
402998
402999
403000
403001
403002
403003
403004
403005
403006
403007
403008
403009
403010
403011
403012
403013
403014
403015
403016
403017
403018
403019
403020
403021
403022
403023
403024
403025
403026
403027
403028
403029
403030
403031
403032
403033
403034
403035
403036
403037
403038
403039
403040
403041
403042
403043
403044
403045
403046
403047
403048
403049
403050
403051
403052
403053
403054
403055
403056
403057
403058
403059
403060
403061
403062
403063
403064
403065
403066
403067
403068
403069
403070
403071
403072
403073
403074
403075
403076
403077
403078
403079
403080
403081
403082
403083
403084
403085
403086
403087
403088
403089
403090
403091
403092
403093
403094
403095
403096
403097
403098
403099
403100
403101
403102
403103
403104
403105
403106
403107
403108
403109
403110
403111
403112
403113
403114
403115
403116
403117
403118
403119
403120
403121
403122
403123
403124
403125
403126
403127
403128
403129
403130
403131
403132
403133
403134
403135
403136
403137
403138
403139
403140
403141
403142
403143
403144
403145
403146
403147
403148
403149
403150
403151
403152
403153
403154
403155
403156
403157
403158
403159
403160
403161
403162
403163
403164
403165
403166
403167
403168
403169
403170
403171
403172
403173
403174
403175
403176
403177
403178
403179
403180
403181
403182
403183
403184
403185
403186
403187
403188
403189
403190
403191
403192
403193
403194
403195
403196
403197
403198
403199
403200
403201
403202
403203
403204
403205
403206
403207
403208
403209
403210
403211
403212
403213
403214
403215
403216
403217
403218
403219
403220
403221
403222
403223
403224
403225
403226
403227
403228
403229
403230
403231
403232
403233
403234
403235
403236
403237
403238
403239
403240
403241
403242
403243
403244
403245
403246
403247
403248
403249
403250
403251
403252
403253
403254
403255
403256
403257
403258
403259
403260
403261
403262
403263
403264
403265
403266
403267
403268
403269
403270
403271
403272
403273
403274
403275
403276
403277
403278
403279
403280
403281
403282
403283
403284
403285
403286
403287
403288
403289
403290
403291
403292
403293
403294
403295
403296
403297
403298
403299
403300
403301
403302
403303
403304
403305
403306
403307
403308
403309
403310
403311
403312
403313
403314
403315
403316
403317
403318
403319
403320
403321
403322
403323
403324
403325
403326
403327
403328
403329
403330
403331
403332
403333
403334
403335
403336
403337
403338
403339
403340
403341
403342
403343
403344
403345
403346
403347
403348
403349
403350
403351
403352
403353
403354
403355
403356
403357
403358
403359
403360
403361
403362
403363
403364
403365
403366
403367
403368
403369
403370
403371
403372
403373
403374
403375
403376
403377
403378
403379
403380
403381
403382
403383
403384
403385
403386
403387
403388
403389
403390
403391
403392
403393
403394
403395
403396
403397
403398
403399
403400
403401
403402
403403
403404
403405
403406
403407
403408
403409
403410
403411
403412
403413
403414
403415
403416
403417
403418
403419
403420
403421
403422
403423
403424
403425
403426
403427
403428
403429
403430
403431
403432
403433
403434
403435
403436
403437
403438
403439
403440
403441
403442
403443
403444
403445
403446
403447
403448
403449
403450
403451
403452
403453
403454
403455
403456
403457
403458
403459
403460
403461
403462
403463
403464
403465
403466
403467
403468
403469
403470
403471
403472
403473
403474
403475
403476
403477
403478
403479
403480
403481
403482
403483
403484
403485
403486
403487
403488
403489
403490
403491
403492
403493
403494
403495
403496
403497
403498
403499
403500
403501
403502
403503
403504
403505
403506
403507
403508
403509
403510
403511
403512
403513
403514
403515
403516
403517
403518
403519
403520
403521
403522
403523
403524
403525
403526
403527
403528
403529
403530
403531
403532
403533
403534
403535
403536
403537
403538
403539
403540
403541
408888
408889
408890
408891
408892
408893
408894
408895
408896
408897
408898
408899
408900
408901
408902
408903
408904
408905
408906
408907
408908
408909
408910
408911
408912
408913
408914
408915
408916
408917
408918
408919
408920
408921
408922
408923
408924
408925
408926
408927
408928
408929
408930
408931
408932
408933
408934
408935
408936
408969
408970
408971
408972
408973
408974
408975
408976
408977
408978
408979
408980
408981
408982
408983
408984
408985
408986
408987
408988
408989
408990
408991
408992
408993
408994
408995
408996
408997
408998
408999
409000
409001
409002
409003
409004
409005
409006
409007
409008
409009
409010
409011
409012
409013
409014
409015
409016
409017
409018
409019
409020
409021
409022
409023
409024
409025
409026
409027
409028
409029
409030
409031
409032
409033
409034
409035
409036
409037
409038
409039
409040
409041
409042
409043
409044
409045
409046
409047
409048
409049
409050
409051
409052
409053
409054
409055
409056
409057
409058
409059
409060
409061
409062
409063
409064
409065
409066
409067
409068
409069
409070
409071
409072
409073
409074
409075
409076
409077
409078
409079
409080
409081
409082
409083
409084
409085
409086
409087
409088
409089
409090
409091
409092
409093
409094
409095
409096
409097
409098
409099
409100
409101
409102
409103
409104
409105
409106
409107
409108
409109
409110
409111
409112
409113
409114
409115
409116
409117
409118
409119
409120
409121
409122
409123
409124
409125
409126
409127
409128
409129
409130
409131
409132
409133
409134
409135
409136
409137
409138
409139
409140
409141
409142
409143
409144
409145
409146
409147
409148
409149
409150
409151
409152
409153
409154
409155
409156
409157
409158
409159
409160
409161
409162
409163
409164
409165
409166
409167
409168
409169
409170
409171
409172
409173
409174
409175
409176
409177
409178
409179
409180
409181
409182
409183
409184
409185
409186
409187
409188
409189
409190
409191
409192
409193
409194
409195
409196
409197
409198
409199
409200
409201
409202
409203
409204
409205
409206
409207
409208
409209
409210
409211
409212
409213
409214
409215
409216
409217
409218
409219
409220
409221
409222
409223
409224
409225
409226
409227
409228
409229
409230
409231
409232
409233
409234
409235
409236
409237
409238
409239
409240
409241
409242
409243
409244
409245
409246
409247
409248
409249
409250
409251
409252
409253
409254
409255
409256
409257
409258
409259
409260
409261
409262
409263
409264
409265
409266
409267
409268
409269
409270
409271
409272
409273
409274
409275
409276
409277
409278
409279
409280
409281
409282
409283
409284
409285
409286
409287
409288
409289
409290
409291
409292
409293
409294
409295
409296
409297
409298
409299
409300
409301
409302
409303
409304
409305
409306
409307
409308
409309
409310
409311
409312
409313
409314
409315
409316
409317
409318
409319
409320
409321
409322
409323
409324
409325
409326
409327
409328
409329
409330
409331
409332
409333
409334
409335
409336
409337
409338
409339
409340
409341
409342
409343
409344
409345
409346
409347
409348
409349
409350
409351
409352
409353
409354
409355
409356
409357
409358
409359
409360
409361
409362
409363
409364
409365
409366
409367
409368
409369
409370
409371
409372
409373
409374
409375
409376
409377
409378
409379
409380
409381
409382
409383
409384
409385
409386
409387
409388
409389
409390
409391
409392
409393
409394
409395
409396
409397
409398
409399
409400
409401
409402
409403
409404
409405
409406
409407
409408
409409
409410
409411
409412
409413
409414
409415
409416
409417
409418
409419
409420
409421
409422
409423
409424
409425
409426
409427
409428
409429
409430
409431
409432
409433
409434
409435
409436
409437
409438
409439
409440
409441
409442
409443
409444
409445
409446
409447
409448
409449
409450
409451
409452
409453
409454
409455
409456
409457
409458
409459
409460
409461
409462
409463
409464
409465
409466
409467
409468
409469
409470
409471
409472
409473
409474
409475
409476
409477
409478
409479
409480
409481
409482
409483
409484
409485
409486
409487
409488
409489
409490
409491
409492
409493
409494
409495
409496
409497
409498
409499
409500
409501
409502
409503
409504
409505
409506
409507
409508
409509
409510
409511
409512
409513
409514
409515
409516
409517
409518
409519
409520
409521
409522
409523
409524
409525
409526
409527
409528
409529
409530
409531
409532
409533
409534
409535
409536
409537
409538
409539
409540
409541
409542
409543
409544
409545
409546
409547
409548
409549
409550
409551
409552
409553
409554
409555
409556
409557
409558
409559
409560
409561
409562
409563
409564
409565
409566
409567
409568
409569
409570
409571
409572
409573
409574
409575
409576
409577
409578
409579
409580
409581
409582
409583
409584
409585
409586
409587
409588
409589
409590
409591
409592
409593
409594
409595
409596
409597
409598
409599
409600
409601
409602
409603
409604
409605
409606
409607
409608
409609
409610
409611
409612
409613
409614
409615
409616
409617
409618
409619
409620
409621
409622
409623
409624
409625
409626
409627
409628
409629
409630
409631
409632
409633
409634
409635
409636
409637
409638
409639
409640
409641
409642
409643
409644
409645
409646
409647
409648
409649
409650
409651
409652
409653
409654
409655
409656
409657
409658
409659
409660
409661
409662
409663
409664
409665
409666
409667
409668
409669
409670
409671
409672
409673
409674
409675
409676
409677
409678
409679
409680
409681
409682
409683
409684
409685
409686
409687
409688
409689
409690
409691
409692
409693
409694
409695
409696
409697
409698
409699
409700
409701
409702
409703
409704
409705
409706
409707
409708
409709
409710
409711
409712
409713
409714
409715
409716
409717
409718
409719
409720
409721
409722
409723
409724
409725
409726
409727
409728
409729
409730
409731
409732
409733
409734
409735
409736
409737
409738
409739
409740
409741
409742
409743
409744
409745
409746
409747
409748
409749
409750
409751
409752
409753
409754
409755
409756
409757
409758
409759
409760
409761
409762
409763
409764
409765
409766
409767
409768
409769
409770
409771
409772
409773
409774
409775
409776
409777
409778
409779
409780
409781
409782
409783
409784
409785
409786
409787
409788
409789
409790
409791
409792
409793
409794
409795
409796
409797
409798
409799
409800
409801
409802
409803
409804
409805
409806
409807
409808
409809
409810
409811
409812
409813
409814
409815
409816
409817
409818
409819
409820
409821
409822
409823
409824
409825
409826
409827
409828
409829
409830
409831
409832
409833
409834
409835
409836
409837
409838
409839
409840
409841
409842
409843
409844
409845
409846
409847
409848
409849
409850
409851
409852
409853
409854
409855
409856
409857
409858
409859
409860
409861
409862
409863
409864
409865
409866
409867
409868
409869
409870
409871
409872
409873
409874
409875
409876
409877
409878
409879
409880
409881
409882
409883
409884
409885
409886
409887
409888
409889
409890
409891
409892
409893
409894
409895
409896
409897
409898
409899
409900
409901
409902
409903
409904
409905
409906
409907
409908
409909
409910
409911
409912
409913
409914
409915
409916
409917
409918
409919
409920
409921
409922
409923
409924
409925
409926
409927
409928
409929
409930
409931
409932
409933
409934
409935
409936
409937
409938
409939
409940
409941
409942
409943
409944
409945
409946
409947
409948
409949
409950
409951
409952
409953
409954
409955
409956
409957
409958
409959
409960
409961
409962
409963
409964
409965
409966
409967
409968
409969
409970
409971
409972
409973
409974
409975
409976
409977
409978
409979
409980
409981
409982
409983
409984
409985
409986
409987
409988
409989
409990
409991
409992
409993
409994
409995
409996
409997
409998
409999
410000
410001
410002
410003
410004
410005
410006
410007
410008
410009
410010
410011
410012
410013
410014
410015
410016
410017
410018
410019
410020
410021
410022
410023
410024
410025
410026
410027
410028
410029
410030
410031
410032
410033
410034
410035
410036
410037
410038
410039
410040
410041
410042
410043
410044
410045
410046
410047
410048
410049
410050
410051
410052
410053
410054
410055
410056
410057
410058
410059
410060
410061
410062
410063
410064
410065
410066
410067
410068
410069
410070
410071
410072
410073
410074
410075
410076
410077
410078
410079
410080
410081
410082
410083
410084
410085
410086
410087
410088
410089
410090
410091
410092
410093
410094
410095
410096
410097
410098
410099
410100
410101
410102
415449
415450
415451
415452
415453
415454
415455
415456
415457
415458
415459
415460
415461
415462
415463
415464
415465
415466
415467
415468
415469
415470
415471
415472
415473
415474
415475
415476
415477
415478
415479
415480
415481
415482
415483
415484
415485
415486
415487
415488
415489
415490
415491
415492
415493
415494
415495
415496
415497
415498
415530
415531
415532
415533
415534
415535
415536
415537
415538
415539
415540
415541
415542
415543
415544
415545
415546
415547
415548
415549
415550
415551
415552
415553
415554
415555
415556
415557
415558
415559
415560
415561
415562
415563
415564
415565
415566
415567
415568
415569
415570
415571
415572
415573
415574
415575
415576
415577
415578
415579
415580
415581
415582
415583
415584
415585
415586
415587
415588
415589
415590
415591
415592
415593
415594
415595
415596
415597
415598
415599
415600
415601
415602
415603
415604
415605
415606
415607
415608
415609
415610
415611
415612
415613
415614
415615
415616
415617
415618
415619
415620
415621
415622
415623
415624
415625
415626
415627
415628
415629
415630
415631
415632
415633
415634
415635
415636
415637
415638
415639
415640
415641
415642
415643
415644
415645
415646
415647
415648
415649
415650
415651
415652
415653
415654
415655
415656
415657
415658
415659
415660
415661
415662
415663
415664
415665
415666
415667
415668
415669
415670
415671
415672
415673
415674
415675
415676
415677
415678
415679
415680
415681
415682
415683
415684
415685
415686
415687
415688
415689
415690
415691
415692
415693
415694
415695
415696
415697
415698
415699
415700
415701
415702
415703
415704
415705
415706
415707
415708
415709
415710
415711
415712
415713
415714
415715
415716
415717
415718
415719
415720
415721
415722
415723
415724
415725
415726
415727
415728
415729
415730
415731
415732
415733
415734
415735
415736
415737
415738
415739
415740
415741
415742
415743
415744
415745
415746
415747
415748
415749
415750
415751
415752
415753
415754
415755
415756
415757
415758
415759
415760
415761
415762
415763
415764
415765
415766
415767
415768
415769
415770
415771
415772
415773
415774
415775
415776
415777
415778
415779
415780
415781
415782
415783
415784
415785
415786
415787
415788
415789
415790
415791
415792
415793
415794
415795
415796
415797
415798
415799
415800
415801
415802
415803
415804
415805
415806
415807
415808
415809
415810
415811
415812
415813
415814
415815
415816
415817
415818
415819
415820
415821
415822
415823
415824
415825
415826
415827
415828
415829
415830
415831
415832
415833
415834
415835
415836
415837
415838
415839
415840
415841
415842
415843
415844
415845
415846
415847
415848
415849
415850
415851
415852
415853
415854
415855
415856
415857
415858
415859
415860
415861
415862
415863
415864
415865
415866
415867
415868
415869
415870
415871
415872
415873
415874
415875
415876
415877
415878
415879
415880
415881
415882
415883
415884
415885
415886
415887
415888
415889
415890
415891
415892
415893
415894
415895
415896
415897
415898
415899
415900
415901
415902
415903
415904
415905
415906
415907
415908
415909
415910
415911
415912
415913
415914
415915
415916
415917
415918
415919
415920
415921
415922
415923
415924
415925
415926
415927
415928
415929
415930
415931
415932
415933
415934
415935
415936
415937
415938
415939
415940
415941
415942
415943
415944
415945
415946
415947
415948
415949
415950
415951
415952
415953
415954
415955
415956
415957
415958
415959
415960
415961
415962
415963
415964
415965
415966
415967
415968
415969
415970
415971
415972
415973
415974
415975
415976
415977
415978
415979
415980
415981
415982
415983
415984
415985
415986
415987
415988
415989
415990
415991
415992
415993
415994
415995
415996
415997
415998
415999
416000
416001
416002
416003
416004
416005
416006
416007
416008
416009
416010
416011
416012
416013
416014
416015
416016
416017
416018
416019
416020
416021
416022
416023
416024
416025
416026
416027
416028
416029
416030
416031
416032
416033
416034
416035
416036
416037
416038
416039
416040
416041
416042
416043
416044
416045
416046
416047
416048
416049
416050
416051
416052
416053
416054
416055
416056
416057
416058
416059
416060
416061
416062
416063
416064
416065
416066
416067
416068
416069
416070
416071
416072
416073
416074
416075
416076
416077
416078
416079
416080
416081
416082
416083
416084
416085
416086
416087
416088
416089
416090
416091
416092
416093
416094
416095
416096
416097
416098
416099
416100
416101
416102
416103
416104
416105
416106
416107
416108
416109
416110
416111
416112
416113
416114
416115
416116
416117
416118
416119
416120
416121
416122
416123
416124
416125
416126
416127
416128
416129
416130
416131
416132
416133
416134
416135
416136
416137
416138
416139
416140
416141
416142
416143
416144
416145
416146
416147
416148
416149
416150
416151
416152
416153
416154
416155
416156
416157
416158
416159
416160
416161
416162
416163
416164
416165
416166
416167
416168
416169
416170
416171
416172
416173
416174
416175
416176
416177
416178
416179
416180
416181
416182
416183
416184
416185
416186
416187
416188
416189
416190
416191
416192
416193
416194
416195
416196
416197
416198
416199
416200
416201
416202
416203
416204
416205
416206
416207
416208
416209
416210
416211
416212
416213
416214
416215
416216
416217
416218
416219
416220
416221
416222
416223
416224
416225
416226
416227
416228
416229
416230
416231
416232
416233
416234
416235
416236
416237
416238
416239
416240
416241
416242
416243
416244
416245
416246
416247
416248
416249
416250
416251
416252
416253
416254
416255
416256
416257
416258
416259
416260
416261
416262
416263
416264
416265
416266
416267
416268
416269
416270
416271
416272
416273
416274
416275
416276
416277
416278
416279
416280
416281
416282
416283
416284
416285
416286
416287
416288
416289
416290
416291
416292
416293
416294
416295
416296
416297
416298
416299
416300
416301
416302
416303
416304
416305
416306
416307
416308
416309
416310
416311
416312
416313
416314
416315
416316
416317
416318
416319
416320
416321
416322
416323
416324
416325
416326
416327
416328
416329
416330
416331
416332
416333
416334
416335
416336
416337
416338
416339
416340
416341
416342
416343
416344
416345
416346
416347
416348
416349
416350
416351
416352
416353
416354
416355
416356
416357
416358
416359
416360
416361
416362
416363
416364
416365
416366
416367
416368
416369
416370
416371
416372
416373
416374
416375
416376
416377
416378
416379
416380
416381
416382
416383
416384
416385
416386
416387
416388
416389
416390
416391
416392
416393
416394
416395
416396
416397
416398
416399
416400
416401
416402
416403
416404
416405
416406
416407
416408
416409
416410
416411
416412
416413
416414
416415
416416
416417
416418
416419
416420
416421
416422
416423
416424
416425
416426
416427
416428
416429
416430
416431
416432
416433
416434
416435
416436
416437
416438
416439
416440
416441
416442
416443
416444
416445
416446
416447
416448
416449
416450
416451
416452
416453
416454
416455
416456
416457
416458
416459
416460
416461
416462
416463
416464
416465
416466
416467
416468
416469
416470
416471
416472
416473
416474
416475
416476
416477
416478
416479
416480
416481
416482
416483
416484
416485
416486
416487
416488
416489
416490
416491
416492
416493
416494
416495
416496
416497
416498
416499
416500
416501
416502
416503
416504
416505
416506
416507
416508
416509
416510
416511
416512
416513
416514
416515
416516
416517
416518
416519
416520
416521
416522
416523
416524
416525
416526
416527
416528
416529
416530
416531
416532
416533
416534
416535
416536
416537
416538
416539
416540
416541
416542
416543
416544
416545
416546
416547
416548
416549
416550
416551
416552
416553
416554
416555
416556
416557
416558
416559
416560
416561
416562
416563
416564
416565
416566
416567
416568
416569
416570
416571
416572
416573
416574
416575
416576
416577
416578
416579
416580
416581
416582
416583
416584
416585
416586
416587
416588
416589
416590
416591
416592
416593
416594
416595
416596
416597
416598
416599
416600
416601
416602
416603
416604
416605
416606
416607
416608
416609
416610
416611
416612
416613
416614
416615
416616
416617
416618
416619
416620
416621
416622
416623
416624
416625
416626
416627
416628
416629
416630
416631
416632
416633
416634
416635
416636
416637
416638
416639
416640
416641
416642
416643
416644
416645
416646
416647
416648
416649
416650
416651
416652
416653
416654
416655
416656
416657
416658
416659
416660
416661
416662
416663
422010
422011
422012
422013
422014
422015
422016
422017
422018
422019
422020
422021
422022
422023
422024
422025
422026
422027
422028
422029
422030
422031
422032
422033
422034
422035
422036
422037
422038
422039
422040
422041
422042
422043
422044
422045
422046
422047
422048
422049
422050
422051
422052
422053
422054
422055
422056
422057
422058
422059
422060
422091
422092
422093
422094
422095
422096
422097
422098
422099
422100
422101
422102
422103
422104
422105
422106
422107
422108
422109
422110
422111
422112
422113
422114
422115
422116
422117
422118
422119
422120
422121
422122
422123
422124
422125
422126
422127
422128
422129
422130
422131
422132
422133
422134
422135
422136
422137
422138
422139
422140
422141
422142
422143
422144
422145
422146
422147
422148
422149
422150
422151
422152
422153
422154
422155
422156
422157
422158
422159
422160
422161
422162
422163
422164
422165
422166
422167
422168
422169
422170
422171
422172
422173
422174
422175
422176
422177
422178
422179
422180
422181
422182
422183
422184
422185
422186
422187
422188
422189
422190
422191
422192
422193
422194
422195
422196
422197
422198
422199
422200
422201
422202
422203
422204
422205
422206
422207
422208
422209
422210
422211
422212
422213
422214
422215
422216
422217
422218
422219
422220
422221
422222
422223
422224
422225
422226
422227
422228
422229
422230
422231
422232
422233
422234
422235
422236
422237
422238
422239
422240
422241
422242
422243
422244
422245
422246
422247
422248
422249
422250
422251
422252
422253
422254
422255
422256
422257
422258
422259
422260
422261
422262
422263
422264
422265
422266
422267
422268
422269
422270
422271
422272
422273
422274
422275
422276
422277
422278
422279
422280
422281
422282
422283
422284
422285
422286
422287
422288
422289
422290
422291
422292
422293
422294
422295
422296
422297
422298
422299
422300
422301
422302
422303
422304
422305
422306
422307
422308
422309
422310
422311
422312
422313
422314
422315
422316
422317
422318
422319
422320
422321
422322
422323
422324
422325
422326
422327
422328
422329
422330
422331
422332
422333
422334
422335
422336
422337
422338
422339
422340
422341
422342
422343
422344
422345
422346
422347
422348
422349
422350
422351
422352
422353
422354
422355
422356
422357
422358
422359
422360
422361
422362
422363
422364
422365
422366
422367
422368
422369
422370
422371
422372
422373
422374
422375
422376
422377
422378
422379
422380
422381
422382
422383
422384
422385
422386
422387
422388
422389
422390
422391
422392
422393
422394
422395
422396
422397
422398
422399
422400
422401
422402
422403
422404
422405
422406
422407
422408
422409
422410
422411
422412
422413
422414
422415
422416
422417
422418
422419
422420
422421
422422
422423
422424
422425
422426
422427
422428
422429
422430
422431
422432
422433
422434
422435
422436
422437
422438
422439
422440
422441
422442
422443
422444
422445
422446
422447
422448
422449
422450
422451
422452
422453
422454
422455
422456
422457
422458
422459
422460
422461
422462
422463
422464
422465
422466
422467
422468
422469
422470
422471
422472
422473
422474
422475
422476
422477
422478
422479
422480
422481
422482
422483
422484
422485
422486
422487
422488
422489
422490
422491
422492
422493
422494
422495
422496
422497
422498
422499
422500
422501
422502
422503
422504
422505
422506
422507
422508
422509
422510
422511
422512
422513
422514
422515
422516
422517
422518
422519
422520
422521
422522
422523
422524
422525
422526
422527
422528
422529
422530
422531
422532
422533
422534
422535
422536
422537
422538
422539
422540
422541
422542
422543
422544
422545
422546
422547
422548
422549
422550
422551
422552
422553
422554
422555
422556
422557
422558
422559
422560
422561
422562
422563
422564
422565
422566
422567
422568
422569
422570
422571
422572
422573
422574
422575
422576
422577
422578
422579
422580
422581
422582
422583
422584
422585
422586
422587
422588
422589
422590
422591
422592
422593
422594
422595
422596
422597
422598
422599
422600
422601
422602
422603
422604
422605
422606
422607
422608
422609
422610
422611
422612
422613
422614
422615
422616
422617
422618
422619
422620
422621
422622
422623
422624
422625
422626
422627
422628
422629
422630
422631
422632
422633
422634
422635
422636
422637
422638
422639
422640
422641
422642
422643
422644
422645
422646
422647
422648
422649
422650
422651
422652
422653
422654
422655
422656
422657
422658
422659
422660
422661
422662
422663
422664
422665
422666
422667
422668
422669
422670
422671
422672
422673
422674
422675
422676
422677
422678
422679
422680
422681
422682
422683
422684
422685
422686
422687
422688
422689
422690
422691
422692
422693
422694
422695
422696
422697
422698
422699
422700
422701
422702
422703
422704
422705
422706
422707
422708
422709
422710
422711
422712
422713
422714
422715
422716
422717
422718
422719
422720
422721
422722
422723
422724
422725
422726
422727
422728
422729
422730
422731
422732
422733
422734
422735
422736
422737
422738
422739
422740
422741
422742
422743
422744
422745
422746
422747
422748
422749
422750
422751
422752
422753
422754
422755
422756
422757
422758
422759
422760
422761
422762
422763
422764
422765
422766
422767
422768
422769
422770
422771
422772
422773
422774
422775
422776
422777
422778
422779
422780
422781
422782
422783
422784
422785
422786
422787
422788
422789
422790
422791
422792
422793
422794
422795
422796
422797
422798
422799
422800
422801
422802
422803
422804
422805
422806
422807
422808
422809
422810
422811
422812
422813
422814
422815
422816
422817
422818
422819
422820
422821
422822
422823
422824
422825
422826
422827
422828
422829
422830
422831
422832
422833
422834
422835
422836
422837
422838
422839
422840
422841
422842
422843
422844
422845
422846
422847
422848
422849
422850
422851
422852
422853
422854
422855
422856
422857
422858
422859
422860
422861
422862
422863
422864
422865
422866
422867
422868
422869
422870
422871
422872
422873
422874
422875
422876
422877
422878
422879
422880
422881
422882
422883
422884
422885
422886
422887
422888
422889
422890
422891
422892
422893
422894
422895
422896
422897
422898
422899
422900
422901
422902
422903
422904
422905
422906
422907
422908
422909
422910
422911
422912
422913
422914
422915
422916
422917
422918
422919
422920
422921
422922
422923
422924
422925
422926
422927
422928
422929
422930
422931
422932
422933
422934
422935
422936
422937
422938
422939
422940
422941
422942
422943
422944
422945
422946
422947
422948
422949
422950
422951
422952
422953
422954
422955
422956
422957
422958
422959
422960
422961
422962
422963
422964
422965
422966
422967
422968
422969
422970
422971
422972
422973
422974
422975
422976
422977
422978
422979
422980
422981
422982
422983
422984
422985
422986
422987
422988
422989
422990
422991
422992
422993
422994
422995
422996
422997
422998
422999
423000
423001
423002
423003
423004
423005
423006
423007
423008
423009
423010
423011
423012
423013
423014
423015
423016
423017
423018
423019
423020
423021
423022
423023
423024
423025
423026
423027
423028
423029
423030
423031
423032
423033
423034
423035
423036
423037
423038
423039
423040
423041
423042
423043
423044
423045
423046
423047
423048
423049
423050
423051
423052
423053
423054
423055
423056
423057
423058
423059
423060
423061
423062
423063
423064
423065
423066
423067
423068
423069
423070
423071
423072
423073
423074
423075
423076
423077
423078
423079
423080
423081
423082
423083
423084
423085
423086
423087
423088
423089
423090
423091
423092
423093
423094
423095
423096
423097
423098
423099
423100
423101
423102
423103
423104
423105
423106
423107
423108
423109
423110
423111
423112
423113
423114
423115
423116
423117
423118
423119
423120
423121
423122
423123
423124
423125
423126
423127
423128
423129
423130
423131
423132
423133
423134
423135
423136
423137
423138
423139
423140
423141
423142
423143
423144
423145
423146
423147
423148
423149
423150
423151
423152
423153
423154
423155
423156
423157
423158
423159
423160
423161
423162
423163
423164
423165
423166
423167
423168
423169
423170
423171
423172
423173
423174
423175
423176
423177
423178
423179
423180
423181
423182
423183
423184
423185
423186
423187
423188
423189
423190
423191
423192
423193
423194
423195
423196
423197
423198
423199
423200
423201
423202
423203
423204
423205
423206
423207
423208
423209
423210
423211
423212
423213
423214
423215
423216
423217
423218
423219
423220
423221
423222
423223
423224
428571
428572
428573
428574
428575
428576
428577
428578
428579
428580
428581
428582
428583
428584
428585
428586
428587
428588
428589
428590
428591
428592
428593
428594
428595
428596
428597
428598
428599
428600
428601
428602
428603
428604
428605
428606
428607
428608
428609
428610
428611
428612
428613
428614
428615
428616
428617
428618
428619
428620
428621
428622
428652
428653
428654
428655
428656
428657
428658
428659
428660
428661
428662
428663
428664
428665
428666
428667
428668
428669
428670
428671
428672
428673
428674
428675
428676
428677
428678
428679
428680
428681
428682
428683
428684
428685
428686
428687
428688
428689
428690
428691
428692
428693
428694
428695
428696
428697
428698
428699
428700
428701
428702
428703
428704
428705
428706
428707
428708
428709
428710
428711
428712
428713
428714
428715
428716
428717
428718
428719
428720
428721
428722
428723
428724
428725
428726
428727
428728
428729
428730
428731
428732
428733
428734
428735
428736
428737
428738
428739
428740
428741
428742
428743
428744
428745
428746
428747
428748
428749
428750
428751
428752
428753
428754
428755
428756
428757
428758
428759
428760
428761
428762
428763
428764
428765
428766
428767
428768
428769
428770
428771
428772
428773
428774
428775
428776
428777
428778
428779
428780
428781
428782
428783
428784
428785
428786
428787
428788
428789
428790
428791
428792
428793
428794
428795
428796
428797
428798
428799
428800
428801
428802
428803
428804
428805
428806
428807
428808
428809
428810
428811
428812
428813
428814
428815
428816
428817
428818
428819
428820
428821
428822
428823
428824
428825
428826
428827
428828
428829
428830
428831
428832
428833
428834
428835
428836
428837
428838
428839
428840
428841
428842
428843
428844
428845
428846
428847
428848
428849
428850
428851
428852
428853
428854
428855
428856
428857
428858
428859
428860
428861
428862
428863
428864
428865
428866
428867
428868
428869
428870
428871
428872
428873
428874
428875
428876
428877
428878
428879
428880
428881
428882
428883
428884
428885
428886
428887
428888
428889
428890
428891
428892
428893
428894
428895
428896
428897
428898
428899
428900
428901
428902
428903
428904
428905
428906
428907
428908
428909
428910
428911
428912
428913
428914
428915
428916
428917
428918
428919
428920
428921
428922
428923
428924
428925
428926
428927
428928
428929
428930
428931
428932
428933
428934
428935
428936
428937
428938
428939
428940
428941
428942
428943
428944
428945
428946
428947
428948
428949
428950
428951
428952
428953
428954
428955
428956
428957
428958
428959
428960
428961
428962
428963
428964
428965
428966
428967
428968
428969
428970
428971
428972
428973
428974
428975
428976
428977
428978
428979
428980
428981
428982
428983
428984
428985
428986
428987
428988
428989
428990
428991
428992
428993
428994
428995
428996
428997
428998
428999
429000
429001
429002
429003
429004
429005
429006
429007
429008
429009
429010
429011
429012
429013
429014
429015
429016
429017
429018
429019
429020
429021
429022
429023
429024
429025
429026
429027
429028
429029
429030
429031
429032
429033
429034
429035
429036
429037
429038
429039
429040
429041
429042
429043
429044
429045
429046
429047
429048
429049
429050
429051
429052
429053
429054
429055
429056
429057
429058
429059
429060
429061
429062
429063
429064
429065
429066
429067
429068
429069
429070
429071
429072
429073
429074
429075
429076
429077
429078
429079
429080
429081
429082
429083
429084
429085
429086
429087
429088
429089
429090
429091
429092
429093
429094
429095
429096
429097
429098
429099
429100
429101
429102
429103
429104
429105
429106
429107
429108
429109
429110
429111
429112
429113
429114
429115
429116
429117
429118
429119
429120
429121
429122
429123
429124
429125
429126
429127
429128
429129
429130
429131
429132
429133
429134
429135
429136
429137
429138
429139
429140
429141
429142
429143
429144
429145
429146
429147
429148
429149
429150
429151
429152
429153
429154
429155
429156
429157
429158
429159
429160
429161
429162
429163
429164
429165
429166
429167
429168
429169
429170
429171
429172
429173
429174
429175
429176
429177
429178
429179
429180
429181
429182
429183
429184
429185
429186
429187
429188
429189
429190
429191
429192
429193
429194
429195
429196
429197
429198
429199
429200
429201
429202
429203
429204
429205
429206
429207
429208
429209
429210
429211
429212
429213
429214
429215
429216
429217
429218
429219
429220
429221
429222
429223
429224
429225
429226
429227
429228
429229
429230
429231
429232
429233
429234
429235
429236
429237
429238
429239
429240
429241
429242
429243
429244
429245
429246
429247
429248
429249
429250
429251
429252
429253
429254
429255
429256
429257
429258
429259
429260
429261
429262
429263
429264
429265
429266
429267
429268
429269
429270
429271
429272
429273
429274
429275
429276
429277
429278
429279
429280
429281
429282
429283
429284
429285
429286
429287
429288
429289
429290
429291
429292
429293
429294
429295
429296
429297
429298
429299
429300
429301
429302
429303
429304
429305
429306
429307
429308
429309
429310
429311
429312
429313
429314
429315
429316
429317
429318
429319
429320
429321
429322
429323
429324
429325
429326
429327
429328
429329
429330
429331
429332
429333
429334
429335
429336
429337
429338
429339
429340
429341
429342
429343
429344
429345
429346
429347
429348
429349
429350
429351
429352
429353
429354
429355
429356
429357
429358
429359
429360
429361
429362
429363
429364
429365
429366
429367
429368
429369
429370
429371
429372
429373
429374
429375
429376
429377
429378
429379
429380
429381
429382
429383
429384
429385
429386
429387
429388
429389
429390
429391
429392
429393
429394
429395
429396
429397
429398
429399
429400
429401
429402
429403
429404
429405
429406
429407
429408
429409
429410
429411
429412
429413
429414
429415
429416
429417
429418
429419
429420
429421
429422
429423
429424
429425
429426
429427
429428
429429
429430
429431
429432
429433
429434
429435
429436
429437
429438
429439
429440
429441
429442
429443
429444
429445
429446
429447
429448
429449
429450
429451
429452
429453
429454
429455
429456
429457
429458
429459
429460
429461
429462
429463
429464
429465
429466
429467
429468
429469
429470
429471
429472
429473
429474
429475
429476
429477
429478
429479
429480
429481
429482
429483
429484
429485
429486
429487
429488
429489
429490
429491
429492
429493
429494
429495
429496
429497
429498
429499
429500
429501
429502
429503
429504
429505
429506
429507
429508
429509
429510
429511
429512
429513
429514
429515
429516
429517
429518
429519
429520
429521
429522
429523
429524
429525
429526
429527
429528
429529
429530
429531
429532
429533
429534
429535
429536
429537
429538
429539
429540
429541
429542
429543
429544
429545
429546
429547
429548
429549
429550
429551
429552
429553
429554
429555
429556
429557
429558
429559
429560
429561
429562
429563
429564
429565
429566
429567
429568
429569
429570
429571
429572
429573
429574
429575
429576
429577
429578
429579
429580
429581
429582
429583
429584
429585
429586
429587
429588
429589
429590
429591
429592
429593
429594
429595
429596
429597
429598
429599
429600
429601
429602
429603
429604
429605
429606
429607
429608
429609
429610
429611
429612
429613
429614
429615
429616
429617
429618
429619
429620
429621
429622
429623
429624
429625
429626
429627
429628
429629
429630
429631
429632
429633
429634
429635
429636
429637
429638
429639
429640
429641
429642
429643
429644
429645
429646
429647
429648
429649
429650
429651
429652
429653
429654
429655
429656
429657
429658
429659
429660
429661
429662
429663
429664
429665
429666
429667
429668
429669
429670
429671
429672
429673
429674
429675
429676
429677
429678
429679
429680
429681
429682
429683
429684
429685
429686
429687
429688
429689
429690
429691
429692
429693
429694
429695
429696
429697
429698
429699
429700
429701
429702
429703
429704
429705
429706
429707
429708
429709
429710
429711
429712
429713
429714
429715
429716
429717
429718
429719
429720
429721
429722
429723
429724
429725
429726
429727
429728
429729
429730
429731
429732
429733
429734
429735
429736
429737
429738
429739
429740
429741
429742
429743
429744
429745
429746
429747
429748
429749
429750
429751
429752
429753
429754
429755
429756
429757
429758
429759
429760
429761
429762
429763
429764
429765
429766
429767
429768
429769
429770
429771
429772
429773
429774
429775
429776
429777
429778
429779
429780
429781
429782
429783
429784
429785
435132
435133
435134
435135
435136
435137
435138
435139
435140
435141
435142
435143
435144
435145
435146
435147
435148
435149
435150
435151
435152
435153
435154
435155
435156
435157
435158
435159
435160
435161
435162
435163
435164
435165
435166
435167
435168
435169
435170
435171
435172
435173
435174
435175
435176
435177
435178
435179
435180
435181
435182
435183
435184
435213
435214
435215
435216
435217
435218
435219
435220
435221
435222
435223
435224
435225
435226
435227
435228
435229
435230
435231
435232
435233
435234
435235
435236
435237
435238
435239
435240
435241
435242
435243
435244
435245
435246
435247
435248
435249
435250
435251
435252
435253
435254
435255
435256
435257
435258
435259
435260
435261
435262
435263
435264
435265
435266
435267
435268
435269
435270
435271
435272
435273
435274
435275
435276
435277
435278
435279
435280
435281
435282
435283
435284
435285
435286
435287
435288
435289
435290
435291
435292
435293
435294
435295
435296
435297
435298
435299
435300
435301
435302
435303
435304
435305
435306
435307
435308
435309
435310
435311
435312
435313
435314
435315
435316
435317
435318
435319
435320
435321
435322
435323
435324
435325
435326
435327
435328
435329
435330
435331
435332
435333
435334
435335
435336
435337
435338
435339
435340
435341
435342
435343
435344
435345
435346
435347
435348
435349
435350
435351
435352
435353
435354
435355
435356
435357
435358
435359
435360
435361
435362
435363
435364
435365
435366
435367
435368
435369
435370
435371
435372
435373
435374
435375
435376
435377
435378
435379
435380
435381
435382
435383
435384
435385
435386
435387
435388
435389
435390
435391
435392
435393
435394
435395
435396
435397
435398
435399
435400
435401
435402
435403
435404
435405
435406
435407
435408
435409
435410
435411
435412
435413
435414
435415
435416
435417
435418
435419
435420
435421
435422
435423
435424
435425
435426
435427
435428
435429
435430
435431
435432
435433
435434
435435
435436
435437
435438
435439
435440
435441
435442
435443
435444
435445
435446
435447
435448
435449
435450
435451
435452
435453
435454
435455
435456
435457
435458
435459
435460
435461
435462
435463
435464
435465
435466
435467
435468
435469
435470
435471
435472
435473
435474
435475
435476
435477
435478
435479
435480
435481
435482
435483
435484
435485
435486
435487
435488
435489
435490
435491
435492
435493
435494
435495
435496
435497
435498
435499
435500
435501
435502
435503
435504
435505
435506
435507
435508
435509
435510
435511
435512
435513
435514
435515
435516
435517
435518
435519
435520
435521
435522
435523
435524
435525
435526
435527
435528
435529
435530
435531
435532
435533
435534
435535
435536
435537
435538
435539
435540
435541
435542
435543
435544
435545
435546
435547
435548
435549
435550
435551
435552
435553
435554
435555
435556
435557
435558
435559
435560
435561
435562
435563
435564
435565
435566
435567
435568
435569
435570
435571
435572
435573
435574
435575
435576
435577
435578
435579
435580
435581
435582
435583
435584
435585
435586
435587
435588
435589
435590
435591
435592
435593
435594
435595
435596
435597
435598
435599
435600
435601
435602
435603
435604
435605
435606
435607
435608
435609
435610
435611
435612
435613
435614
435615
435616
435617
435618
435619
435620
435621
435622
435623
435624
435625
435626
435627
435628
435629
435630
435631
435632
435633
435634
435635
435636
435637
435638
435639
435640
435641
435642
435643
435644
435645
435646
435647
435648
435649
435650
435651
435652
435653
435654
435655
435656
435657
435658
435659
435660
435661
435662
435663
435664
435665
435666
435667
435668
435669
435670
435671
435672
435673
435674
435675
435676
435677
435678
435679
435680
435681
435682
435683
435684
435685
435686
435687
435688
435689
435690
435691
435692
435693
435694
435695
435696
435697
435698
435699
435700
435701
435702
435703
435704
435705
435706
435707
435708
435709
435710
435711
435712
435713
435714
435715
435716
435717
435718
435719
435720
435721
435722
435723
435724
435725
435726
435727
435728
435729
435730
435731
435732
435733
435734
435735
435736
435737
435738
435739
435740
435741
435742
435743
435744
435745
435746
435747
435748
435749
435750
435751
435752
435753
435754
435755
435756
435757
435758
435759
435760
435761
435762
435763
435764
435765
435766
435767
435768
435769
435770
435771
435772
435773
435774
435775
435776
435777
435778
435779
435780
435781
435782
435783
435784
435785
435786
435787
435788
435789
435790
435791
435792
435793
435794
435795
435796
435797
435798
435799
435800
435801
435802
435803
435804
435805
435806
435807
435808
435809
435810
435811
435812
435813
435814
435815
435816
435817
435818
435819
435820
435821
435822
435823
435824
435825
435826
435827
435828
435829
435830
435831
435832
435833
435834
435835
435836
435837
435838
435839
435840
435841
435842
435843
435844
435845
435846
435847
435848
435849
435850
435851
435852
435853
435854
435855
435856
435857
435858
435859
435860
435861
435862
435863
435864
435865
435866
435867
435868
435869
435870
435871
435872
435873
435874
435875
435876
435877
435878
435879
435880
435881
435882
435883
435884
435885
435886
435887
435888
435889
435890
435891
435892
435893
435894
435895
435896
435897
435898
435899
435900
435901
435902
435903
435904
435905
435906
435907
435908
435909
435910
435911
435912
435913
435914
435915
435916
435917
435918
435919
435920
435921
435922
435923
435924
435925
435926
435927
435928
435929
435930
435931
435932
435933
435934
435935
435936
435937
435938
435939
435940
435941
435942
435943
435944
435945
435946
435947
435948
435949
435950
435951
435952
435953
435954
435955
435956
435957
435958
435959
435960
435961
435962
435963
435964
435965
435966
435967
435968
435969
435970
435971
435972
435973
435974
435975
435976
435977
435978
435979
435980
435981
435982
435983
435984
435985
435986
435987
435988
435989
435990
435991
435992
435993
435994
435995
435996
435997
435998
435999
436000
436001
436002
436003
436004
436005
436006
436007
436008
436009
436010
436011
436012
436013
436014
436015
436016
436017
436018
436019
436020
436021
436022
436023
436024
436025
436026
436027
436028
436029
436030
436031
436032
436033
436034
436035
436036
436037
436038
436039
436040
436041
436042
436043
436044
436045
436046
436047
436048
436049
436050
436051
436052
436053
436054
436055
436056
436057
436058
436059
436060
436061
436062
436063
436064
436065
436066
436067
436068
436069
436070
436071
436072
436073
436074
436075
436076
436077
436078
436079
436080
436081
436082
436083
436084
436085
436086
436087
436088
436089
436090
436091
436092
436093
436094
436095
436096
436097
436098
436099
436100
436101
436102
436103
436104
436105
436106
436107
436108
436109
436110
436111
436112
436113
436114
436115
436116
436117
436118
436119
436120
436121
436122
436123
436124
436125
436126
436127
436128
436129
436130
436131
436132
436133
436134
436135
436136
436137
436138
436139
436140
436141
436142
436143
436144
436145
436146
436147
436148
436149
436150
436151
436152
436153
436154
436155
436156
436157
436158
436159
436160
436161
436162
436163
436164
436165
436166
436167
436168
436169
436170
436171
436172
436173
436174
436175
436176
436177
436178
436179
436180
436181
436182
436183
436184
436185
436186
436187
436188
436189
436190
436191
436192
436193
436194
436195
436196
436197
436198
436199
436200
436201
436202
436203
436204
436205
436206
436207
436208
436209
436210
436211
436212
436213
436214
436215
436216
436217
436218
436219
436220
436221
436222
436223
436224
436225
436226
436227
436228
436229
436230
436231
436232
436233
436234
436235
436236
436237
436238
436239
436240
436241
436242
436243
436244
436245
436246
436247
436248
436249
436250
436251
436252
436253
436254
436255
436256
436257
436258
436259
436260
436261
436262
436263
436264
436265
436266
436267
436268
436269
436270
436271
436272
436273
436274
436275
436276
436277
436278
436279
436280
436281
436282
436283
436284
436285
436286
436287
436288
436289
436290
436291
436292
436293
436294
436295
436296
436297
436298
436299
436300
436301
436302
436303
436304
436305
436306
436307
436308
436309
436310
436311
436312
436313
436314
436315
436316
436317
436318
436319
436320
436321
436322
436323
436324
436325
436326
436327
436328
436329
436330
436331
436332
436333
436334
436335
436336
436337
436338
436339
436340
436341
436342
436343
436344
436345
436346
441693
441694
441695
441696
441697
441698
441699
441700
441701
441702
441703
441704
441705
441706
441707
441708
441709
441710
441711
441712
441713
441714
441715
441716
441717
441718
441719
441720
441721
441722
441723
441724
441725
441726
441727
441728
441729
441730
441731
441732
441733
441734
441735
441736
441737
441738
441739
441740
441741
441742
441743
441744
441745
441746
441774
441775
441776
441777
441778
441779
441780
441781
441782
441783
441784
441785
441786
441787
441788
441789
441790
441791
441792
441793
441794
441795
441796
441797
441798
441799
441800
441801
441802
441803
441804
441805
441806
441807
441808
441809
441810
441811
441812
441813
441814
441815
441816
441817
441818
441819
441820
441821
441822
441823
441824
441825
441826
441827
441828
441829
441830
441831
441832
441833
441834
441835
441836
441837
441838
441839
441840
441841
441842
441843
441844
441845
441846
441847
441848
441849
441850
441851
441852
441853
441854
441855
441856
441857
441858
441859
441860
441861
441862
441863
441864
441865
441866
441867
441868
441869
441870
441871
441872
441873
441874
441875
441876
441877
441878
441879
441880
441881
441882
441883
441884
441885
441886
441887
441888
441889
441890
441891
441892
441893
441894
441895
441896
441897
441898
441899
441900
441901
441902
441903
441904
441905
441906
441907
441908
441909
441910
441911
441912
441913
441914
441915
441916
441917
441918
441919
441920
441921
441922
441923
441924
441925
441926
441927
441928
441929
441930
441931
441932
441933
441934
441935
441936
441937
441938
441939
441940
441941
441942
441943
441944
441945
441946
441947
441948
441949
441950
441951
441952
441953
441954
441955
441956
441957
441958
441959
441960
441961
441962
441963
441964
441965
441966
441967
441968
441969
441970
441971
441972
441973
441974
441975
441976
441977
441978
441979
441980
441981
441982
441983
441984
441985
441986
441987
441988
441989
441990
441991
441992
441993
441994
441995
441996
441997
441998
441999
442000
442001
442002
442003
442004
442005
442006
442007
442008
442009
442010
442011
442012
442013
442014
442015
442016
442017
442018
442019
442020
442021
442022
442023
442024
442025
442026
442027
442028
442029
442030
442031
442032
442033
442034
442035
442036
442037
442038
442039
442040
442041
442042
442043
442044
442045
442046
442047
442048
442049
442050
442051
442052
442053
442054
442055
442056
442057
442058
442059
442060
442061
442062
442063
442064
442065
442066
442067
442068
442069
442070
442071
442072
442073
442074
442075
442076
442077
442078
442079
442080
442081
442082
442083
442084
442085
442086
442087
442088
442089
442090
442091
442092
442093
442094
442095
442096
442097
442098
442099
442100
442101
442102
442103
442104
442105
442106
442107
442108
442109
442110
442111
442112
442113
442114
442115
442116
442117
442118
442119
442120
442121
442122
442123
442124
442125
442126
442127
442128
442129
442130
442131
442132
442133
442134
442135
442136
442137
442138
442139
442140
442141
442142
442143
442144
442145
442146
442147
442148
442149
442150
442151
442152
442153
442154
442155
442156
442157
442158
442159
442160
442161
442162
442163
442164
442165
442166
442167
442168
442169
442170
442171
442172
442173
442174
442175
442176
442177
442178
442179
442180
442181
442182
442183
442184
442185
442186
442187
442188
442189
442190
442191
442192
442193
442194
442195
442196
442197
442198
442199
442200
442201
442202
442203
442204
442205
442206
442207
442208
442209
442210
442211
442212
442213
442214
442215
442216
442217
442218
442219
442220
442221
442222
442223
442224
442225
442226
442227
442228
442229
442230
442231
442232
442233
442234
442235
442236
442237
442238
442239
442240
442241
442242
442243
442244
442245
442246
442247
442248
442249
442250
442251
442252
442253
442254
442255
442256
442257
442258
442259
442260
442261
442262
442263
442264
442265
442266
442267
442268
442269
442270
442271
442272
442273
442274
442275
442276
442277
442278
442279
442280
442281
442282
442283
442284
442285
442286
442287
442288
442289
442290
442291
442292
442293
442294
442295
442296
442297
442298
442299
442300
442301
442302
442303
442304
442305
442306
442307
442308
442309
442310
442311
442312
442313
442314
442315
442316
442317
442318
442319
442320
442321
442322
442323
442324
442325
442326
442327
442328
442329
442330
442331
442332
442333
442334
442335
442336
442337
442338
442339
442340
442341
442342
442343
442344
442345
442346
442347
442348
442349
442350
442351
442352
442353
442354
442355
442356
442357
442358
442359
442360
442361
442362
442363
442364
442365
442366
442367
442368
442369
442370
442371
442372
442373
442374
442375
442376
442377
442378
442379
442380
442381
442382
442383
442384
442385
442386
442387
442388
442389
442390
442391
442392
442393
442394
442395
442396
442397
442398
442399
442400
442401
442402
442403
442404
442405
442406
442407
442408
442409
442410
442411
442412
442413
442414
442415
442416
442417
442418
442419
442420
442421
442422
442423
442424
442425
442426
442427
442428
442429
442430
442431
442432
442433
442434
442435
442436
442437
442438
442439
442440
442441
442442
442443
442444
442445
442446
442447
442448
442449
442450
442451
442452
442453
442454
442455
442456
442457
442458
442459
442460
442461
442462
442463
442464
442465
442466
442467
442468
442469
442470
442471
442472
442473
442474
442475
442476
442477
442478
442479
442480
442481
442482
442483
442484
442485
442486
442487
442488
442489
442490
442491
442492
442493
442494
442495
442496
442497
442498
442499
442500
442501
442502
442503
442504
442505
442506
442507
442508
442509
442510
442511
442512
442513
442514
442515
442516
442517
442518
442519
442520
442521
442522
442523
442524
442525
442526
442527
442528
442529
442530
442531
442532
442533
442534
442535
442536
442537
442538
442539
442540
442541
442542
442543
442544
442545
442546
442547
442548
442549
442550
442551
442552
442553
442554
442555
442556
442557
442558
442559
442560
442561
442562
442563
442564
442565
442566
442567
442568
442569
442570
442571
442572
442573
442574
442575
442576
442577
442578
442579
442580
442581
442582
442583
442584
442585
442586
442587
442588
442589
442590
442591
442592
442593
442594
442595
442596
442597
442598
442599
442600
442601
442602
442603
442604
442605
442606
442607
442608
442609
442610
442611
442612
442613
442614
442615
442616
442617
442618
442619
442620
442621
442622
442623
442624
442625
442626
442627
442628
442629
442630
442631
442632
442633
442634
442635
442636
442637
442638
442639
442640
442641
442642
442643
442644
442645
442646
442647
442648
442649
442650
442651
442652
442653
442654
442655
442656
442657
442658
442659
442660
442661
442662
442663
442664
442665
442666
442667
442668
442669
442670
442671
442672
442673
442674
442675
442676
442677
442678
442679
442680
442681
442682
442683
442684
442685
442686
442687
442688
442689
442690
442691
442692
442693
442694
442695
442696
442697
442698
442699
442700
442701
442702
442703
442704
442705
442706
442707
442708
442709
442710
442711
442712
442713
442714
442715
442716
442717
442718
442719
442720
442721
442722
442723
442724
442725
442726
442727
442728
442729
442730
442731
442732
442733
442734
442735
442736
442737
442738
442739
442740
442741
442742
442743
442744
442745
442746
442747
442748
442749
442750
442751
442752
442753
442754
442755
442756
442757
442758
442759
442760
442761
442762
442763
442764
442765
442766
442767
442768
442769
442770
442771
442772
442773
442774
442775
442776
442777
442778
442779
442780
442781
442782
442783
442784
442785
442786
442787
442788
442789
442790
442791
442792
442793
442794
442795
442796
442797
442798
442799
442800
442801
442802
442803
442804
442805
442806
442807
442808
442809
442810
442811
442812
442813
442814
442815
442816
442817
442818
442819
442820
442821
442822
442823
442824
442825
442826
442827
442828
442829
442830
442831
442832
442833
442834
442835
442836
442837
442838
442839
442840
442841
442842
442843
442844
442845
442846
442847
442848
442849
442850
442851
442852
442853
442854
442855
442856
442857
442858
442859
442860
442861
442862
442863
442864
442865
442866
442867
442868
442869
442870
442871
442872
442873
442874
442875
442876
442877
442878
442879
442880
442881
442882
442883
442884
442885
442886
442887
442888
442889
442890
442891
442892
442893
442894
442895
442896
442897
442898
442899
442900
442901
442902
442903
442904
442905
442906
442907
448254
448255
448256
448257
448258
448259
448260
448261
448262
448263
448264
448265
448266
448267
448268
448269
448270
448271
448272
448273
448274
448275
448276
448277
448278
448279
448280
448281
448282
448283
448284
448285
448286
448287
448288
448289
448290
448291
448292
448293
448294
448295
448296
448297
448298
448299
448300
448301
448302
448303
448304
448305
448306
448307
448308
448335
448336
448337
448338
448339
448340
448341
448342
448343
448344
448345
448346
448347
448348
448349
448350
448351
448352
448353
448354
448355
448356
448357
448358
448359
448360
448361
448362
448363
448364
448365
448366
448367
448368
448369
448370
448371
448372
448373
448374
448375
448376
448377
448378
448379
448380
448381
448382
448383
448384
448385
448386
448387
448388
448389
448390
448391
448392
448393
448394
448395
448396
448397
448398
448399
448400
448401
448402
448403
448404
448405
448406
448407
448408
448409
448410
448411
448412
448413
448414
448415
448416
448417
448418
448419
448420
448421
448422
448423
448424
448425
448426
448427
448428
448429
448430
448431
448432
448433
448434
448435
448436
448437
448438
448439
448440
448441
448442
448443
448444
448445
448446
448447
448448
448449
448450
448451
448452
448453
448454
448455
448456
448457
448458
448459
448460
448461
448462
448463
448464
448465
448466
448467
448468
448469
448470
448471
448472
448473
448474
448475
448476
448477
448478
448479
448480
448481
448482
448483
448484
448485
448486
448487
448488
448489
448490
448491
448492
448493
448494
448495
448496
448497
448498
448499
448500
448501
448502
448503
448504
448505
448506
448507
448508
448509
448510
448511
448512
448513
448514
448515
448516
448517
448518
448519
448520
448521
448522
448523
448524
448525
448526
448527
448528
448529
448530
448531
448532
448533
448534
448535
448536
448537
448538
448539
448540
448541
448542
448543
448544
448545
448546
448547
448548
448549
448550
448551
448552
448553
448554
448555
448556
448557
448558
448559
448560
448561
448562
448563
448564
448565
448566
448567
448568
448569
448570
448571
448572
448573
448574
448575
448576
448577
448578
448579
448580
448581
448582
448583
448584
448585
448586
448587
448588
448589
448590
448591
448592
448593
448594
448595
448596
448597
448598
448599
448600
448601
448602
448603
448604
448605
448606
448607
448608
448609
448610
448611
448612
448613
448614
448615
448616
448617
448618
448619
448620
448621
448622
448623
448624
448625
448626
448627
448628
448629
448630
448631
448632
448633
448634
448635
448636
448637
448638
448639
448640
448641
448642
448643
448644
448645
448646
448647
448648
448649
448650
448651
448652
448653
448654
448655
448656
448657
448658
448659
448660
448661
448662
448663
448664
448665
448666
448667
448668
448669
448670
448671
448672
448673
448674
448675
448676
448677
448678
448679
448680
448681
448682
448683
448684
448685
448686
448687
448688
448689
448690
448691
448692
448693
448694
448695
448696
448697
448698
448699
448700
448701
448702
448703
448704
448705
448706
448707
448708
448709
448710
448711
448712
448713
448714
448715
448716
448717
448718
448719
448720
448721
448722
448723
448724
448725
448726
448727
448728
448729
448730
448731
448732
448733
448734
448735
448736
448737
448738
448739
448740
448741
448742
448743
448744
448745
448746
448747
448748
448749
448750
448751
448752
448753
448754
448755
448756
448757
448758
448759
448760
448761
448762
448763
448764
448765
448766
448767
448768
448769
448770
448771
448772
448773
448774
448775
448776
448777
448778
448779
448780
448781
448782
448783
448784
448785
448786
448787
448788
448789
448790
448791
448792
448793
448794
448795
448796
448797
448798
448799
448800
448801
448802
448803
448804
448805
448806
448807
448808
448809
448810
448811
448812
448813
448814
448815
448816
448817
448818
448819
448820
448821
448822
448823
448824
448825
448826
448827
448828
448829
448830
448831
448832
448833
448834
448835
448836
448837
448838
448839
448840
448841
448842
448843
448844
448845
448846
448847
448848
448849
448850
448851
448852
448853
448854
448855
448856
448857
448858
448859
448860
448861
448862
448863
448864
448865
448866
448867
448868
448869
448870
448871
448872
448873
448874
448875
448876
448877
448878
448879
448880
448881
448882
448883
448884
448885
448886
448887
448888
448889
448890
448891
448892
448893
448894
448895
448896
448897
448898
448899
448900
448901
448902
448903
448904
448905
448906
448907
448908
448909
448910
448911
448912
448913
448914
448915
448916
448917
448918
448919
448920
448921
448922
448923
448924
448925
448926
448927
448928
448929
448930
448931
448932
448933
448934
448935
448936
448937
448938
448939
448940
448941
448942
448943
448944
448945
448946
448947
448948
448949
448950
448951
448952
448953
448954
448955
448956
448957
448958
448959
448960
448961
448962
448963
448964
448965
448966
448967
448968
448969
448970
448971
448972
448973
448974
448975
448976
448977
448978
448979
448980
448981
448982
448983
448984
448985
448986
448987
448988
448989
448990
448991
448992
448993
448994
448995
448996
448997
448998
448999
449000
449001
449002
449003
449004
449005
449006
449007
449008
449009
449010
449011
449012
449013
449014
449015
449016
449017
449018
449019
449020
449021
449022
449023
449024
449025
449026
449027
449028
449029
449030
449031
449032
449033
449034
449035
449036
449037
449038
449039
449040
449041
449042
449043
449044
449045
449046
449047
449048
449049
449050
449051
449052
449053
449054
449055
449056
449057
449058
449059
449060
449061
449062
449063
449064
449065
449066
449067
449068
449069
449070
449071
449072
449073
449074
449075
449076
449077
449078
449079
449080
449081
449082
449083
449084
449085
449086
449087
449088
449089
449090
449091
449092
449093
449094
449095
449096
449097
449098
449099
449100
449101
449102
449103
449104
449105
449106
449107
449108
449109
449110
449111
449112
449113
449114
449115
449116
449117
449118
449119
449120
449121
449122
449123
449124
449125
449126
449127
449128
449129
449130
449131
449132
449133
449134
449135
449136
449137
449138
449139
449140
449141
449142
449143
449144
449145
449146
449147
449148
449149
449150
449151
449152
449153
449154
449155
449156
449157
449158
449159
449160
449161
449162
449163
449164
449165
449166
449167
449168
449169
449170
449171
449172
449173
449174
449175
449176
449177
449178
449179
449180
449181
449182
449183
449184
449185
449186
449187
449188
449189
449190
449191
449192
449193
449194
449195
449196
449197
449198
449199
449200
449201
449202
449203
449204
449205
449206
449207
449208
449209
449210
449211
449212
449213
449214
449215
449216
449217
449218
449219
449220
449221
449222
449223
449224
449225
449226
449227
449228
449229
449230
449231
449232
449233
449234
449235
449236
449237
449238
449239
449240
449241
449242
449243
449244
449245
449246
449247
449248
449249
449250
449251
449252
449253
449254
449255
449256
449257
449258
449259
449260
449261
449262
449263
449264
449265
449266
449267
449268
449269
449270
449271
449272
449273
449274
449275
449276
449277
449278
449279
449280
449281
449282
449283
449284
449285
449286
449287
449288
449289
449290
449291
449292
449293
449294
449295
449296
449297
449298
449299
449300
449301
449302
449303
449304
449305
449306
449307
449308
449309
449310
449311
449312
449313
449314
449315
449316
449317
449318
449319
449320
449321
449322
449323
449324
449325
449326
449327
449328
449329
449330
449331
449332
449333
449334
449335
449336
449337
449338
449339
449340
449341
449342
449343
449344
449345
449346
449347
449348
449349
449350
449351
449352
449353
449354
449355
449356
449357
449358
449359
449360
449361
449362
449363
449364
449365
449366
449367
449368
449369
449370
449371
449372
449373
449374
449375
449376
449377
449378
449379
449380
449381
449382
449383
449384
449385
449386
449387
449388
449389
449390
449391
449392
449393
449394
449395
449396
449397
449398
449399
449400
449401
449402
449403
449404
449405
449406
449407
449408
449409
449410
449411
449412
449413
449414
449415
449416
449417
449418
449419
449420
449421
449422
449423
449424
449425
449426
449427
449428
449429
449430
449431
449432
449433
449434
449435
449436
449437
449438
449439
449440
449441
449442
449443
449444
449445
449446
449447
449448
449449
449450
449451
449452
449453
449454
449455
449456
449457
449458
449459
449460
449461
449462
449463
449464
449465
449466
449467
449468
454815
454816
454817
454818
454819
454820
454821
454822
454823
454824
454825
454826
454827
454828
454829
454830
454831
454832
454833
454834
454835
454836
454837
454838
454839
454840
454841
454842
454843
454844
454845
454846
454847
454848
454849
454850
454851
454852
454853
454854
454855
454856
454857
454858
454859
454860
454861
454862
454863
454864
454865
454866
454867
454868
454869
454896
454897
454898
454899
454900
454901
454902
454903
454904
454905
454906
454907
454908
454909
454910
454911
454912
454913
454914
454915
454916
454917
454918
454919
454920
454921
454922
454923
454924
454925
454926
454927
454928
454929
454930
454931
454932
454933
454934
454935
454936
454937
454938
454939
454940
454941
454942
454943
454944
454945
454946
454947
454948
454949
454950
454951
454952
454953
454954
454955
454956
454957
454958
454959
454960
454961
454962
454963
454964
454965
454966
454967
454968
454969
454970
454971
454972
454973
454974
454975
454976
454977
454978
454979
454980
454981
454982
454983
454984
454985
454986
454987
454988
454989
454990
454991
454992
454993
454994
454995
454996
454997
454998
454999
455000
455001
455002
455003
455004
455005
455006
455007
455008
455009
455010
455011
455012
455013
455014
455015
455016
455017
455018
455019
455020
455021
455022
455023
455024
455025
455026
455027
455028
455029
455030
455031
455032
455033
455034
455035
455036
455037
455038
455039
455040
455041
455042
455043
455044
455045
455046
455047
455048
455049
455050
455051
455052
455053
455054
455055
455056
455057
455058
455059
455060
455061
455062
455063
455064
455065
455066
455067
455068
455069
455070
455071
455072
455073
455074
455075
455076
455077
455078
455079
455080
455081
455082
455083
455084
455085
455086
455087
455088
455089
455090
455091
455092
455093
455094
455095
455096
455097
455098
455099
455100
455101
455102
455103
455104
455105
455106
455107
455108
455109
455110
455111
455112
455113
455114
455115
455116
455117
455118
455119
455120
455121
455122
455123
455124
455125
455126
455127
455128
455129
455130
455131
455132
455133
455134
455135
455136
455137
455138
455139
455140
455141
455142
455143
455144
455145
455146
455147
455148
455149
455150
455151
455152
455153
455154
455155
455156
455157
455158
455159
455160
455161
455162
455163
455164
455165
455166
455167
455168
455169
455170
455171
455172
455173
455174
455175
455176
455177
455178
455179
455180
455181
455182
455183
455184
455185
455186
455187
455188
455189
455190
455191
455192
455193
455194
455195
455196
455197
455198
455199
455200
455201
455202
455203
455204
455205
455206
455207
455208
455209
455210
455211
455212
455213
455214
455215
455216
455217
455218
455219
455220
455221
455222
455223
455224
455225
455226
455227
455228
455229
455230
455231
455232
455233
455234
455235
455236
455237
455238
455239
455240
455241
455242
455243
455244
455245
455246
455247
455248
455249
455250
455251
455252
455253
455254
455255
455256
455257
455258
455259
455260
455261
455262
455263
455264
455265
455266
455267
455268
455269
455270
455271
455272
455273
455274
455275
455276
455277
455278
455279
455280
455281
455282
455283
455284
455285
455286
455287
455288
455289
455290
455291
455292
455293
455294
455295
455296
455297
455298
455299
455300
455301
455302
455303
455304
455305
455306
455307
455308
455309
455310
455311
455312
455313
455314
455315
455316
455317
455318
455319
455320
455321
455322
455323
455324
455325
455326
455327
455328
455329
455330
455331
455332
455333
455334
455335
455336
455337
455338
455339
455340
455341
455342
455343
455344
455345
455346
455347
455348
455349
455350
455351
455352
455353
455354
455355
455356
455357
455358
455359
455360
455361
455362
455363
455364
455365
455366
455367
455368
455369
455370
455371
455372
455373
455374
455375
455376
455377
455378
455379
455380
455381
455382
455383
455384
455385
455386
455387
455388
455389
455390
455391
455392
455393
455394
455395
455396
455397
455398
455399
455400
455401
455402
455403
455404
455405
455406
455407
455408
455409
455410
455411
455412
455413
455414
455415
455416
455417
455418
455419
455420
455421
455422
455423
455424
455425
455426
455427
455428
455429
455430
455431
455432
455433
455434
455435
455436
455437
455438
455439
455440
455441
455442
455443
455444
455445
455446
455447
455448
455449
455450
455451
455452
455453
455454
455455
455456
455457
455458
455459
455460
455461
455462
455463
455464
455465
455466
455467
455468
455469
455470
455471
455472
455473
455474
455475
455476
455477
455478
455479
455480
455481
455482
455483
455484
455485
455486
455487
455488
455489
455490
455491
455492
455493
455494
455495
455496
455497
455498
455499
455500
455501
455502
455503
455504
455505
455506
455507
455508
455509
455510
455511
455512
455513
455514
455515
455516
455517
455518
455519
455520
455521
455522
455523
455524
455525
455526
455527
455528
455529
455530
455531
455532
455533
455534
455535
455536
455537
455538
455539
455540
455541
455542
455543
455544
455545
455546
455547
455548
455549
455550
455551
455552
455553
455554
455555
455556
455557
455558
455559
455560
455561
455562
455563
455564
455565
455566
455567
455568
455569
455570
455571
455572
455573
455574
455575
455576
455577
455578
455579
455580
455581
455582
455583
455584
455585
455586
455587
455588
455589
455590
455591
455592
455593
455594
455595
455596
455597
455598
455599
455600
455601
455602
455603
455604
455605
455606
455607
455608
455609
455610
455611
455612
455613
455614
455615
455616
455617
455618
455619
455620
455621
455622
455623
455624
455625
455626
455627
455628
455629
455630
455631
455632
455633
455634
455635
455636
455637
455638
455639
455640
455641
455642
455643
455644
455645
455646
455647
455648
455649
455650
455651
455652
455653
455654
455655
455656
455657
455658
455659
455660
455661
455662
455663
455664
455665
455666
455667
455668
455669
455670
455671
455672
455673
455674
455675
455676
455677
455678
455679
455680
455681
455682
455683
455684
455685
455686
455687
455688
455689
455690
455691
455692
455693
455694
455695
455696
455697
455698
455699
455700
455701
455702
455703
455704
455705
455706
455707
455708
455709
455710
455711
455712
455713
455714
455715
455716
455717
455718
455719
455720
455721
455722
455723
455724
455725
455726
455727
455728
455729
455730
455731
455732
455733
455734
455735
455736
455737
455738
455739
455740
455741
455742
455743
455744
455745
455746
455747
455748
455749
455750
455751
455752
455753
455754
455755
455756
455757
455758
455759
455760
455761
455762
455763
455764
455765
455766
455767
455768
455769
455770
455771
455772
455773
455774
455775
455776
455777
455778
455779
455780
455781
455782
455783
455784
455785
455786
455787
455788
455789
455790
455791
455792
455793
455794
455795
455796
455797
455798
455799
455800
455801
455802
455803
455804
455805
455806
455807
455808
455809
455810
455811
455812
455813
455814
455815
455816
455817
455818
455819
455820
455821
455822
455823
455824
455825
455826
455827
455828
455829
455830
455831
455832
455833
455834
455835
455836
455837
455838
455839
455840
455841
455842
455843
455844
455845
455846
455847
455848
455849
455850
455851
455852
455853
455854
455855
455856
455857
455858
455859
455860
455861
455862
455863
455864
455865
455866
455867
455868
455869
455870
455871
455872
455873
455874
455875
455876
455877
455878
455879
455880
455881
455882
455883
455884
455885
455886
455887
455888
455889
455890
455891
455892
455893
455894
455895
455896
455897
455898
455899
455900
455901
455902
455903
455904
455905
455906
455907
455908
455909
455910
455911
455912
455913
455914
455915
455916
455917
455918
455919
455920
455921
455922
455923
455924
455925
455926
455927
455928
455929
455930
455931
455932
455933
455934
455935
455936
455937
455938
455939
455940
455941
455942
455943
455944
455945
455946
455947
455948
455949
455950
455951
455952
455953
455954
455955
455956
455957
455958
455959
455960
455961
455962
455963
455964
455965
455966
455967
455968
455969
455970
455971
455972
455973
455974
455975
455976
455977
455978
455979
455980
455981
455982
455983
455984
455985
455986
455987
455988
455989
455990
455991
455992
455993
455994
455995
455996
455997
455998
455999
456000
456001
456002
456003
456004
456005
456006
456007
456008
456009
456010
456011
456012
456013
456014
456015
456016
456017
456018
456019
456020
456021
456022
456023
456024
456025
456026
456027
456028
456029
461376
461377
461378
461379
461380
461381
461382
461383
461384
461385
461386
461387
461388
461389
461390
461391
461392
461393
461394
461395
461396
461397
461398
461399
461400
461401
461402
461403
461404
461405
461406
461407
461408
461409
461410
461411
461412
461413
461414
461415
461416
461417
461418
461419
461420
461421
461422
461423
461424
461425
461426
461427
461428
461429
461430
461431
461457
461458
461459
461460
461461
461462
461463
461464
461465
461466
461467
461468
461469
461470
461471
461472
461473
461474
461475
461476
461477
461478
461479
461480
461481
461482
461483
461484
461485
461486
461487
461488
461489
461490
461491
461492
461493
461494
461495
461496
461497
461498
461499
461500
461501
461502
461503
461504
461505
461506
461507
461508
461509
461510
461511
461512
461513
461514
461515
461516
461517
461518
461519
461520
461521
461522
461523
461524
461525
461526
461527
461528
461529
461530
461531
461532
461533
461534
461535
461536
461537
461538
461539
461540
461541
461542
461543
461544
461545
461546
461547
461548
461549
461550
461551
461552
461553
461554
461555
461556
461557
461558
461559
461560
461561
461562
461563
461564
461565
461566
461567
461568
461569
461570
461571
461572
461573
461574
461575
461576
461577
461578
461579
461580
461581
461582
461583
461584
461585
461586
461587
461588
461589
461590
461591
461592
461593
461594
461595
461596
461597
461598
461599
461600
461601
461602
461603
461604
461605
461606
461607
461608
461609
461610
461611
461612
461613
461614
461615
461616
461617
461618
461619
461620
461621
461622
461623
461624
461625
461626
461627
461628
461629
461630
461631
461632
461633
461634
461635
461636
461637
461638
461639
461640
461641
461642
461643
461644
461645
461646
461647
461648
461649
461650
461651
461652
461653
461654
461655
461656
461657
461658
461659
461660
461661
461662
461663
461664
461665
461666
461667
461668
461669
461670
461671
461672
461673
461674
461675
461676
461677
461678
461679
461680
461681
461682
461683
461684
461685
461686
461687
461688
461689
461690
461691
461692
461693
461694
461695
461696
461697
461698
461699
461700
461701
461702
461703
461704
461705
461706
461707
461708
461709
461710
461711
461712
461713
461714
461715
461716
461717
461718
461719
461720
461721
461722
461723
461724
461725
461726
461727
461728
461729
461730
461731
461732
461733
461734
461735
461736
461737
461738
461739
461740
461741
461742
461743
461744
461745
461746
461747
461748
461749
461750
461751
461752
461753
461754
461755
461756
461757
461758
461759
461760
461761
461762
461763
461764
461765
461766
461767
461768
461769
461770
461771
461772
461773
461774
461775
461776
461777
461778
461779
461780
461781
461782
461783
461784
461785
461786
461787
461788
461789
461790
461791
461792
461793
461794
461795
461796
461797
461798
461799
461800
461801
461802
461803
461804
461805
461806
461807
461808
461809
461810
461811
461812
461813
461814
461815
461816
461817
461818
461819
461820
461821
461822
461823
461824
461825
461826
461827
461828
461829
461830
461831
461832
461833
461834
461835
461836
461837
461838
461839
461840
461841
461842
461843
461844
461845
461846
461847
461848
461849
461850
461851
461852
461853
461854
461855
461856
461857
461858
461859
461860
461861
461862
461863
461864
461865
461866
461867
461868
461869
461870
461871
461872
461873
461874
461875
461876
461877
461878
461879
461880
461881
461882
461883
461884
461885
461886
461887
461888
461889
461890
461891
461892
461893
461894
461895
461896
461897
461898
461899
461900
461901
461902
461903
461904
461905
461906
461907
461908
461909
461910
461911
461912
461913
461914
461915
461916
461917
461918
461919
461920
461921
461922
461923
461924
461925
461926
461927
461928
461929
461930
461931
461932
461933
461934
461935
461936
461937
461938
461939
461940
461941
461942
461943
461944
461945
461946
461947
461948
461949
461950
461951
461952
461953
461954
461955
461956
461957
461958
461959
461960
461961
461962
461963
461964
461965
461966
461967
461968
461969
461970
461971
461972
461973
461974
461975
461976
461977
461978
461979
461980
461981
461982
461983
461984
461985
461986
461987
461988
461989
461990
461991
461992
461993
461994
461995
461996
461997
461998
461999
462000
462001
462002
462003
462004
462005
462006
462007
462008
462009
462010
462011
462012
462013
462014
462015
462016
462017
462018
462019
462020
462021
462022
462023
462024
462025
462026
462027
462028
462029
462030
462031
462032
462033
462034
462035
462036
462037
462038
462039
462040
462041
462042
462043
462044
462045
462046
462047
462048
462049
462050
462051
462052
462053
462054
462055
462056
462057
462058
462059
462060
462061
462062
462063
462064
462065
462066
462067
462068
462069
462070
462071
462072
462073
462074
462075
462076
462077
462078
462079
462080
462081
462082
462083
462084
462085
462086
462087
462088
462089
462090
462091
462092
462093
462094
462095
462096
462097
462098
462099
462100
462101
462102
462103
462104
462105
462106
462107
462108
462109
462110
462111
462112
462113
462114
462115
462116
462117
462118
462119
462120
462121
462122
462123
462124
462125
462126
462127
462128
462129
462130
462131
462132
462133
462134
462135
462136
462137
462138
462139
462140
462141
462142
462143
462144
462145
462146
462147
462148
462149
462150
462151
462152
462153
462154
462155
462156
462157
462158
462159
462160
462161
462162
462163
462164
462165
462166
462167
462168
462169
462170
462171
462172
462173
462174
462175
462176
462177
462178
462179
462180
462181
462182
462183
462184
462185
462186
462187
462188
462189
462190
462191
462192
462193
462194
462195
462196
462197
462198
462199
462200
462201
462202
462203
462204
462205
462206
462207
462208
462209
462210
462211
462212
462213
462214
462215
462216
462217
462218
462219
462220
462221
462222
462223
462224
462225
462226
462227
462228
462229
462230
462231
462232
462233
462234
462235
462236
462237
462238
462239
462240
462241
462242
462243
462244
462245
462246
462247
462248
462249
462250
462251
462252
462253
462254
462255
462256
462257
462258
462259
462260
462261
462262
462263
462264
462265
462266
462267
462268
462269
462270
462271
462272
462273
462274
462275
462276
462277
462278
462279
462280
462281
462282
462283
462284
462285
462286
462287
462288
462289
462290
462291
462292
462293
462294
462295
462296
462297
462298
462299
462300
462301
462302
462303
462304
462305
462306
462307
462308
462309
462310
462311
462312
462313
462314
462315
462316
462317
462318
462319
462320
462321
462322
462323
462324
462325
462326
462327
462328
462329
462330
462331
462332
462333
462334
462335
462336
462337
462338
462339
462340
462341
462342
462343
462344
462345
462346
462347
462348
462349
462350
462351
462352
462353
462354
462355
462356
462357
462358
462359
462360
462361
462362
462363
462364
462365
462366
462367
462368
462369
462370
462371
462372
462373
462374
462375
462376
462377
462378
462379
462380
462381
462382
462383
462384
462385
462386
462387
462388
462389
462390
462391
462392
462393
462394
462395
462396
462397
462398
462399
462400
462401
462402
462403
462404
462405
462406
462407
462408
462409
462410
462411
462412
462413
462414
462415
462416
462417
462418
462419
462420
462421
462422
462423
462424
462425
462426
462427
462428
462429
462430
462431
462432
462433
462434
462435
462436
462437
462438
462439
462440
462441
462442
462443
462444
462445
462446
462447
462448
462449
462450
462451
462452
462453
462454
462455
462456
462457
462458
462459
462460
462461
462462
462463
462464
462465
462466
462467
462468
462469
462470
462471
462472
462473
462474
462475
462476
462477
462478
462479
462480
462481
462482
462483
462484
462485
462486
462487
462488
462489
462490
462491
462492
462493
462494
462495
462496
462497
462498
462499
462500
462501
462502
462503
462504
462505
462506
462507
462508
462509
462510
462511
462512
462513
462514
462515
462516
462517
462518
462519
462520
462521
462522
462523
462524
462525
462526
462527
462528
462529
462530
462531
462532
462533
462534
462535
462536
462537
462538
462539
462540
462541
462542
462543
462544
462545
462546
462547
462548
462549
462550
462551
462552
462553
462554
462555
462556
462557
462558
462559
462560
462561
462562
462563
462564
462565
462566
462567
462568
462569
462570
462571
462572
462573
462574
462575
462576
462577
462578
462579
462580
462581
462582
462583
462584
462585
462586
462587
462588
462589
462590
467937
467938
467939
467940
467941
467942
467943
467944
467945
467946
467947
467948
467949
467950
467951
467952
467953
467954
467955
467956
467957
467958
467959
467960
467961
467962
467963
467964
467965
467966
467967
467968
467969
467970
467971
467972
467973
467974
467975
467976
467977
467978
467979
467980
467981
467982
467983
467984
467985
467986
467987
467988
467989
467990
467991
467992
467993
468018
468019
468020
468021
468022
468023
468024
468025
468026
468027
468028
468029
468030
468031
468032
468033
468034
468035
468036
468037
468038
468039
468040
468041
468042
468043
468044
468045
468046
468047
468048
468049
468050
468051
468052
468053
468054
468055
468056
468057
468058
468059
468060
468061
468062
468063
468064
468065
468066
468067
468068
468069
468070
468071
468072
468073
468074
468075
468076
468077
468078
468079
468080
468081
468082
468083
468084
468085
468086
468087
468088
468089
468090
468091
468092
468093
468094
468095
468096
468097
468098
468099
468100
468101
468102
468103
468104
468105
468106
468107
468108
468109
468110
468111
468112
468113
468114
468115
468116
468117
468118
468119
468120
468121
468122
468123
468124
468125
468126
468127
468128
468129
468130
468131
468132
468133
468134
468135
468136
468137
468138
468139
468140
468141
468142
468143
468144
468145
468146
468147
468148
468149
468150
468151
468152
468153
468154
468155
468156
468157
468158
468159
468160
468161
468162
468163
468164
468165
468166
468167
468168
468169
468170
468171
468172
468173
468174
468175
468176
468177
468178
468179
468180
468181
468182
468183
468184
468185
468186
468187
468188
468189
468190
468191
468192
468193
468194
468195
468196
468197
468198
468199
468200
468201
468202
468203
468204
468205
468206
468207
468208
468209
468210
468211
468212
468213
468214
468215
468216
468217
468218
468219
468220
468221
468222
468223
468224
468225
468226
468227
468228
468229
468230
468231
468232
468233
468234
468235
468236
468237
468238
468239
468240
468241
468242
468243
468244
468245
468246
468247
468248
468249
468250
468251
468252
468253
468254
468255
468256
468257
468258
468259
468260
468261
468262
468263
468264
468265
468266
468267
468268
468269
468270
468271
468272
468273
468274
468275
468276
468277
468278
468279
468280
468281
468282
468283
468284
468285
468286
468287
468288
468289
468290
468291
468292
468293
468294
468295
468296
468297
468298
468299
468300
468301
468302
468303
468304
468305
468306
468307
468308
468309
468310
468311
468312
468313
468314
468315
468316
468317
468318
468319
468320
468321
468322
468323
468324
468325
468326
468327
468328
468329
468330
468331
468332
468333
468334
468335
468336
468337
468338
468339
468340
468341
468342
468343
468344
468345
468346
468347
468348
468349
468350
468351
468352
468353
468354
468355
468356
468357
468358
468359
468360
468361
468362
468363
468364
468365
468366
468367
468368
468369
468370
468371
468372
468373
468374
468375
468376
468377
468378
468379
468380
468381
468382
468383
468384
468385
468386
468387
468388
468389
468390
468391
468392
468393
468394
468395
468396
468397
468398
468399
468400
468401
468402
468403
468404
468405
468406
468407
468408
468409
468410
468411
468412
468413
468414
468415
468416
468417
468418
468419
468420
468421
468422
468423
468424
468425
468426
468427
468428
468429
468430
468431
468432
468433
468434
468435
468436
468437
468438
468439
468440
468441
468442
468443
468444
468445
468446
468447
468448
468449
468450
468451
468452
468453
468454
468455
468456
468457
468458
468459
468460
468461
468462
468463
468464
468465
468466
468467
468468
468469
468470
468471
468472
468473
468474
468475
468476
468477
468478
468479
468480
468481
468482
468483
468484
468485
468486
468487
468488
468489
468490
468491
468492
468493
468494
468495
468496
468497
468498
468499
468500
468501
468502
468503
468504
468505
468506
468507
468508
468509
468510
468511
468512
468513
468514
468515
468516
468517
468518
468519
468520
468521
468522
468523
468524
468525
468526
468527
468528
468529
468530
468531
468532
468533
468534
468535
468536
468537
468538
468539
468540
468541
468542
468543
468544
468545
468546
468547
468548
468549
468550
468551
468552
468553
468554
468555
468556
468557
468558
468559
468560
468561
468562
468563
468564
468565
468566
468567
468568
468569
468570
468571
468572
468573
468574
468575
468576
468577
468578
468579
468580
468581
468582
468583
468584
468585
468586
468587
468588
468589
468590
468591
468592
468593
468594
468595
468596
468597
468598
468599
468600
468601
468602
468603
468604
468605
468606
468607
468608
468609
468610
468611
468612
468613
468614
468615
468616
468617
468618
468619
468620
468621
468622
468623
468624
468625
468626
468627
468628
468629
468630
468631
468632
468633
468634
468635
468636
468637
468638
468639
468640
468641
468642
468643
468644
468645
468646
468647
468648
468649
468650
468651
468652
468653
468654
468655
468656
468657
468658
468659
468660
468661
468662
468663
468664
468665
468666
468667
468668
468669
468670
468671
468672
468673
468674
468675
468676
468677
468678
468679
468680
468681
468682
468683
468684
468685
468686
468687
468688
468689
468690
468691
468692
468693
468694
468695
468696
468697
468698
468699
468700
468701
468702
468703
468704
468705
468706
468707
468708
468709
468710
468711
468712
468713
468714
468715
468716
468717
468718
468719
468720
468721
468722
468723
468724
468725
468726
468727
468728
468729
468730
468731
468732
468733
468734
468735
468736
468737
468738
468739
468740
468741
468742
468743
468744
468745
468746
468747
468748
468749
468750
468751
468752
468753
468754
468755
468756
468757
468758
468759
468760
468761
468762
468763
468764
468765
468766
468767
468768
468769
468770
468771
468772
468773
468774
468775
468776
468777
468778
468779
468780
468781
468782
468783
468784
468785
468786
468787
468788
468789
468790
468791
468792
468793
468794
468795
468796
468797
468798
468799
468800
468801
468802
468803
468804
468805
468806
468807
468808
468809
468810
468811
468812
468813
468814
468815
468816
468817
468818
468819
468820
468821
468822
468823
468824
468825
468826
468827
468828
468829
468830
468831
468832
468833
468834
468835
468836
468837
468838
468839
468840
468841
468842
468843
468844
468845
468846
468847
468848
468849
468850
468851
468852
468853
468854
468855
468856
468857
468858
468859
468860
468861
468862
468863
468864
468865
468866
468867
468868
468869
468870
468871
468872
468873
468874
468875
468876
468877
468878
468879
468880
468881
468882
468883
468884
468885
468886
468887
468888
468889
468890
468891
468892
468893
468894
468895
468896
468897
468898
468899
468900
468901
468902
468903
468904
468905
468906
468907
468908
468909
468910
468911
468912
468913
468914
468915
468916
468917
468918
468919
468920
468921
468922
468923
468924
468925
468926
468927
468928
468929
468930
468931
468932
468933
468934
468935
468936
468937
468938
468939
468940
468941
468942
468943
468944
468945
468946
468947
468948
468949
468950
468951
468952
468953
468954
468955
468956
468957
468958
468959
468960
468961
468962
468963
468964
468965
468966
468967
468968
468969
468970
468971
468972
468973
468974
468975
468976
468977
468978
468979
468980
468981
468982
468983
468984
468985
468986
468987
468988
468989
468990
468991
468992
468993
468994
468995
468996
468997
468998
468999
469000
469001
469002
469003
469004
469005
469006
469007
469008
469009
469010
469011
469012
469013
469014
469015
469016
469017
469018
469019
469020
469021
469022
469023
469024
469025
469026
469027
469028
469029
469030
469031
469032
469033
469034
469035
469036
469037
469038
469039
469040
469041
469042
469043
469044
469045
469046
469047
469048
469049
469050
469051
469052
469053
469054
469055
469056
469057
469058
469059
469060
469061
469062
469063
469064
469065
469066
469067
469068
469069
469070
469071
469072
469073
469074
469075
469076
469077
469078
469079
469080
469081
469082
469083
469084
469085
469086
469087
469088
469089
469090
469091
469092
469093
469094
469095
469096
469097
469098
469099
469100
469101
469102
469103
469104
469105
469106
469107
469108
469109
469110
469111
469112
469113
469114
469115
469116
469117
469118
469119
469120
469121
469122
469123
469124
469125
469126
469127
469128
469129
469130
469131
469132
469133
469134
469135
469136
469137
469138
469139
469140
469141
469142
469143
469144
469145
469146
469147
469148
469149
469150
469151
474498
474499
474500
474501
474502
474503
474504
474505
474506
474507
474508
474509
474510
474511
474512
474513
474514
474515
474516
474517
474518
474519
474520
474521
474522
474523
474524
474525
474526
474527
474528
474529
474530
474531
474532
474533
474534
474535
474536
474537
474538
474539
474540
474541
474542
474543
474544
474545
474546
474547
474548
474549
474550
474551
474552
474553
474554
474555
474579
474580
474581
474582
474583
474584
474585
474586
474587
474588
474589
474590
474591
474592
474593
474594
474595
474596
474597
474598
474599
474600
474601
474602
474603
474604
474605
474606
474607
474608
474609
474610
474611
474612
474613
474614
474615
474616
474617
474618
474619
474620
474621
474622
474623
474624
474625
474626
474627
474628
474629
474630
474631
474632
474633
474634
474635
474636
474637
474638
474639
474640
474641
474642
474643
474644
474645
474646
474647
474648
474649
474650
474651
474652
474653
474654
474655
474656
474657
474658
474659
474660
474661
474662
474663
474664
474665
474666
474667
474668
474669
474670
474671
474672
474673
474674
474675
474676
474677
474678
474679
474680
474681
474682
474683
474684
474685
474686
474687
474688
474689
474690
474691
474692
474693
474694
474695
474696
474697
474698
474699
474700
474701
474702
474703
474704
474705
474706
474707
474708
474709
474710
474711
474712
474713
474714
474715
474716
474717
474718
474719
474720
474721
474722
474723
474724
474725
474726
474727
474728
474729
474730
474731
474732
474733
474734
474735
474736
474737
474738
474739
474740
474741
474742
474743
474744
474745
474746
474747
474748
474749
474750
474751
474752
474753
474754
474755
474756
474757
474758
474759
474760
474761
474762
474763
474764
474765
474766
474767
474768
474769
474770
474771
474772
474773
474774
474775
474776
474777
474778
474779
474780
474781
474782
474783
474784
474785
474786
474787
474788
474789
474790
474791
474792
474793
474794
474795
474796
474797
474798
474799
474800
474801
474802
474803
474804
474805
474806
474807
474808
474809
474810
474811
474812
474813
474814
474815
474816
474817
474818
474819
474820
474821
474822
474823
474824
474825
474826
474827
474828
474829
474830
474831
474832
474833
474834
474835
474836
474837
474838
474839
474840
474841
474842
474843
474844
474845
474846
474847
474848
474849
474850
474851
474852
474853
474854
474855
474856
474857
474858
474859
474860
474861
474862
474863
474864
474865
474866
474867
474868
474869
474870
474871
474872
474873
474874
474875
474876
474877
474878
474879
474880
474881
474882
474883
474884
474885
474886
474887
474888
474889
474890
474891
474892
474893
474894
474895
474896
474897
474898
474899
474900
474901
474902
474903
474904
474905
474906
474907
474908
474909
474910
474911
474912
474913
474914
474915
474916
474917
474918
474919
474920
474921
474922
474923
474924
474925
474926
474927
474928
474929
474930
474931
474932
474933
474934
474935
474936
474937
474938
474939
474940
474941
474942
474943
474944
474945
474946
474947
474948
474949
474950
474951
474952
474953
474954
474955
474956
474957
474958
474959
474960
474961
474962
474963
474964
474965
474966
474967
474968
474969
474970
474971
474972
474973
474974
474975
474976
474977
474978
474979
474980
474981
474982
474983
474984
474985
474986
474987
474988
474989
474990
474991
474992
474993
474994
474995
474996
474997
474998
474999
475000
475001
475002
475003
475004
475005
475006
475007
475008
475009
475010
475011
475012
475013
475014
475015
475016
475017
475018
475019
475020
475021
475022
475023
475024
475025
475026
475027
475028
475029
475030
475031
475032
475033
475034
475035
475036
475037
475038
475039
475040
475041
475042
475043
475044
475045
475046
475047
475048
475049
475050
475051
475052
475053
475054
475055
475056
475057
475058
475059
475060
475061
475062
475063
475064
475065
475066
475067
475068
475069
475070
475071
475072
475073
475074
475075
475076
475077
475078
475079
475080
475081
475082
475083
475084
475085
475086
475087
475088
475089
475090
475091
475092
475093
475094
475095
475096
475097
475098
475099
475100
475101
475102
475103
475104
475105
475106
475107
475108
475109
475110
475111
475112
475113
475114
475115
475116
475117
475118
475119
475120
475121
475122
475123
475124
475125
475126
475127
475128
475129
475130
475131
475132
475133
475134
475135
475136
475137
475138
475139
475140
475141
475142
475143
475144
475145
475146
475147
475148
475149
475150
475151
475152
475153
475154
475155
475156
475157
475158
475159
475160
475161
475162
475163
475164
475165
475166
475167
475168
475169
475170
475171
475172
475173
475174
475175
475176
475177
475178
475179
475180
475181
475182
475183
475184
475185
475186
475187
475188
475189
475190
475191
475192
475193
475194
475195
475196
475197
475198
475199
475200
475201
475202
475203
475204
475205
475206
475207
475208
475209
475210
475211
475212
475213
475214
475215
475216
475217
475218
475219
475220
475221
475222
475223
475224
475225
475226
475227
475228
475229
475230
475231
475232
475233
475234
475235
475236
475237
475238
475239
475240
475241
475242
475243
475244
475245
475246
475247
475248
475249
475250
475251
475252
475253
475254
475255
475256
475257
475258
475259
475260
475261
475262
475263
475264
475265
475266
475267
475268
475269
475270
475271
475272
475273
475274
475275
475276
475277
475278
475279
475280
475281
475282
475283
475284
475285
475286
475287
475288
475289
475290
475291
475292
475293
475294
475295
475296
475297
475298
475299
475300
475301
475302
475303
475304
475305
475306
475307
475308
475309
475310
475311
475312
475313
475314
475315
475316
475317
475318
475319
475320
475321
475322
475323
475324
475325
475326
475327
475328
475329
475330
475331
475332
475333
475334
475335
475336
475337
475338
475339
475340
475341
475342
475343
475344
475345
475346
475347
475348
475349
475350
475351
475352
475353
475354
475355
475356
475357
475358
475359
475360
475361
475362
475363
475364
475365
475366
475367
475368
475369
475370
475371
475372
475373
475374
475375
475376
475377
475378
475379
475380
475381
475382
475383
475384
475385
475386
475387
475388
475389
475390
475391
475392
475393
475394
475395
475396
475397
475398
475399
475400
475401
475402
475403
475404
475405
475406
475407
475408
475409
475410
475411
475412
475413
475414
475415
475416
475417
475418
475419
475420
475421
475422
475423
475424
475425
475426
475427
475428
475429
475430
475431
475432
475433
475434
475435
475436
475437
475438
475439
475440
475441
475442
475443
475444
475445
475446
475447
475448
475449
475450
475451
475452
475453
475454
475455
475456
475457
475458
475459
475460
475461
475462
475463
475464
475465
475466
475467
475468
475469
475470
475471
475472
475473
475474
475475
475476
475477
475478
475479
475480
475481
475482
475483
475484
475485
475486
475487
475488
475489
475490
475491
475492
475493
475494
475495
475496
475497
475498
475499
475500
475501
475502
475503
475504
475505
475506
475507
475508
475509
475510
475511
475512
475513
475514
475515
475516
475517
475518
475519
475520
475521
475522
475523
475524
475525
475526
475527
475528
475529
475530
475531
475532
475533
475534
475535
475536
475537
475538
475539
475540
475541
475542
475543
475544
475545
475546
475547
475548
475549
475550
475551
475552
475553
475554
475555
475556
475557
475558
475559
475560
475561
475562
475563
475564
475565
475566
475567
475568
475569
475570
475571
475572
475573
475574
475575
475576
475577
475578
475579
475580
475581
475582
475583
475584
475585
475586
475587
475588
475589
475590
475591
475592
475593
475594
475595
475596
475597
475598
475599
475600
475601
475602
475603
475604
475605
475606
475607
475608
475609
475610
475611
475612
475613
475614
475615
475616
475617
475618
475619
475620
475621
475622
475623
475624
475625
475626
475627
475628
475629
475630
475631
475632
475633
475634
475635
475636
475637
475638
475639
475640
475641
475642
475643
475644
475645
475646
475647
475648
475649
475650
475651
475652
475653
475654
475655
475656
475657
475658
475659
475660
475661
475662
475663
475664
475665
475666
475667
475668
475669
475670
475671
475672
475673
475674
475675
475676
475677
475678
475679
475680
475681
475682
475683
475684
475685
475686
475687
475688
475689
475690
475691
475692
475693
475694
475695
475696
475697
475698
475699
475700
475701
475702
475703
475704
475705
475706
475707
475708
475709
475710
475711
475712
481059
481060
481061
481062
481063
481064
481065
481066
481067
481068
481069
481070
481071
481072
481073
481074
481075
481076
481077
481078
481079
481080
481081
481082
481083
481084
481085
481086
481087
481088
481089
481090
481091
481092
481093
481094
481095
481096
481097
481098
481099
481100
481101
481102
481103
481104
481105
481106
481107
481108
481109
481110
481111
481112
481113
481114
481115
481116
481117
481140
481141
481142
481143
481144
481145
481146
481147
481148
481149
481150
481151
481152
481153
481154
481155
481156
481157
481158
481159
481160
481161
481162
481163
481164
481165
481166
481167
481168
481169
481170
481171
481172
481173
481174
481175
481176
481177
481178
481179
481180
481181
481182
481183
481184
481185
481186
481187
481188
481189
481190
481191
481192
481193
481194
481195
481196
481197
481198
481199
481200
481201
481202
481203
481204
481205
481206
481207
481208
481209
481210
481211
481212
481213
481214
481215
481216
481217
481218
481219
481220
481221
481222
481223
481224
481225
481226
481227
481228
481229
481230
481231
481232
481233
481234
481235
481236
481237
481238
481239
481240
481241
481242
481243
481244
481245
481246
481247
481248
481249
481250
481251
481252
481253
481254
481255
481256
481257
481258
481259
481260
481261
481262
481263
481264
481265
481266
481267
481268
481269
481270
481271
481272
481273
481274
481275
481276
481277
481278
481279
481280
481281
481282
481283
481284
481285
481286
481287
481288
481289
481290
481291
481292
481293
481294
481295
481296
481297
481298
481299
481300
481301
481302
481303
481304
481305
481306
481307
481308
481309
481310
481311
481312
481313
481314
481315
481316
481317
481318
481319
481320
481321
481322
481323
481324
481325
481326
481327
481328
481329
481330
481331
481332
481333
481334
481335
481336
481337
481338
481339
481340
481341
481342
481343
481344
481345
481346
481347
481348
481349
481350
481351
481352
481353
481354
481355
481356
481357
481358
481359
481360
481361
481362
481363
481364
481365
481366
481367
481368
481369
481370
481371
481372
481373
481374
481375
481376
481377
481378
481379
481380
481381
481382
481383
481384
481385
481386
481387
481388
481389
481390
481391
481392
481393
481394
481395
481396
481397
481398
481399
481400
481401
481402
481403
481404
481405
481406
481407
481408
481409
481410
481411
481412
481413
481414
481415
481416
481417
481418
481419
481420
481421
481422
481423
481424
481425
481426
481427
481428
481429
481430
481431
481432
481433
481434
481435
481436
481437
481438
481439
481440
481441
481442
481443
481444
481445
481446
481447
481448
481449
481450
481451
481452
481453
481454
481455
481456
481457
481458
481459
481460
481461
481462
481463
481464
481465
481466
481467
481468
481469
481470
481471
481472
481473
481474
481475
481476
481477
481478
481479
481480
481481
481482
481483
481484
481485
481486
481487
481488
481489
481490
481491
481492
481493
481494
481495
481496
481497
481498
481499
481500
481501
481502
481503
481504
481505
481506
481507
481508
481509
481510
481511
481512
481513
481514
481515
481516
481517
481518
481519
481520
481521
481522
481523
481524
481525
481526
481527
481528
481529
481530
481531
481532
481533
481534
481535
481536
481537
481538
481539
481540
481541
481542
481543
481544
481545
481546
481547
481548
481549
481550
481551
481552
481553
481554
481555
481556
481557
481558
481559
481560
481561
481562
481563
481564
481565
481566
481567
481568
481569
481570
481571
481572
481573
481574
481575
481576
481577
481578
481579
481580
481581
481582
481583
481584
481585
481586
481587
481588
481589
481590
481591
481592
481593
481594
481595
481596
481597
481598
481599
481600
481601
481602
481603
481604
481605
481606
481607
481608
481609
481610
481611
481612
481613
481614
481615
481616
481617
481618
481619
481620
481621
481622
481623
481624
481625
481626
481627
481628
481629
481630
481631
481632
481633
481634
481635
481636
481637
481638
481639
481640
481641
481642
481643
481644
481645
481646
481647
481648
481649
481650
481651
481652
481653
481654
481655
481656
481657
481658
481659
481660
481661
481662
481663
481664
481665
481666
481667
481668
481669
481670
481671
481672
481673
481674
481675
481676
481677
481678
481679
481680
481681
481682
481683
481684
481685
481686
481687
481688
481689
481690
481691
481692
481693
481694
481695
481696
481697
481698
481699
481700
481701
481702
481703
481704
481705
481706
481707
481708
481709
481710
481711
481712
481713
481714
481715
481716
481717
481718
481719
481720
481721
481722
481723
481724
481725
481726
481727
481728
481729
481730
481731
481732
481733
481734
481735
481736
481737
481738
481739
481740
481741
481742
481743
481744
481745
481746
481747
481748
481749
481750
481751
481752
481753
481754
481755
481756
481757
481758
481759
481760
481761
481762
481763
481764
481765
481766
481767
481768
481769
481770
481771
481772
481773
481774
481775
481776
481777
481778
481779
481780
481781
481782
481783
481784
481785
481786
481787
481788
481789
481790
481791
481792
481793
481794
481795
481796
481797
481798
481799
481800
481801
481802
481803
481804
481805
481806
481807
481808
481809
481810
481811
481812
481813
481814
481815
481816
481817
481818
481819
481820
481821
481822
481823
481824
481825
481826
481827
481828
481829
481830
481831
481832
481833
481834
481835
481836
481837
481838
481839
481840
481841
481842
481843
481844
481845
481846
481847
481848
481849
481850
481851
481852
481853
481854
481855
481856
481857
481858
481859
481860
481861
481862
481863
481864
481865
481866
481867
481868
481869
481870
481871
481872
481873
481874
481875
481876
481877
481878
481879
481880
481881
481882
481883
481884
481885
481886
481887
481888
481889
481890
481891
481892
481893
481894
481895
481896
481897
481898
481899
481900
481901
481902
481903
481904
481905
481906
481907
481908
481909
481910
481911
481912
481913
481914
481915
481916
481917
481918
481919
481920
481921
481922
481923
481924
481925
481926
481927
481928
481929
481930
481931
481932
481933
481934
481935
481936
481937
481938
481939
481940
481941
481942
481943
481944
481945
481946
481947
481948
481949
481950
481951
481952
481953
481954
481955
481956
481957
481958
481959
481960
481961
481962
481963
481964
481965
481966
481967
481968
481969
481970
481971
481972
481973
481974
481975
481976
481977
481978
481979
481980
481981
481982
481983
481984
481985
481986
481987
481988
481989
481990
481991
481992
481993
481994
481995
481996
481997
481998
481999
482000
482001
482002
482003
482004
482005
482006
482007
482008
482009
482010
482011
482012
482013
482014
482015
482016
482017
482018
482019
482020
482021
482022
482023
482024
482025
482026
482027
482028
482029
482030
482031
482032
482033
482034
482035
482036
482037
482038
482039
482040
482041
482042
482043
482044
482045
482046
482047
482048
482049
482050
482051
482052
482053
482054
482055
482056
482057
482058
482059
482060
482061
482062
482063
482064
482065
482066
482067
482068
482069
482070
482071
482072
482073
482074
482075
482076
482077
482078
482079
482080
482081
482082
482083
482084
482085
482086
482087
482088
482089
482090
482091
482092
482093
482094
482095
482096
482097
482098
482099
482100
482101
482102
482103
482104
482105
482106
482107
482108
482109
482110
482111
482112
482113
482114
482115
482116
482117
482118
482119
482120
482121
482122
482123
482124
482125
482126
482127
482128
482129
482130
482131
482132
482133
482134
482135
482136
482137
482138
482139
482140
482141
482142
482143
482144
482145
482146
482147
482148
482149
482150
482151
482152
482153
482154
482155
482156
482157
482158
482159
482160
482161
482162
482163
482164
482165
482166
482167
482168
482169
482170
482171
482172
482173
482174
482175
482176
482177
482178
482179
482180
482181
482182
482183
482184
482185
482186
482187
482188
482189
482190
482191
482192
482193
482194
482195
482196
482197
482198
482199
482200
482201
482202
482203
482204
482205
482206
482207
482208
482209
482210
482211
482212
482213
482214
482215
482216
482217
482218
482219
482220
482221
482222
482223
482224
482225
482226
482227
482228
482229
482230
482231
482232
482233
482234
482235
482236
482237
482238
482239
482240
482241
482242
482243
482244
482245
482246
482247
482248
482249
482250
482251
482252
482253
482254
482255
482256
482257
482258
482259
482260
482261
482262
482263
482264
482265
482266
482267
482268
482269
482270
482271
482272
482273
487620
487621
487622
487623
487624
487625
487626
487627
487628
487629
487630
487631
487632
487633
487634
487635
487636
487637
487638
487639
487640
487641
487642
487643
487644
487645
487646
487647
487648
487649
487650
487651
487652
487653
487654
487655
487656
487657
487658
487659
487660
487661
487662
487663
487664
487665
487666
487667
487668
487669
487670
487671
487672
487673
487674
487675
487676
487677
487678
487679
487701
487702
487703
487704
487705
487706
487707
487708
487709
487710
487711
487712
487713
487714
487715
487716
487717
487718
487719
487720
487721
487722
487723
487724
487725
487726
487727
487728
487729
487730
487731
487732
487733
487734
487735
487736
487737
487738
487739
487740
487741
487742
487743
487744
487745
487746
487747
487748
487749
487750
487751
487752
487753
487754
487755
487756
487757
487758
487759
487760
487761
487762
487763
487764
487765
487766
487767
487768
487769
487770
487771
487772
487773
487774
487775
487776
487777
487778
487779
487780
487781
487782
487783
487784
487785
487786
487787
487788
487789
487790
487791
487792
487793
487794
487795
487796
487797
487798
487799
487800
487801
487802
487803
487804
487805
487806
487807
487808
487809
487810
487811
487812
487813
487814
487815
487816
487817
487818
487819
487820
487821
487822
487823
487824
487825
487826
487827
487828
487829
487830
487831
487832
487833
487834
487835
487836
487837
487838
487839
487840
487841
487842
487843
487844
487845
487846
487847
487848
487849
487850
487851
487852
487853
487854
487855
487856
487857
487858
487859
487860
487861
487862
487863
487864
487865
487866
487867
487868
487869
487870
487871
487872
487873
487874
487875
487876
487877
487878
487879
487880
487881
487882
487883
487884
487885
487886
487887
487888
487889
487890
487891
487892
487893
487894
487895
487896
487897
487898
487899
487900
487901
487902
487903
487904
487905
487906
487907
487908
487909
487910
487911
487912
487913
487914
487915
487916
487917
487918
487919
487920
487921
487922
487923
487924
487925
487926
487927
487928
487929
487930
487931
487932
487933
487934
487935
487936
487937
487938
487939
487940
487941
487942
487943
487944
487945
487946
487947
487948
487949
487950
487951
487952
487953
487954
487955
487956
487957
487958
487959
487960
487961
487962
487963
487964
487965
487966
487967
487968
487969
487970
487971
487972
487973
487974
487975
487976
487977
487978
487979
487980
487981
487982
487983
487984
487985
487986
487987
487988
487989
487990
487991
487992
487993
487994
487995
487996
487997
487998
487999
488000
488001
488002
488003
488004
488005
488006
488007
488008
488009
488010
488011
488012
488013
488014
488015
488016
488017
488018
488019
488020
488021
488022
488023
488024
488025
488026
488027
488028
488029
488030
488031
488032
488033
488034
488035
488036
488037
488038
488039
488040
488041
488042
488043
488044
488045
488046
488047
488048
488049
488050
488051
488052
488053
488054
488055
488056
488057
488058
488059
488060
488061
488062
488063
488064
488065
488066
488067
488068
488069
488070
488071
488072
488073
488074
488075
488076
488077
488078
488079
488080
488081
488082
488083
488084
488085
488086
488087
488088
488089
488090
488091
488092
488093
488094
488095
488096
488097
488098
488099
488100
488101
488102
488103
488104
488105
488106
488107
488108
488109
488110
488111
488112
488113
488114
488115
488116
488117
488118
488119
488120
488121
488122
488123
488124
488125
488126
488127
488128
488129
488130
488131
488132
488133
488134
488135
488136
488137
488138
488139
488140
488141
488142
488143
488144
488145
488146
488147
488148
488149
488150
488151
488152
488153
488154
488155
488156
488157
488158
488159
488160
488161
488162
488163
488164
488165
488166
488167
488168
488169
488170
488171
488172
488173
488174
488175
488176
488177
488178
488179
488180
488181
488182
488183
488184
488185
488186
488187
488188
488189
488190
488191
488192
488193
488194
488195
488196
488197
488198
488199
488200
488201
488202
488203
488204
488205
488206
488207
488208
488209
488210
488211
488212
488213
488214
488215
488216
488217
488218
488219
488220
488221
488222
488223
488224
488225
488226
488227
488228
488229
488230
488231
488232
488233
488234
488235
488236
488237
488238
488239
488240
488241
488242
488243
488244
488245
488246
488247
488248
488249
488250
488251
488252
488253
488254
488255
488256
488257
488258
488259
488260
488261
488262
488263
488264
488265
488266
488267
488268
488269
488270
488271
488272
488273
488274
488275
488276
488277
488278
488279
488280
488281
488282
488283
488284
488285
488286
488287
488288
488289
488290
488291
488292
488293
488294
488295
488296
488297
488298
488299
488300
488301
488302
488303
488304
488305
488306
488307
488308
488309
488310
488311
488312
488313
488314
488315
488316
488317
488318
488319
488320
488321
488322
488323
488324
488325
488326
488327
488328
488329
488330
488331
488332
488333
488334
488335
488336
488337
488338
488339
488340
488341
488342
488343
488344
488345
488346
488347
488348
488349
488350
488351
488352
488353
488354
488355
488356
488357
488358
488359
488360
488361
488362
488363
488364
488365
488366
488367
488368
488369
488370
488371
488372
488373
488374
488375
488376
488377
488378
488379
488380
488381
488382
488383
488384
488385
488386
488387
488388
488389
488390
488391
488392
488393
488394
488395
488396
488397
488398
488399
488400
488401
488402
488403
488404
488405
488406
488407
488408
488409
488410
488411
488412
488413
488414
488415
488416
488417
488418
488419
488420
488421
488422
488423
488424
488425
488426
488427
488428
488429
488430
488431
488432
488433
488434
488435
488436
488437
488438
488439
488440
488441
488442
488443
488444
488445
488446
488447
488448
488449
488450
488451
488452
488453
488454
488455
488456
488457
488458
488459
488460
488461
488462
488463
488464
488465
488466
488467
488468
488469
488470
488471
488472
488473
488474
488475
488476
488477
488478
488479
488480
488481
488482
488483
488484
488485
488486
488487
488488
488489
488490
488491
488492
488493
488494
488495
488496
488497
488498
488499
488500
488501
488502
488503
488504
488505
488506
488507
488508
488509
488510
488511
488512
488513
488514
488515
488516
488517
488518
488519
488520
488521
488522
488523
488524
488525
488526
488527
488528
488529
488530
488531
488532
488533
488534
488535
488536
488537
488538
488539
488540
488541
488542
488543
488544
488545
488546
488547
488548
488549
488550
488551
488552
488553
488554
488555
488556
488557
488558
488559
488560
488561
488562
488563
488564
488565
488566
488567
488568
488569
488570
488571
488572
488573
488574
488575
488576
488577
488578
488579
488580
488581
488582
488583
488584
488585
488586
488587
488588
488589
488590
488591
488592
488593
488594
488595
488596
488597
488598
488599
488600
488601
488602
488603
488604
488605
488606
488607
488608
488609
488610
488611
488612
488613
488614
488615
488616
488617
488618
488619
488620
488621
488622
488623
488624
488625
488626
488627
488628
488629
488630
488631
488632
488633
488634
488635
488636
488637
488638
488639
488640
488641
488642
488643
488644
488645
488646
488647
488648
488649
488650
488651
488652
488653
488654
488655
488656
488657
488658
488659
488660
488661
488662
488663
488664
488665
488666
488667
488668
488669
488670
488671
488672
488673
488674
488675
488676
488677
488678
488679
488680
488681
488682
488683
488684
488685
488686
488687
488688
488689
488690
488691
488692
488693
488694
488695
488696
488697
488698
488699
488700
488701
488702
488703
488704
488705
488706
488707
488708
488709
488710
488711
488712
488713
488714
488715
488716
488717
488718
488719
488720
488721
488722
488723
488724
488725
488726
488727
488728
488729
488730
488731
488732
488733
488734
488735
488736
488737
488738
488739
488740
488741
488742
488743
488744
488745
488746
488747
488748
488749
488750
488751
488752
488753
488754
488755
488756
488757
488758
488759
488760
488761
488762
488763
488764
488765
488766
488767
488768
488769
488770
488771
488772
488773
488774
488775
488776
488777
488778
488779
488780
488781
488782
488783
488784
488785
488786
488787
488788
488789
488790
488791
488792
488793
488794
488795
488796
488797
488798
488799
488800
488801
488802
488803
488804
488805
488806
488807
488808
488809
488810
488811
488812
488813
488814
488815
488816
488817
488818
488819
488820
488821
488822
488823
488824
488825
488826
488827
488828
488829
488830
488831
488832
488833
488834
494181
494182
494183
494184
494185
494186
494187
494188
494189
494190
494191
494192
494193
494194
494195
494196
494197
494198
494199
494200
494201
494202
494203
494204
494205
494206
494207
494208
494209
494210
494211
494212
494213
494214
494215
494216
494217
494218
494219
494220
494221
494222
494223
494224
494225
494226
494227
494228
494229
494230
494231
494232
494233
494234
494235
494236
494237
494238
494239
494240
494241
494262
494263
494264
494265
494266
494267
494268
494269
494270
494271
494272
494273
494274
494275
494276
494277
494278
494279
494280
494281
494282
494283
494284
494285
494286
494287
494288
494289
494290
494291
494292
494293
494294
494295
494296
494297
494298
494299
494300
494301
494302
494303
494304
494305
494306
494307
494308
494309
494310
494311
494312
494313
494314
494315
494316
494317
494318
494319
494320
494321
494322
494323
494324
494325
494326
494327
494328
494329
494330
494331
494332
494333
494334
494335
494336
494337
494338
494339
494340
494341
494342
494343
494344
494345
494346
494347
494348
494349
494350
494351
494352
494353
494354
494355
494356
494357
494358
494359
494360
494361
494362
494363
494364
494365
494366
494367
494368
494369
494370
494371
494372
494373
494374
494375
494376
494377
494378
494379
494380
494381
494382
494383
494384
494385
494386
494387
494388
494389
494390
494391
494392
494393
494394
494395
494396
494397
494398
494399
494400
494401
494402
494403
494404
494405
494406
494407
494408
494409
494410
494411
494412
494413
494414
494415
494416
494417
494418
494419
494420
494421
494422
494423
494424
494425
494426
494427
494428
494429
494430
494431
494432
494433
494434
494435
494436
494437
494438
494439
494440
494441
494442
494443
494444
494445
494446
494447
494448
494449
494450
494451
494452
494453
494454
494455
494456
494457
494458
494459
494460
494461
494462
494463
494464
494465
494466
494467
494468
494469
494470
494471
494472
494473
494474
494475
494476
494477
494478
494479
494480
494481
494482
494483
494484
494485
494486
494487
494488
494489
494490
494491
494492
494493
494494
494495
494496
494497
494498
494499
494500
494501
494502
494503
494504
494505
494506
494507
494508
494509
494510
494511
494512
494513
494514
494515
494516
494517
494518
494519
494520
494521
494522
494523
494524
494525
494526
494527
494528
494529
494530
494531
494532
494533
494534
494535
494536
494537
494538
494539
494540
494541
494542
494543
494544
494545
494546
494547
494548
494549
494550
494551
494552
494553
494554
494555
494556
494557
494558
494559
494560
494561
494562
494563
494564
494565
494566
494567
494568
494569
494570
494571
494572
494573
494574
494575
494576
494577
494578
494579
494580
494581
494582
494583
494584
494585
494586
494587
494588
494589
494590
494591
494592
494593
494594
494595
494596
494597
494598
494599
494600
494601
494602
494603
494604
494605
494606
494607
494608
494609
494610
494611
494612
494613
494614
494615
494616
494617
494618
494619
494620
494621
494622
494623
494624
494625
494626
494627
494628
494629
494630
494631
494632
494633
494634
494635
494636
494637
494638
494639
494640
494641
494642
494643
494644
494645
494646
494647
494648
494649
494650
494651
494652
494653
494654
494655
494656
494657
494658
494659
494660
494661
494662
494663
494664
494665
494666
494667
494668
494669
494670
494671
494672
494673
494674
494675
494676
494677
494678
494679
494680
494681
494682
494683
494684
494685
494686
494687
494688
494689
494690
494691
494692
494693
494694
494695
494696
494697
494698
494699
494700
494701
494702
494703
494704
494705
494706
494707
494708
494709
494710
494711
494712
494713
494714
494715
494716
494717
494718
494719
494720
494721
494722
494723
494724
494725
494726
494727
494728
494729
494730
494731
494732
494733
494734
494735
494736
494737
494738
494739
494740
494741
494742
494743
494744
494745
494746
494747
494748
494749
494750
494751
494752
494753
494754
494755
494756
494757
494758
494759
494760
494761
494762
494763
494764
494765
494766
494767
494768
494769
494770
494771
494772
494773
494774
494775
494776
494777
494778
494779
494780
494781
494782
494783
494784
494785
494786
494787
494788
494789
494790
494791
494792
494793
494794
494795
494796
494797
494798
494799
494800
494801
494802
494803
494804
494805
494806
494807
494808
494809
494810
494811
494812
494813
494814
494815
494816
494817
494818
494819
494820
494821
494822
494823
494824
494825
494826
494827
494828
494829
494830
494831
494832
494833
494834
494835
494836
494837
494838
494839
494840
494841
494842
494843
494844
494845
494846
494847
494848
494849
494850
494851
494852
494853
494854
494855
494856
494857
494858
494859
494860
494861
494862
494863
494864
494865
494866
494867
494868
494869
494870
494871
494872
494873
494874
494875
494876
494877
494878
494879
494880
494881
494882
494883
494884
494885
494886
494887
494888
494889
494890
494891
494892
494893
494894
494895
494896
494897
494898
494899
494900
494901
494902
494903
494904
494905
494906
494907
494908
494909
494910
494911
494912
494913
494914
494915
494916
494917
494918
494919
494920
494921
494922
494923
494924
494925
494926
494927
494928
494929
494930
494931
494932
494933
494934
494935
494936
494937
494938
494939
494940
494941
494942
494943
494944
494945
494946
494947
494948
494949
494950
494951
494952
494953
494954
494955
494956
494957
494958
494959
494960
494961
494962
494963
494964
494965
494966
494967
494968
494969
494970
494971
494972
494973
494974
494975
494976
494977
494978
494979
494980
494981
494982
494983
494984
494985
494986
494987
494988
494989
494990
494991
494992
494993
494994
494995
494996
494997
494998
494999
495000
495001
495002
495003
495004
495005
495006
495007
495008
495009
495010
495011
495012
495013
495014
495015
495016
495017
495018
495019
495020
495021
495022
495023
495024
495025
495026
495027
495028
495029
495030
495031
495032
495033
495034
495035
495036
495037
495038
495039
495040
495041
495042
495043
495044
495045
495046
495047
495048
495049
495050
495051
495052
495053
495054
495055
495056
495057
495058
495059
495060
495061
495062
495063
495064
495065
495066
495067
495068
495069
495070
495071
495072
495073
495074
495075
495076
495077
495078
495079
495080
495081
495082
495083
495084
495085
495086
495087
495088
495089
495090
495091
495092
495093
495094
495095
495096
495097
495098
495099
495100
495101
495102
495103
495104
495105
495106
495107
495108
495109
495110
495111
495112
495113
495114
495115
495116
495117
495118
495119
495120
495121
495122
495123
495124
495125
495126
495127
495128
495129
495130
495131
495132
495133
495134
495135
495136
495137
495138
495139
495140
495141
495142
495143
495144
495145
495146
495147
495148
495149
495150
495151
495152
495153
495154
495155
495156
495157
495158
495159
495160
495161
495162
495163
495164
495165
495166
495167
495168
495169
495170
495171
495172
495173
495174
495175
495176
495177
495178
495179
495180
495181
495182
495183
495184
495185
495186
495187
495188
495189
495190
495191
495192
495193
495194
495195
495196
495197
495198
495199
495200
495201
495202
495203
495204
495205
495206
495207
495208
495209
495210
495211
495212
495213
495214
495215
495216
495217
495218
495219
495220
495221
495222
495223
495224
495225
495226
495227
495228
495229
495230
495231
495232
495233
495234
495235
495236
495237
495238
495239
495240
495241
495242
495243
495244
495245
495246
495247
495248
495249
495250
495251
495252
495253
495254
495255
495256
495257
495258
495259
495260
495261
495262
495263
495264
495265
495266
495267
495268
495269
495270
495271
495272
495273
495274
495275
495276
495277
495278
495279
495280
495281
495282
495283
495284
495285
495286
495287
495288
495289
495290
495291
495292
495293
495294
495295
495296
495297
495298
495299
495300
495301
495302
495303
495304
495305
495306
495307
495308
495309
495310
495311
495312
495313
495314
495315
495316
495317
495318
495319
495320
495321
495322
495323
495324
495325
495326
495327
495328
495329
495330
495331
495332
495333
495334
495335
495336
495337
495338
495339
495340
495341
495342
495343
495344
495345
495346
495347
495348
495349
495350
495351
495352
495353
495354
495355
495356
495357
495358
495359
495360
495361
495362
495363
495364
495365
495366
495367
495368
495369
495370
495371
495372
495373
495374
495375
495376
495377
495378
495379
495380
495381
495382
495383
495384
495385
495386
495387
495388
495389
495390
495391
495392
495393
495394
495395
500742
500743
500744
500745
500746
500747
500748
500749
500750
500751
500752
500753
500754
500755
500756
500757
500758
500759
500760
500761
500762
500763
500764
500765
500766
500767
500768
500769
500770
500771
500772
500773
500774
500775
500776
500777
500778
500779
500780
500781
500782
500783
500784
500785
500786
500787
500788
500789
500790
500791
500792
500793
500794
500795
500796
500797
500798
500799
500800
500801
500802
500803
500823
500824
500825
500826
500827
500828
500829
500830
500831
500832
500833
500834
500835
500836
500837
500838
500839
500840
500841
500842
500843
500844
500845
500846
500847
500848
500849
500850
500851
500852
500853
500854
500855
500856
500857
500858
500859
500860
500861
500862
500863
500864
500865
500866
500867
500868
500869
500870
500871
500872
500873
500874
500875
500876
500877
500878
500879
500880
500881
500882
500883
500884
500885
500886
500887
500888
500889
500890
500891
500892
500893
500894
500895
500896
500897
500898
500899
500900
500901
500902
500903
500904
500905
500906
500907
500908
500909
500910
500911
500912
500913
500914
500915
500916
500917
500918
500919
500920
500921
500922
500923
500924
500925
500926
500927
500928
500929
500930
500931
500932
500933
500934
500935
500936
500937
500938
500939
500940
500941
500942
500943
500944
500945
500946
500947
500948
500949
500950
500951
500952
500953
500954
500955
500956
500957
500958
500959
500960
500961
500962
500963
500964
500965
500966
500967
500968
500969
500970
500971
500972
500973
500974
500975
500976
500977
500978
500979
500980
500981
500982
500983
500984
500985
500986
500987
500988
500989
500990
500991
500992
500993
500994
500995
500996
500997
500998
500999
501000
501001
501002
501003
501004
501005
501006
501007
501008
501009
501010
501011
501012
501013
501014
501015
501016
501017
501018
501019
501020
501021
501022
501023
501024
501025
501026
501027
501028
501029
501030
501031
501032
501033
501034
501035
501036
501037
501038
501039
501040
501041
501042
501043
501044
501045
501046
501047
501048
501049
501050
501051
501052
501053
501054
501055
501056
501057
501058
501059
501060
501061
501062
501063
501064
501065
501066
501067
501068
501069
501070
501071
501072
501073
501074
501075
501076
501077
501078
501079
501080
501081
501082
501083
501084
501085
501086
501087
501088
501089
501090
501091
501092
501093
501094
501095
501096
501097
501098
501099
501100
501101
501102
501103
501104
501105
501106
501107
501108
501109
501110
501111
501112
501113
501114
501115
501116
501117
501118
501119
501120
501121
501122
501123
501124
501125
501126
501127
501128
501129
501130
501131
501132
501133
501134
501135
501136
501137
501138
501139
501140
501141
501142
501143
501144
501145
501146
501147
501148
501149
501150
501151
501152
501153
501154
501155
501156
501157
501158
501159
501160
501161
501162
501163
501164
501165
501166
501167
501168
501169
501170
501171
501172
501173
501174
501175
501176
501177
501178
501179
501180
501181
501182
501183
501184
501185
501186
501187
501188
501189
501190
501191
501192
501193
501194
501195
501196
501197
501198
501199
501200
501201
501202
501203
501204
501205
501206
501207
501208
501209
501210
501211
501212
501213
501214
501215
501216
501217
501218
501219
501220
501221
501222
501223
501224
501225
501226
501227
501228
501229
501230
501231
501232
501233
501234
501235
501236
501237
501238
501239
501240
501241
501242
501243
501244
501245
501246
501247
501248
501249
501250
501251
501252
501253
501254
501255
501256
501257
501258
501259
501260
501261
501262
501263
501264
501265
501266
501267
501268
501269
501270
501271
501272
501273
501274
501275
501276
501277
501278
501279
501280
501281
501282
501283
501284
501285
501286
501287
501288
501289
501290
501291
501292
501293
501294
501295
501296
501297
501298
501299
501300
501301
501302
501303
501304
501305
501306
501307
501308
501309
501310
501311
501312
501313
501314
501315
501316
501317
501318
501319
501320
501321
501322
501323
501324
501325
501326
501327
501328
501329
501330
501331
501332
501333
501334
501335
501336
501337
501338
501339
501340
501341
501342
501343
501344
501345
501346
501347
501348
501349
501350
501351
501352
501353
501354
501355
501356
501357
501358
501359
501360
501361
501362
501363
501364
501365
501366
501367
501368
501369
501370
501371
501372
501373
501374
501375
501376
501377
501378
501379
501380
501381
501382
501383
501384
501385
501386
501387
501388
501389
501390
501391
501392
501393
501394
501395
501396
501397
501398
501399
501400
501401
501402
501403
501404
501405
501406
501407
501408
501409
501410
501411
501412
501413
501414
501415
501416
501417
501418
501419
501420
501421
501422
501423
501424
501425
501426
501427
501428
501429
501430
501431
501432
501433
501434
501435
501436
501437
501438
501439
501440
501441
501442
501443
501444
501445
501446
501447
501448
501449
501450
501451
501452
501453
501454
501455
501456
501457
501458
501459
501460
501461
501462
501463
501464
501465
501466
501467
501468
501469
501470
501471
501472
501473
501474
501475
501476
501477
501478
501479
501480
501481
501482
501483
501484
501485
501486
501487
501488
501489
501490
501491
501492
501493
501494
501495
501496
501497
501498
501499
501500
501501
501502
501503
501504
501505
501506
501507
501508
501509
501510
501511
501512
501513
501514
501515
501516
501517
501518
501519
501520
501521
501522
501523
501524
501525
501526
501527
501528
501529
501530
501531
501532
501533
501534
501535
501536
501537
501538
501539
501540
501541
501542
501543
501544
501545
501546
501547
501548
501549
501550
501551
501552
501553
501554
501555
501556
501557
501558
501559
501560
501561
501562
501563
501564
501565
501566
501567
501568
501569
501570
501571
501572
501573
501574
501575
501576
501577
501578
501579
501580
501581
501582
501583
501584
501585
501586
501587
501588
501589
501590
501591
501592
501593
501594
501595
501596
501597
501598
501599
501600
501601
501602
501603
501604
501605
501606
501607
501608
501609
501610
501611
501612
501613
501614
501615
501616
501617
501618
501619
501620
501621
501622
501623
501624
501625
501626
501627
501628
501629
501630
501631
501632
501633
501634
501635
501636
501637
501638
501639
501640
501641
501642
501643
501644
501645
501646
501647
501648
501649
501650
501651
501652
501653
501654
501655
501656
501657
501658
501659
501660
501661
501662
501663
501664
501665
501666
501667
501668
501669
501670
501671
501672
501673
501674
501675
501676
501677
501678
501679
501680
501681
501682
501683
501684
501685
501686
501687
501688
501689
501690
501691
501692
501693
501694
501695
501696
501697
501698
501699
501700
501701
501702
501703
501704
501705
501706
501707
501708
501709
501710
501711
501712
501713
501714
501715
501716
501717
501718
501719
501720
501721
501722
501723
501724
501725
501726
501727
501728
501729
501730
501731
501732
501733
501734
501735
501736
501737
501738
501739
501740
501741
501742
501743
501744
501745
501746
501747
501748
501749
501750
501751
501752
501753
501754
501755
501756
501757
501758
501759
501760
501761
501762
501763
501764
501765
501766
501767
501768
501769
501770
501771
501772
501773
501774
501775
501776
501777
501778
501779
501780
501781
501782
501783
501784
501785
501786
501787
501788
501789
501790
501791
501792
501793
501794
501795
501796
501797
501798
501799
501800
501801
501802
501803
501804
501805
501806
501807
501808
501809
501810
501811
501812
501813
501814
501815
501816
501817
501818
501819
501820
501821
501822
501823
501824
501825
501826
501827
501828
501829
501830
501831
501832
501833
501834
501835
501836
501837
501838
501839
501840
501841
501842
501843
501844
501845
501846
501847
501848
501849
501850
501851
501852
501853
501854
501855
501856
501857
501858
501859
501860
501861
501862
501863
501864
501865
501866
501867
501868
501869
501870
501871
501872
501873
501874
501875
501876
501877
501878
501879
501880
501881
501882
501883
501884
501885
501886
501887
501888
501889
501890
501891
501892
501893
501894
501895
501896
501897
501898
501899
501900
501901
501902
501903
501904
501905
501906
501907
501908
501909
501910
501911
501912
501913
501914
501915
501916
501917
501918
501919
501920
501921
501922
501923
501924
501925
501926
501927
501928
501929
501930
501931
501932
501933
501934
501935
501936
501937
501938
501939
501940
501941
501942
501943
501944
501945
501946
501947
501948
501949
501950
501951
501952
501953
501954
501955
501956
507303
507304
507305
507306
507307
507308
507309
507310
507311
507312
507313
507314
507315
507316
507317
507318
507319
507320
507321
507322
507323
507324
507325
507326
507327
507328
507329
507330
507331
507332
507333
507334
507335
507336
507337
507338
507339
507340
507341
507342
507343
507344
507345
507346
507347
507348
507349
507350
507351
507352
507353
507354
507355
507356
507357
507358
507359
507360
507361
507362
507363
507364
507365
507384
507385
507386
507387
507388
507389
507390
507391
507392
507393
507394
507395
507396
507397
507398
507399
507400
507401
507402
507403
507404
507405
507406
507407
507408
507409
507410
507411
507412
507413
507414
507415
507416
507417
507418
507419
507420
507421
507422
507423
507424
507425
507426
507427
507428
507429
507430
507431
507432
507433
507434
507435
507436
507437
507438
507439
507440
507441
507442
507443
507444
507445
507446
507447
507448
507449
507450
507451
507452
507453
507454
507455
507456
507457
507458
507459
507460
507461
507462
507463
507464
507465
507466
507467
507468
507469
507470
507471
507472
507473
507474
507475
507476
507477
507478
507479
507480
507481
507482
507483
507484
507485
507486
507487
507488
507489
507490
507491
507492
507493
507494
507495
507496
507497
507498
507499
507500
507501
507502
507503
507504
507505
507506
507507
507508
507509
507510
507511
507512
507513
507514
507515
507516
507517
507518
507519
507520
507521
507522
507523
507524
507525
507526
507527
507528
507529
507530
507531
507532
507533
507534
507535
507536
507537
507538
507539
507540
507541
507542
507543
507544
507545
507546
507547
507548
507549
507550
507551
507552
507553
507554
507555
507556
507557
507558
507559
507560
507561
507562
507563
507564
507565
507566
507567
507568
507569
507570
507571
507572
507573
507574
507575
507576
507577
507578
507579
507580
507581
507582
507583
507584
507585
507586
507587
507588
507589
507590
507591
507592
507593
507594
507595
507596
507597
507598
507599
507600
507601
507602
507603
507604
507605
507606
507607
507608
507609
507610
507611
507612
507613
507614
507615
507616
507617
507618
507619
507620
507621
507622
507623
507624
507625
507626
507627
507628
507629
507630
507631
507632
507633
507634
507635
507636
507637
507638
507639
507640
507641
507642
507643
507644
507645
507646
507647
507648
507649
507650
507651
507652
507653
507654
507655
507656
507657
507658
507659
507660
507661
507662
507663
507664
507665
507666
507667
507668
507669
507670
507671
507672
507673
507674
507675
507676
507677
507678
507679
507680
507681
507682
507683
507684
507685
507686
507687
507688
507689
507690
507691
507692
507693
507694
507695
507696
507697
507698
507699
507700
507701
507702
507703
507704
507705
507706
507707
507708
507709
507710
507711
507712
507713
507714
507715
507716
507717
507718
507719
507720
507721
507722
507723
507724
507725
507726
507727
507728
507729
507730
507731
507732
507733
507734
507735
507736
507737
507738
507739
507740
507741
507742
507743
507744
507745
507746
507747
507748
507749
507750
507751
507752
507753
507754
507755
507756
507757
507758
507759
507760
507761
507762
507763
507764
507765
507766
507767
507768
507769
507770
507771
507772
507773
507774
507775
507776
507777
507778
507779
507780
507781
507782
507783
507784
507785
507786
507787
507788
507789
507790
507791
507792
507793
507794
507795
507796
507797
507798
507799
507800
507801
507802
507803
507804
507805
507806
507807
507808
507809
507810
507811
507812
507813
507814
507815
507816
507817
507818
507819
507820
507821
507822
507823
507824
507825
507826
507827
507828
507829
507830
507831
507832
507833
507834
507835
507836
507837
507838
507839
507840
507841
507842
507843
507844
507845
507846
507847
507848
507849
507850
507851
507852
507853
507854
507855
507856
507857
507858
507859
507860
507861
507862
507863
507864
507865
507866
507867
507868
507869
507870
507871
507872
507873
507874
507875
507876
507877
507878
507879
507880
507881
507882
507883
507884
507885
507886
507887
507888
507889
507890
507891
507892
507893
507894
507895
507896
507897
507898
507899
507900
507901
507902
507903
507904
507905
507906
507907
507908
507909
507910
507911
507912
507913
507914
507915
507916
507917
507918
507919
507920
507921
507922
507923
507924
507925
507926
507927
507928
507929
507930
507931
507932
507933
507934
507935
507936
507937
507938
507939
507940
507941
507942
507943
507944
507945
507946
507947
507948
507949
507950
507951
507952
507953
507954
507955
507956
507957
507958
507959
507960
507961
507962
507963
507964
507965
507966
507967
507968
507969
507970
507971
507972
507973
507974
507975
507976
507977
507978
507979
507980
507981
507982
507983
507984
507985
507986
507987
507988
507989
507990
507991
507992
507993
507994
507995
507996
507997
507998
507999
508000
508001
508002
508003
508004
508005
508006
508007
508008
508009
508010
508011
508012
508013
508014
508015
508016
508017
508018
508019
508020
508021
508022
508023
508024
508025
508026
508027
508028
508029
508030
508031
508032
508033
508034
508035
508036
508037
508038
508039
508040
508041
508042
508043
508044
508045
508046
508047
508048
508049
508050
508051
508052
508053
508054
508055
508056
508057
508058
508059
508060
508061
508062
508063
508064
508065
508066
508067
508068
508069
508070
508071
508072
508073
508074
508075
508076
508077
508078
508079
508080
508081
508082
508083
508084
508085
508086
508087
508088
508089
508090
508091
508092
508093
508094
508095
508096
508097
508098
508099
508100
508101
508102
508103
508104
508105
508106
508107
508108
508109
508110
508111
508112
508113
508114
508115
508116
508117
508118
508119
508120
508121
508122
508123
508124
508125
508126
508127
508128
508129
508130
508131
508132
508133
508134
508135
508136
508137
508138
508139
508140
508141
508142
508143
508144
508145
508146
508147
508148
508149
508150
508151
508152
508153
508154
508155
508156
508157
508158
508159
508160
508161
508162
508163
508164
508165
508166
508167
508168
508169
508170
508171
508172
508173
508174
508175
508176
508177
508178
508179
508180
508181
508182
508183
508184
508185
508186
508187
508188
508189
508190
508191
508192
508193
508194
508195
508196
508197
508198
508199
508200
508201
508202
508203
508204
508205
508206
508207
508208
508209
508210
508211
508212
508213
508214
508215
508216
508217
508218
508219
508220
508221
508222
508223
508224
508225
508226
508227
508228
508229
508230
508231
508232
508233
508234
508235
508236
508237
508238
508239
508240
508241
508242
508243
508244
508245
508246
508247
508248
508249
508250
508251
508252
508253
508254
508255
508256
508257
508258
508259
508260
508261
508262
508263
508264
508265
508266
508267
508268
508269
508270
508271
508272
508273
508274
508275
508276
508277
508278
508279
508280
508281
508282
508283
508284
508285
508286
508287
508288
508289
508290
508291
508292
508293
508294
508295
508296
508297
508298
508299
508300
508301
508302
508303
508304
508305
508306
508307
508308
508309
508310
508311
508312
508313
508314
508315
508316
508317
508318
508319
508320
508321
508322
508323
508324
508325
508326
508327
508328
508329
508330
508331
508332
508333
508334
508335
508336
508337
508338
508339
508340
508341
508342
508343
508344
508345
508346
508347
508348
508349
508350
508351
508352
508353
508354
508355
508356
508357
508358
508359
508360
508361
508362
508363
508364
508365
508366
508367
508368
508369
508370
508371
508372
508373
508374
508375
508376
508377
508378
508379
508380
508381
508382
508383
508384
508385
508386
508387
508388
508389
508390
508391
508392
508393
508394
508395
508396
508397
508398
508399
508400
508401
508402
508403
508404
508405
508406
508407
508408
508409
508410
508411
508412
508413
508414
508415
508416
508417
508418
508419
508420
508421
508422
508423
508424
508425
508426
508427
508428
508429
508430
508431
508432
508433
508434
508435
508436
508437
508438
508439
508440
508441
508442
508443
508444
508445
508446
508447
508448
508449
508450
508451
508452
508453
508454
508455
508456
508457
508458
508459
508460
508461
508462
508463
508464
508465
508466
508467
508468
508469
508470
508471
508472
508473
508474
508475
508476
508477
508478
508479
508480
508481
508482
508483
508484
508485
508486
508487
508488
508489
508490
508491
508492
508493
508494
508495
508496
508497
508498
508499
508500
508501
508502
508503
508504
508505
508506
508507
508508
508509
508510
508511
508512
508513
508514
508515
508516
508517
513864
513865
513866
513867
513868
513869
513870
513871
513872
513873
513874
513875
513876
513877
513878
513879
513880
513881
513882
513883
513884
513885
513886
513887
513888
513889
513890
513891
513892
513893
513894
513895
513896
513897
513898
513899
513900
513901
513902
513903
513904
513905
513906
513907
513908
513909
513910
513911
513912
513913
513914
513915
513916
513917
513918
513919
513920
513921
513922
513923
513924
513925
513926
513927
513945
513946
513947
513948
513949
513950
513951
513952
513953
513954
513955
513956
513957
513958
513959
513960
513961
513962
513963
513964
513965
513966
513967
513968
513969
513970
513971
513972
513973
513974
513975
513976
513977
513978
513979
513980
513981
513982
513983
513984
513985
513986
513987
513988
513989
513990
513991
513992
513993
513994
513995
513996
513997
513998
513999
514000
514001
514002
514003
514004
514005
514006
514007
514008
514009
514010
514011
514012
514013
514014
514015
514016
514017
514018
514019
514020
514021
514022
514023
514024
514025
514026
514027
514028
514029
514030
514031
514032
514033
514034
514035
514036
514037
514038
514039
514040
514041
514042
514043
514044
514045
514046
514047
514048
514049
514050
514051
514052
514053
514054
514055
514056
514057
514058
514059
514060
514061
514062
514063
514064
514065
514066
514067
514068
514069
514070
514071
514072
514073
514074
514075
514076
514077
514078
514079
514080
514081
514082
514083
514084
514085
514086
514087
514088
514089
514090
514091
514092
514093
514094
514095
514096
514097
514098
514099
514100
514101
514102
514103
514104
514105
514106
514107
514108
514109
514110
514111
514112
514113
514114
514115
514116
514117
514118
514119
514120
514121
514122
514123
514124
514125
514126
514127
514128
514129
514130
514131
514132
514133
514134
514135
514136
514137
514138
514139
514140
514141
514142
514143
514144
514145
514146
514147
514148
514149
514150
514151
514152
514153
514154
514155
514156
514157
514158
514159
514160
514161
514162
514163
514164
514165
514166
514167
514168
514169
514170
514171
514172
514173
514174
514175
514176
514177
514178
514179
514180
514181
514182
514183
514184
514185
514186
514187
514188
514189
514190
514191
514192
514193
514194
514195
514196
514197
514198
514199
514200
514201
514202
514203
514204
514205
514206
514207
514208
514209
514210
514211
514212
514213
514214
514215
514216
514217
514218
514219
514220
514221
514222
514223
514224
514225
514226
514227
514228
514229
514230
514231
514232
514233
514234
514235
514236
514237
514238
514239
514240
514241
514242
514243
514244
514245
514246
514247
514248
514249
514250
514251
514252
514253
514254
514255
514256
514257
514258
514259
514260
514261
514262
514263
514264
514265
514266
514267
514268
514269
514270
514271
514272
514273
514274
514275
514276
514277
514278
514279
514280
514281
514282
514283
514284
514285
514286
514287
514288
514289
514290
514291
514292
514293
514294
514295
514296
514297
514298
514299
514300
514301
514302
514303
514304
514305
514306
514307
514308
514309
514310
514311
514312
514313
514314
514315
514316
514317
514318
514319
514320
514321
514322
514323
514324
514325
514326
514327
514328
514329
514330
514331
514332
514333
514334
514335
514336
514337
514338
514339
514340
514341
514342
514343
514344
514345
514346
514347
514348
514349
514350
514351
514352
514353
514354
514355
514356
514357
514358
514359
514360
514361
514362
514363
514364
514365
514366
514367
514368
514369
514370
514371
514372
514373
514374
514375
514376
514377
514378
514379
514380
514381
514382
514383
514384
514385
514386
514387
514388
514389
514390
514391
514392
514393
514394
514395
514396
514397
514398
514399
514400
514401
514402
514403
514404
514405
514406
514407
514408
514409
514410
514411
514412
514413
514414
514415
514416
514417
514418
514419
514420
514421
514422
514423
514424
514425
514426
514427
514428
514429
514430
514431
514432
514433
514434
514435
514436
514437
514438
514439
514440
514441
514442
514443
514444
514445
514446
514447
514448
514449
514450
514451
514452
514453
514454
514455
514456
514457
514458
514459
514460
514461
514462
514463
514464
514465
514466
514467
514468
514469
514470
514471
514472
514473
514474
514475
514476
514477
514478
514479
514480
514481
514482
514483
514484
514485
514486
514487
514488
514489
514490
514491
514492
514493
514494
514495
514496
514497
514498
514499
514500
514501
514502
514503
514504
514505
514506
514507
514508
514509
514510
514511
514512
514513
514514
514515
514516
514517
514518
514519
514520
514521
514522
514523
514524
514525
514526
514527
514528
514529
514530
514531
514532
514533
514534
514535
514536
514537
514538
514539
514540
514541
514542
514543
514544
514545
514546
514547
514548
514549
514550
514551
514552
514553
514554
514555
514556
514557
514558
514559
514560
514561
514562
514563
514564
514565
514566
514567
514568
514569
514570
514571
514572
514573
514574
514575
514576
514577
514578
514579
514580
514581
514582
514583
514584
514585
514586
514587
514588
514589
514590
514591
514592
514593
514594
514595
514596
514597
514598
514599
514600
514601
514602
514603
514604
514605
514606
514607
514608
514609
514610
514611
514612
514613
514614
514615
514616
514617
514618
514619
514620
514621
514622
514623
514624
514625
514626
514627
514628
514629
514630
514631
514632
514633
514634
514635
514636
514637
514638
514639
514640
514641
514642
514643
514644
514645
514646
514647
514648
514649
514650
514651
514652
514653
514654
514655
514656
514657
514658
514659
514660
514661
514662
514663
514664
514665
514666
514667
514668
514669
514670
514671
514672
514673
514674
514675
514676
514677
514678
514679
514680
514681
514682
514683
514684
514685
514686
514687
514688
514689
514690
514691
514692
514693
514694
514695
514696
514697
514698
514699
514700
514701
514702
514703
514704
514705
514706
514707
514708
514709
514710
514711
514712
514713
514714
514715
514716
514717
514718
514719
514720
514721
514722
514723
514724
514725
514726
514727
514728
514729
514730
514731
514732
514733
514734
514735
514736
514737
514738
514739
514740
514741
514742
514743
514744
514745
514746
514747
514748
514749
514750
514751
514752
514753
514754
514755
514756
514757
514758
514759
514760
514761
514762
514763
514764
514765
514766
514767
514768
514769
514770
514771
514772
514773
514774
514775
514776
514777
514778
514779
514780
514781
514782
514783
514784
514785
514786
514787
514788
514789
514790
514791
514792
514793
514794
514795
514796
514797
514798
514799
514800
514801
514802
514803
514804
514805
514806
514807
514808
514809
514810
514811
514812
514813
514814
514815
514816
514817
514818
514819
514820
514821
514822
514823
514824
514825
514826
514827
514828
514829
514830
514831
514832
514833
514834
514835
514836
514837
514838
514839
514840
514841
514842
514843
514844
514845
514846
514847
514848
514849
514850
514851
514852
514853
514854
514855
514856
514857
514858
514859
514860
514861
514862
514863
514864
514865
514866
514867
514868
514869
514870
514871
514872
514873
514874
514875
514876
514877
514878
514879
514880
514881
514882
514883
514884
514885
514886
514887
514888
514889
514890
514891
514892
514893
514894
514895
514896
514897
514898
514899
514900
514901
514902
514903
514904
514905
514906
514907
514908
514909
514910
514911
514912
514913
514914
514915
514916
514917
514918
514919
514920
514921
514922
514923
514924
514925
514926
514927
514928
514929
514930
514931
514932
514933
514934
514935
514936
514937
514938
514939
514940
514941
514942
514943
514944
514945
514946
514947
514948
514949
514950
514951
514952
514953
514954
514955
514956
514957
514958
514959
514960
514961
514962
514963
514964
514965
514966
514967
514968
514969
514970
514971
514972
514973
514974
514975
514976
514977
514978
514979
514980
514981
514982
514983
514984
514985
514986
514987
514988
514989
514990
514991
514992
514993
514994
514995
514996
514997
514998
514999
515000
515001
515002
515003
515004
515005
515006
515007
515008
515009
515010
515011
515012
515013
515014
515015
515016
515017
515018
515019
515020
515021
515022
515023
515024
515025
515026
515027
515028
515029
515030
515031
515032
515033
515034
515035
515036
515037
515038
515039
515040
515041
515042
515043
515044
515045
515046
515047
515048
515049
515050
515051
515052
515053
515054
515055
515056
515057
515058
515059
515060
515061
515062
515063
515064
515065
515066
515067
515068
515069
515070
515071
515072
515073
515074
515075
515076
515077
515078
520425
520426
520427
520428
520429
520430
520431
520432
520433
520434
520435
520436
520437
520438
520439
520440
520441
520442
520443
520444
520445
520446
520447
520448
520449
520450
520451
520452
520453
520454
520455
520456
520457
520458
520459
520460
520461
520462
520463
520464
520465
520466
520467
520468
520469
520470
520471
520472
520473
520474
520475
520476
520477
520478
520479
520480
520481
520482
520483
520484
520485
520486
520487
520488
520489
520506
520507
520508
520509
520510
520511
520512
520513
520514
520515
520516
520517
520518
520519
520520
520521
520522
520523
520524
520525
520526
520527
520528
520529
520530
520531
520532
520533
520534
520535
520536
520537
520538
520539
520540
520541
520542
520543
520544
520545
520546
520547
520548
520549
520550
520551
520552
520553
520554
520555
520556
520557
520558
520559
520560
520561
520562
520563
520564
520565
520566
520567
520568
520569
520570
520571
520572
520573
520574
520575
520576
520577
520578
520579
520580
520581
520582
520583
520584
520585
520586
520587
520588
520589
520590
520591
520592
520593
520594
520595
520596
520597
520598
520599
520600
520601
520602
520603
520604
520605
520606
520607
520608
520609
520610
520611
520612
520613
520614
520615
520616
520617
520618
520619
520620
520621
520622
520623
520624
520625
520626
520627
520628
520629
520630
520631
520632
520633
520634
520635
520636
520637
520638
520639
520640
520641
520642
520643
520644
520645
520646
520647
520648
520649
520650
520651
520652
520653
520654
520655
520656
520657
520658
520659
520660
520661
520662
520663
520664
520665
520666
520667
520668
520669
520670
520671
520672
520673
520674
520675
520676
520677
520678
520679
520680
520681
520682
520683
520684
520685
520686
520687
520688
520689
520690
520691
520692
520693
520694
520695
520696
520697
520698
520699
520700
520701
520702
520703
520704
520705
520706
520707
520708
520709
520710
520711
520712
520713
520714
520715
520716
520717
520718
520719
520720
520721
520722
520723
520724
520725
520726
520727
520728
520729
520730
520731
520732
520733
520734
520735
520736
520737
520738
520739
520740
520741
520742
520743
520744
520745
520746
520747
520748
520749
520750
520751
520752
520753
520754
520755
520756
520757
520758
520759
520760
520761
520762
520763
520764
520765
520766
520767
520768
520769
520770
520771
520772
520773
520774
520775
520776
520777
520778
520779
520780
520781
520782
520783
520784
520785
520786
520787
520788
520789
520790
520791
520792
520793
520794
520795
520796
520797
520798
520799
520800
520801
520802
520803
520804
520805
520806
520807
520808
520809
520810
520811
520812
520813
520814
520815
520816
520817
520818
520819
520820
520821
520822
520823
520824
520825
520826
520827
520828
520829
520830
520831
520832
520833
520834
520835
520836
520837
520838
520839
520840
520841
520842
520843
520844
520845
520846
520847
520848
520849
520850
520851
520852
520853
520854
520855
520856
520857
520858
520859
520860
520861
520862
520863
520864
520865
520866
520867
520868
520869
520870
520871
520872
520873
520874
520875
520876
520877
520878
520879
520880
520881
520882
520883
520884
520885
520886
520887
520888
520889
520890
520891
520892
520893
520894
520895
520896
520897
520898
520899
520900
520901
520902
520903
520904
520905
520906
520907
520908
520909
520910
520911
520912
520913
520914
520915
520916
520917
520918
520919
520920
520921
520922
520923
520924
520925
520926
520927
520928
520929
520930
520931
520932
520933
520934
520935
520936
520937
520938
520939
520940
520941
520942
520943
520944
520945
520946
520947
520948
520949
520950
520951
520952
520953
520954
520955
520956
520957
520958
520959
520960
520961
520962
520963
520964
520965
520966
520967
520968
520969
520970
520971
520972
520973
520974
520975
520976
520977
520978
520979
520980
520981
520982
520983
520984
520985
520986
520987
520988
520989
520990
520991
520992
520993
520994
520995
520996
520997
520998
520999
521000
521001
521002
521003
521004
521005
521006
521007
521008
521009
521010
521011
521012
521013
521014
521015
521016
521017
521018
521019
521020
521021
521022
521023
521024
521025
521026
521027
521028
521029
521030
521031
521032
521033
521034
521035
521036
521037
521038
521039
521040
521041
521042
521043
521044
521045
521046
521047
521048
521049
521050
521051
521052
521053
521054
521055
521056
521057
521058
521059
521060
521061
521062
521063
521064
521065
521066
521067
521068
521069
521070
521071
521072
521073
521074
521075
521076
521077
521078
521079
521080
521081
521082
521083
521084
521085
521086
521087
521088
521089
521090
521091
521092
521093
521094
521095
521096
521097
521098
521099
521100
521101
521102
521103
521104
521105
521106
521107
521108
521109
521110
521111
521112
521113
521114
521115
521116
521117
521118
521119
521120
521121
521122
521123
521124
521125
521126
521127
521128
521129
521130
521131
521132
521133
521134
521135
521136
521137
521138
521139
521140
521141
521142
521143
521144
521145
521146
521147
521148
521149
521150
521151
521152
521153
521154
521155
521156
521157
521158
521159
521160
521161
521162
521163
521164
521165
521166
521167
521168
521169
521170
521171
521172
521173
521174
521175
521176
521177
521178
521179
521180
521181
521182
521183
521184
521185
521186
521187
521188
521189
521190
521191
521192
521193
521194
521195
521196
521197
521198
521199
521200
521201
521202
521203
521204
521205
521206
521207
521208
521209
521210
521211
521212
521213
521214
521215
521216
521217
521218
521219
521220
521221
521222
521223
521224
521225
521226
521227
521228
521229
521230
521231
521232
521233
521234
521235
521236
521237
521238
521239
521240
521241
521242
521243
521244
521245
521246
521247
521248
521249
521250
521251
521252
521253
521254
521255
521256
521257
521258
521259
521260
521261
521262
521263
521264
521265
521266
521267
521268
521269
521270
521271
521272
521273
521274
521275
521276
521277
521278
521279
521280
521281
521282
521283
521284
521285
521286
521287
521288
521289
521290
521291
521292
521293
521294
521295
521296
521297
521298
521299
521300
521301
521302
521303
521304
521305
521306
521307
521308
521309
521310
521311
521312
521313
521314
521315
521316
521317
521318
521319
521320
521321
521322
521323
521324
521325
521326
521327
521328
521329
521330
521331
521332
521333
521334
521335
521336
521337
521338
521339
521340
521341
521342
521343
521344
521345
521346
521347
521348
521349
521350
521351
521352
521353
521354
521355
521356
521357
521358
521359
521360
521361
521362
521363
521364
521365
521366
521367
521368
521369
521370
521371
521372
521373
521374
521375
521376
521377
521378
521379
521380
521381
521382
521383
521384
521385
521386
521387
521388
521389
521390
521391
521392
521393
521394
521395
521396
521397
521398
521399
521400
521401
521402
521403
521404
521405
521406
521407
521408
521409
521410
521411
521412
521413
521414
521415
521416
521417
521418
521419
521420
521421
521422
521423
521424
521425
521426
521427
521428
521429
521430
521431
521432
521433
521434
521435
521436
521437
521438
521439
521440
521441
521442
521443
521444
521445
521446
521447
521448
521449
521450
521451
521452
521453
521454
521455
521456
521457
521458
521459
521460
521461
521462
521463
521464
521465
521466
521467
521468
521469
521470
521471
521472
521473
521474
521475
521476
521477
521478
521479
521480
521481
521482
521483
521484
521485
521486
521487
521488
521489
521490
521491
521492
521493
521494
521495
521496
521497
521498
521499
521500
521501
521502
521503
521504
521505
521506
521507
521508
521509
521510
521511
521512
521513
521514
521515
521516
521517
521518
521519
521520
521521
521522
521523
521524
521525
521526
521527
521528
521529
521530
521531
521532
521533
521534
521535
521536
521537
521538
521539
521540
521541
521542
521543
521544
521545
521546
521547
521548
521549
521550
521551
521552
521553
521554
521555
521556
521557
521558
521559
521560
521561
521562
521563
521564
521565
521566
521567
521568
521569
521570
521571
521572
521573
521574
521575
521576
521577
521578
521579
521580
521581
521582
521583
521584
521585
521586
521587
521588
521589
521590
521591
521592
521593
521594
521595
521596
521597
521598
521599
521600
521601
521602
521603
521604
521605
521606
521607
521608
521609
521610
521611
521612
521613
521614
521615
521616
521617
521618
521619
521620
521621
521622
521623
521624
521625
521626
521627
521628
521629
521630
521631
521632
521633
521634
521635
521636
521637
521638
521639
526986
526987
526988
526989
526990
526991
526992
526993
526994
526995
526996
526997
526998
526999
527000
527001
527002
527003
527004
527005
527006
527007
527008
527009
527010
527011
527012
527013
527014
527015
527016
527017
527018
527019
527020
527021
527022
527023
527024
527025
527026
527027
527028
527029
527030
527031
527032
527033
527034
527035
527036
527037
527038
527039
527040
527041
527042
527043
527044
527045
527046
527047
527048
527049
527050
527067
527068
527069
527070
527071
527072
527073
527074
527075
527076
527077
527078
527079
527080
527081
527082
527083
527084
527085
527086
527087
527088
527089
527090
527091
527092
527093
527094
527095
527096
527097
527098
527099
527100
527101
527102
527103
527104
527105
527106
527107
527108
527109
527110
527111
527112
527113
527114
527115
527116
527117
527118
527119
527120
527121
527122
527123
527124
527125
527126
527127
527128
527129
527130
527131
527132
527133
527134
527135
527136
527137
527138
527139
527140
527141
527142
527143
527144
527145
527146
527147
527148
527149
527150
527151
527152
527153
527154
527155
527156
527157
527158
527159
527160
527161
527162
527163
527164
527165
527166
527167
527168
527169
527170
527171
527172
527173
527174
527175
527176
527177
527178
527179
527180
527181
527182
527183
527184
527185
527186
527187
527188
527189
527190
527191
527192
527193
527194
527195
527196
527197
527198
527199
527200
527201
527202
527203
527204
527205
527206
527207
527208
527209
527210
527211
527212
527213
527214
527215
527216
527217
527218
527219
527220
527221
527222
527223
527224
527225
527226
527227
527228
527229
527230
527231
527232
527233
527234
527235
527236
527237
527238
527239
527240
527241
527242
527243
527244
527245
527246
527247
527248
527249
527250
527251
527252
527253
527254
527255
527256
527257
527258
527259
527260
527261
527262
527263
527264
527265
527266
527267
527268
527269
527270
527271
527272
527273
527274
527275
527276
527277
527278
527279
527280
527281
527282
527283
527284
527285
527286
527287
527288
527289
527290
527291
527292
527293
527294
527295
527296
527297
527298
527299
527300
527301
527302
527303
527304
527305
527306
527307
527308
527309
527310
527311
527312
527313
527314
527315
527316
527317
527318
527319
527320
527321
527322
527323
527324
527325
527326
527327
527328
527329
527330
527331
527332
527333
527334
527335
527336
527337
527338
527339
527340
527341
527342
527343
527344
527345
527346
527347
527348
527349
527350
527351
527352
527353
527354
527355
527356
527357
527358
527359
527360
527361
527362
527363
527364
527365
527366
527367
527368
527369
527370
527371
527372
527373
527374
527375
527376
527377
527378
527379
527380
527381
527382
527383
527384
527385
527386
527387
527388
527389
527390
527391
527392
527393
527394
527395
527396
527397
527398
527399
527400
527401
527402
527403
527404
527405
527406
527407
527408
527409
527410
527411
527412
527413
527414
527415
527416
527417
527418
527419
527420
527421
527422
527423
527424
527425
527426
527427
527428
527429
527430
527431
527432
527433
527434
527435
527436
527437
527438
527439
527440
527441
527442
527443
527444
527445
527446
527447
527448
527449
527450
527451
527452
527453
527454
527455
527456
527457
527458
527459
527460
527461
527462
527463
527464
527465
527466
527467
527468
527469
527470
527471
527472
527473
527474
527475
527476
527477
527478
527479
527480
527481
527482
527483
527484
527485
527486
527487
527488
527489
527490
527491
527492
527493
527494
527495
527496
527497
527498
527499
527500
527501
527502
527503
527504
527505
527506
527507
527508
527509
527510
527511
527512
527513
527514
527515
527516
527517
527518
527519
527520
527521
527522
527523
527524
527525
527526
527527
527528
527529
527530
527531
527532
527533
527534
527535
527536
527537
527538
527539
527540
527541
527542
527543
527544
527545
527546
527547
527548
527549
527550
527551
527552
527553
527554
527555
527556
527557
527558
527559
527560
527561
527562
527563
527564
527565
527566
527567
527568
527569
527570
527571
527572
527573
527574
527575
527576
527577
527578
527579
527580
527581
527582
527583
527584
527585
527586
527587
527588
527589
527590
527591
527592
527593
527594
527595
527596
527597
527598
527599
527600
527601
527602
527603
527604
527605
527606
527607
527608
527609
527610
527611
527612
527613
527614
527615
527616
527617
527618
527619
527620
527621
527622
527623
527624
527625
527626
527627
527628
527629
527630
527631
527632
527633
527634
527635
527636
527637
527638
527639
527640
527641
527642
527643
527644
527645
527646
527647
527648
527649
527650
527651
527652
527653
527654
527655
527656
527657
527658
527659
527660
527661
527662
527663
527664
527665
527666
527667
527668
527669
527670
527671
527672
527673
527674
527675
527676
527677
527678
527679
527680
527681
527682
527683
527684
527685
527686
527687
527688
527689
527690
527691
527692
527693
527694
527695
527696
527697
527698
527699
527700
527701
527702
527703
527704
527705
527706
527707
527708
527709
527710
527711
527712
527713
527714
527715
527716
527717
527718
527719
527720
527721
527722
527723
527724
527725
527726
527727
527728
527729
527730
527731
527732
527733
527734
527735
527736
527737
527738
527739
527740
527741
527742
527743
527744
527745
527746
527747
527748
527749
527750
527751
527752
527753
527754
527755
527756
527757
527758
527759
527760
527761
527762
527763
527764
527765
527766
527767
527768
527769
527770
527771
527772
527773
527774
527775
527776
527777
527778
527779
527780
527781
527782
527783
527784
527785
527786
527787
527788
527789
527790
527791
527792
527793
527794
527795
527796
527797
527798
527799
527800
527801
527802
527803
527804
527805
527806
527807
527808
527809
527810
527811
527812
527813
527814
527815
527816
527817
527818
527819
527820
527821
527822
527823
527824
527825
527826
527827
527828
527829
527830
527831
527832
527833
527834
527835
527836
527837
527838
527839
527840
527841
527842
527843
527844
527845
527846
527847
527848
527849
527850
527851
527852
527853
527854
527855
527856
527857
527858
527859
527860
527861
527862
527863
527864
527865
527866
527867
527868
527869
527870
527871
527872
527873
527874
527875
527876
527877
527878
527879
527880
527881
527882
527883
527884
527885
527886
527887
527888
527889
527890
527891
527892
527893
527894
527895
527896
527897
527898
527899
527900
527901
527902
527903
527904
527905
527906
527907
527908
527909
527910
527911
527912
527913
527914
527915
527916
527917
527918
527919
527920
527921
527922
527923
527924
527925
527926
527927
527928
527929
527930
527931
527932
527933
527934
527935
527936
527937
527938
527939
527940
527941
527942
527943
527944
527945
527946
527947
527948
527949
527950
527951
527952
527953
527954
527955
527956
527957
527958
527959
527960
527961
527962
527963
527964
527965
527966
527967
527968
527969
527970
527971
527972
527973
527974
527975
527976
527977
527978
527979
527980
527981
527982
527983
527984
527985
527986
527987
527988
527989
527990
527991
527992
527993
527994
527995
527996
527997
527998
527999
528000
528001
528002
528003
528004
528005
528006
528007
528008
528009
528010
528011
528012
528013
528014
528015
528016
528017
528018
528019
528020
528021
528022
528023
528024
528025
528026
528027
528028
528029
528030
528031
528032
528033
528034
528035
528036
528037
528038
528039
528040
528041
528042
528043
528044
528045
528046
528047
528048
528049
528050
528051
528052
528053
528054
528055
528056
528057
528058
528059
528060
528061
528062
528063
528064
528065
528066
528067
528068
528069
528070
528071
528072
528073
528074
528075
528076
528077
528078
528079
528080
528081
528082
528083
528084
528085
528086
528087
528088
528089
528090
528091
528092
528093
528094
528095
528096
528097
528098
528099
528100
528101
528102
528103
528104
528105
528106
528107
528108
528109
528110
528111
528112
528113
528114
528115
528116
528117
528118
528119
528121
528122
528123
528124
528125
528126
528127
528128
528129
528130
528131
528132
528133
528134
528135
528136
528137
528138
528139
528140
528141
528142
528143
528144
528145
528146
528147
528148
528149
528150
528151
528152
528153
528154
528155
528156
528157
528158
528159
528160
528161
528162
528163
528164
528165
528166
528167
528168
528169
528170
528171
528172
528173
528174
528175
528176
528177
528178
528179
528180
528181
528182
528183
528184
528185
528186
528187
528188
528189
528190
528191
528192
528193
528194
528195
528196
528197
528198
528199
528200
)


// ************************************************************************* //
